country,year,coal,natural_gas,nuclear,nuclear_renewables_other,petroleum,renewables_other,total_energy
Afghanistan,1980,0.0023552858074806,0.06282,0.0,0.0024260327011539,0.0,0.0024260327011539,0.0676013185086346
Afghanistan,1981,0.0024740397484436,0.082713,0.0,0.0024601541174852,0.0,0.0024601541174852,0.0876471938659289
Afghanistan,1982,0.0028698861584694,0.084807,0.0,0.0024123841346214,0.0,0.0024123841346214,0.0900892702930909
Afghanistan,1983,0.0028698861584694,0.088995,0.0,0.0025454576583134,0.0,0.0025454576583134,0.0944103438167829
Afghanistan,1984,0.0029292630391745,0.088995,0.0,0.0025829912162778,0.0,0.0025829912162778,0.0945072542554524
Afghanistan,1985,0.0029886400994325,0.109935,0.0,0.0026273490575085,0.0,0.0026273490575085,0.115550989156941
Afghanistan,1986,0.0031667709211006,0.109935,0.0,0.0024328569844202,0.0,0.0024328569844202,0.1155346279055208
Afghanistan,1987,0.0033053171556319,0.103653,0.0,0.0025795790746447,0.0,0.0025795790746447,0.1095378962302767
Afghanistan,1988,0.002731339923938,0.110982,0.0,0.0025386333750471,0.0,0.0025386333750471,0.1162519732989852
Afghanistan,1989,0.0025136243355804,0.108888,0.0,0.0025591062248459,0.0,0.0025591062248459,0.1139607305604263
Afghanistan,1990,0.0020781933384178,0.1088905950095974,0.0,0.0025795790746447,0.0,0.0025795790746447,0.11354836742266
Afghanistan,1991,0.001860477929613,0.011517,0.0,0.0023304927354263,0.0,0.0023304927354263,0.0157079706650394
Afghanistan,1992,0.0001583385280997,0.0110924415,0.0,0.0016139429924695,0.0,0.0016139429924695,0.0128647230205692
Afghanistan,1993,0.0001385462345313,0.0110924415,0.0,0.0016037065675701,0.0,0.0016037065675701,0.0128346943021015
Afghanistan,1994,0.000118753940963,0.01108773,0.0,0.0015934701426707,0.0,0.0015934701426707,0.0127999540836337
Afghanistan,1995,9.89616473946e-05,0.00739182,0.0,0.0014058023528487,0.0,0.0014058023528487,0.0088965840002433
Afghanistan,1996,5.9376880705e-05,0.00850420515,0.0,0.0012317831295591,0.0,0.0012317831295591,0.0097953651602642
Afghanistan,1997,3.95845871367e-05,0.00850420515,0.0,0.0010987096058671,0.0,0.0010987096058671,0.0096424993430039
Afghanistan,1998,3.95845871367e-05,0.00850420515,0.0,0.0010236424899383,0.0,0.0010236424899383,0.009567432227075
Afghanistan,1999,1.97922935683e-05,0.00850420515,0.0,0.0010236424899383,0.0,0.0010236424899383,0.0095476399335067
Afghanistan,2000,1.97922935683e-05,0.00850420515,0.0,0.0010645881895359,0.0,0.0010645881895359,0.0095885856331042
Afghanistan,2001,0.0005146003509888,0.00184874025,0.0,0.0016992465332977,0.0,0.0016992465332977,0.0040625871342865
Afghanistan,2002,0.0004156387035941,0.00184874025,0.0,0.001893738606386,0.0,0.001893738606386,0.0041581175599801
Afghanistan,2003,0.0006927311726569,0.0007394961,0.0,0.0021496492288706,0.0,0.0021496492288706,0.0035818765015275
Afghanistan,2004,0.0006729388790885,0.0007394961,0.0,0.0019278600227172,0.0,0.0019278600227172,0.0033402950018058
Afghanistan,2005,0.0006531464059673,0.0007394961,0.0,0.0020131635635454,0.0,0.0020131635635454,0.0034058060695128
Afghanistan,2006,0.0006927311726569,0.0007394961,0.0,0.0021735342203024,0.0,0.0021735342203024,0.0036057614929594
Afghanistan,2007,0.0048095332623559,0.0014789922,0.0,0.0025522819415796,0.0,0.0025522819415796,0.0088408074039356
Afghanistan,2008,0.0068679343072055,0.00184874025,0.0,0.0018493807651553,0.0,0.0018493807651553,0.0105660553223608
Afghanistan,2009,0.0098961589937747,0.00110924415,0.0,0.0026481631214705,0.0,0.0026481631214705,0.0136535662652453
Afghanistan,2010,0.0148009796300774,0.00524668025871,0.0,0.002563542008969,0.0,0.002563542008969,0.0226112018977564
Afghanistan,2011,0.0243332113545556,0.00596768283126,0.0,0.002031247914201,0.0,0.002031247914201,0.0323321421000167
Afghanistan,2012,0.0345009079285961,0.00592701089127,0.0,0.0025181605252484,0.0,0.0025181605252484,0.0429460793451145
Afghanistan,2013,0.0369291566007854,0.00571255884405,0.0,0.0030197453453182,0.0,0.0030197453453182,0.0456614607901537
Afghanistan,2014,0.0474949334316035,0.00524668025871,0.0,0.0034121416331279,0.0,0.0034121416331279,0.0561537553234415
Afghanistan,2015,0.0415467233903681,0.00540567056958,0.0,0.0035281544486542,0.0,0.0035281544486542,0.0504805484086024
Afghanistan,2016,0.0459105977731249,0.00611188334577,0.0,0.0036168701311156,0.0,0.0036168701311156,0.0556393512500105
Afghanistan,2017,0.0412910371190495,0.00611188334577,0.0,0.0037124100968431,0.0,0.0037124100968431,0.0511153305616627
Afghanistan,2018,0.05681967775455,0.0059983377871362,0.0,0.0032927166759684,0.0,0.0032927166759684,0.0661107322176547
Afghanistan,2019,0.0602658795264585,0.0050390735848853,0.0,0.0043573048655043,0.0,0.0043573048655043,0.0696622579768482
Afghanistan,2020,0.0353306919130041,0.0031401220008376,0.0,0.0035963972813168,0.0,0.0035963972813168,0.0420672111951586
Afghanistan,2021,0.0539683893179604,,0.0,0.0031698795771758,0.0,0.0031698795771758,0.0571382688951363
Afghanistan,2022,0.0934167681416858,,0.0,0.0028389018387624,0.0,0.0028389018387624,0.0962556699804482
Afghanistan,2023,0.0151516504737595,,0.0,0.0028769471224318,0.0,0.0028769471224318,0.0180285975961913
Albania,1980,0.0132290386336457,0.01047,0.0,0.0099600414271004,0.0,0.0099600414271004,0.0336590800607462
Albania,1981,0.0143672210318745,0.011517,0.0,0.0102978434487801,0.0,0.0102978434487801,0.0361820644806546
Albania,1982,0.0158599193450817,0.01047,0.0,0.0105537540712647,0.0,0.0105537540712647,0.0368836734163464
Albania,1983,0.0172593240454514,0.011517,0.0,0.0108062525521161,0.0,0.0108062525521161,0.0395825765975676
Albania,1984,0.0187520222740241,0.011517,0.0,0.0110587510329676,0.1246123636363636,0.0110587510329676,0.1659401369433554
Albania,1985,0.0200581332769218,0.01047,0.0,0.0113112495138191,0.1150636363636369,0.0113112495138191,0.1569030191543778
Albania,1986,0.0202167325287704,0.014658,0.0,0.0114818565954755,0.1035572727272732,0.0114818565954755,0.1499138618515192
Albania,1987,0.019908863462528,0.016752,0.0,0.013576911558216,0.0920518518518521,0.013576911558216,0.1422896268725962
Albania,1988,0.0203753316959845,0.026175,0.0,0.012669281883804,0.0692277777777774,0.012669281883804,0.128447391357566
Albania,1989,0.0204592959560017,0.026175,0.0,0.01312309672101,0.0690386308439583,0.01312309672101,0.1287960235209702
Albania,1990,0.0193210896908255,0.0094251533742331,0.0,0.0096222394054207,0.0460257538959722,0.0096222394054207,0.0843942363664516
Albania,1991,0.0101410065156578,0.00522,0.0,0.0118844893081846,0.0379428749241042,0.0118844893081846,0.0651883707479466
Albania,1992,0.003414543132227,0.003760488,0.0,0.0108744953847787,0.0276911111111109,0.0108744953847787,0.0457406376281167
Albania,1993,0.0019964815035425,0.001105596,0.0,0.0111952366982927,0.0253141646427847,0.0111952366982927,0.03961147884462
Albania,1994,0.0015766606266294,0.00110664,0.0,0.0127375247164666,0.0230128769479861,0.0127375247164666,0.0384337022910821
Albania,1995,0.0007463482256233,0.00110664,0.0,0.0142013334770784,0.0207115892531875,0.0142013334770784,0.0367659109558893
Albania,1996,0.001054216868693,0.0011060658,0.0,0.0193434309182022,0.0207683333333332,0.0193434309182022,0.0422720469202285
Albania,1997,0.0003638447599914,0.0007373772,0.0,0.0169856410497108,0.0164551086181946,0.0169856410497108,0.0345419716278969
Albania,1998,0.0004571382881943,0.0011060658,0.0,0.0166239540365993,0.0172363926381298,0.0166239540365993,0.0354235507629234
Albania,1999,0.0004571382881943,0.0007373772,0.0,0.0178489128828922,0.0148668481198137,0.0178489128828922,0.0339102764909003
Albania,2000,0.0002798805846087,0.0011060658,0.0,0.0155184201474658,0.0131901992592591,0.0155184201474658,0.0300945657913338
Albania,2001,0.0001959164092261,0.0011060658,0.0,0.0120073264069772,0.0129424419955473,0.0120073264069772,0.0262517506117507
Albania,2002,0.0001399402923043,0.0011060658,0.0,0.0118640164583858,0.0163529503592389,0.0118640164583858,0.0294629729099291
Albania,2003,0.0005411024635769,0.0011060658,0.0,0.0174599287367156,0.0138077261687916,0.0174599287367156,0.0329148231690843
Albania,2004,0.0005411024635769,0.0011060658,0.0,0.0184630983768552,0.016153148148148,0.0184630983768552,0.0362634147885803
Albania,2005,0.0004198208769131,0.0011060658,0.0,0.0181491813466075,0.0161090138635902,0.0181491813466075,0.0357840818871109
Albania,2006,0.0004198208769131,0.0011060658,0.0,0.0168935132256164,0.0207115892531875,0.0168935132256164,0.0391309891557171
Albania,2007,0.0004198208769131,0.0003651571,0.0,0.0094175109074331,0.0230128769479861,0.0094175109074331,0.0332153658323323
Albania,2008,0.0005690905220378,0.00107110395,0.0,0.0128262403989279,0.0230759259259258,0.0128262403989279,0.0375423607968915
Albania,2009,9.32935282029e-05,0.00107110395,0.0,0.0177465486338984,0.0230128769479861,0.0177465486338984,0.0419238230600874
Albania,2010,9.32935282029e-05,0.00035279685,0.0,0.0258213818086956,0.0299167400323819,0.0258213818086956,0.0561842122192805
Albania,2011,4.66467641014e-05,0.00035279685,0.0,0.0141016989413911,0.0368206031167777,0.0141016989413911,0.0513217456722704
Albania,2012,6.5305469742e-05,0.000599754645,0.0,0.0161254401439993,0.0415366666666664,0.0161254401439993,0.0583271669254078
Albania,2013,8.39641753826e-05,0.000670314015,0.0,0.0237485057665704,0.0483270415907708,0.0237485057665704,0.0728298255477239
Albania,2014,0.0001553337117626,0.00112894992,0.0,0.0161223692165295,0.0552309046751666,0.0161223692165295,0.0726375575234588
Albania,2015,0.0002267032481427,0.001234788975,0.0,0.0201179870689223,0.052929616980368,0.0201179870689223,0.0745090962724331
Albania,2016,0.000130610939484,0.0015875723385,0.0,0.0265601104722678,0.043844259259259,0.0265601104722678,0.072122553009511
Albania,2017,0.0004291502297334,0.001763969265,0.0,0.015443353031537,0.0391218908115764,0.015443353031537,0.0567583633378469
Albania,2018,0.0009142765763886,0.001514288878317,0.0,0.0291840473881432,0.0368206031167777,0.0291840473881432,0.0684332159596267
Albania,2019,0.0011355555952106,0.002749278083886,0.0,0.017763609342064,0.041423178506375,0.017763609342064,0.0630716215275357
Albania,2020,0.0011848278081771,0.001965963256812,0.0,0.0181297321392986,0.0398323456096941,0.0181297321392986,0.061112868813982
Albania,2021,0.0022460323621325,0.002080411714791,0.0,0.0304943097752644,0.0370353038013558,0.0304943097752644,0.0718560576535437
Albania,2022,0.0063336294522021,0.001785942476793,0.0,0.0237962757494342,0.0345271019707547,0.0237962757494342,0.0664429496491841
Albania,2023,0.0074607475782435,0.001763142746346,0.0,0.0307297475479502,0.0321876065953246,0.0307297475479502,0.0721412444678644
Algeria,1980,7.5920061049e-05,0.48498,0.0,0.0008462111250157,0.0,0.0008462111250157,0.4859021311860647
Algeria,1981,0.0002404135266552,0.91096,0.0,0.0012351952711923,0.0,0.0012351952711923,0.9124356087978476
Algeria,1982,0.0004049069922613,1.11156,0.0,0.0016173551341026,0.0,0.0016173551341026,1.113582262126364
Algeria,1983,0.0005694004578675,1.55052,0.0,0.0007950290005188,0.0,0.0007950290005188,1.5518844294583864
Algeria,1984,0.0005757271296216,1.6048,0.0,0.001760665082694,2.096330272583824,0.001760665082694,3.70346666479614
Algeria,1985,0.0005820538013757,1.6048,0.0,0.0021803585035687,2.205818794406931,0.0021803585035687,3.8133812067118753
Algeria,1986,0.0002783735571797,1.5694,0.0,0.0008427989833826,2.3720541492063507,0.0008427989833826,3.942575321746913
Algeria,1987,0.0002404135266552,1.7995,0.0,0.0016753615418658,2.4113004351144918,0.0016753615418658,4.212716210183012
Algeria,1988,0.000253067099742,1.9293,0.0,0.0006175976355961,2.442548113846159,0.0006175976355961,4.372718778581497
Algeria,1989,0.0002277602979363,2.01662,0.0,0.0008973932495126,2.4922570049495643,0.0008973932495126,4.510002158497013
Algeria,1990,0.0002720471150043,2.10866,0.0,0.0004572269788391,2.6119045252837383,0.0004572269788391,4.721293799377582
Algeria,1991,0.0003163339320722,2.28094,0.0,0.0009895210736071,2.5805935836696148,0.0009895210736071,4.8628394386752944
Algeria,1992,0.0003796007644024,2.32528086,0.0,0.0006721919017262,2.576250843272389,0.0006721919017262,4.902583495938518
Algeria,1993,0.0005061344290627,2.24443788,0.0,0.0011908374299616,2.557636206809589,0.0011908374299616,4.803771058668614
Algeria,1994,0.0005820538013757,2.1319296,0.0,0.0005595912278329,2.5144256599937007,0.0005595912278329,4.647496905022909
Algeria,1995,0.0005567478030954,2.421124,0.0,0.0006517190519274,2.545357513745277,0.0006517190519274,4.9676899806003
Algeria,1996,0.0003036807033533,2.47277431065,0.0,0.0004572269788391,2.73920192717529,0.0004572269788391,5.212737145507482
Algeria,1997,0.0002783735571797,2.7422203445,0.0,0.0002524984808514,2.799120259331658,0.0002524984808514,5.54187147586969
Algeria,1998,0.0001391870081685,2.93525036875,0.0,0.0007267861678562,2.795852305769237,0.0007267861678562,5.731968647695262
Algeria,1999,2.27762249355e-05,3.24091440715,0.0,0.0006858404682587,2.684398434110977,0.0006858404682587,5.926021457954171
Algeria,2000,0.0,3.3129524162,0.0,0.0001808435065557,2.8092140930958447,0.0001808435065557,6.1223473528024
Algeria,2001,0.0,3.1410163946,0.0,0.0002320256310526,2.9455716428121126,0.0002320256310526,6.086820063043165
Algeria,2002,0.0,3.15415039625,0.0,0.0001910799314551,3.180063240416149,0.0001910799314551,6.334404716597604
Algeria,2003,0.0,3.2118604035,0.0,0.0008939811078795,3.5792119628625585,0.0008939811078795,6.791966347470439
Algeria,2004,0.0,3.18997040075,0.0,0.0008462111250157,3.731295698549823,0.0008462111250157,6.922112310424839
Algeria,2005,0.0,3.551553446175,0.0,0.0018732657565872,3.865653297572522,0.0018732657565872,7.41908000950411
Algeria,2006,0.0,3.470560436,0.0,0.0007370225927556,3.845413635892194,0.0007370225927556,7.316711094484949
Algeria,2007,0.0,3.18139676631,0.0,0.0007643197258206,3.892142004534218,0.0007643197258206,7.074303090570039
Algeria,2008,0.0,3.24432936765,0.0,0.0009553996572758,3.9313145192307823,0.0009553996572758,7.176599286538058
Algeria,2009,0.0,3.12573283953,0.0,0.0010338789148377,3.816078694829773,0.0010338789148377,6.94284541327461
Algeria,2010,0.0,3.1732582833,0.0,0.0005872295750613,3.752900588272395,0.0005872295750613,6.926746101147456
Algeria,2011,0.0,3.10413743451,0.0,0.0016961756058278,3.719524988272395,0.0016961756058278,6.825358598388223
Algeria,2012,0.0,3.24241663662,0.0,0.0021018792460068,3.751130386891562,0.0021018792460068,6.995648902757569
Algeria,2013,0.0,2.98716080544,0.0,0.0011157703140328,3.520136978247174,0.0011157703140328,6.508413554001207
Algeria,2014,0.0,3.12393982635,0.0,0.0008564475499151,3.4354230359394813,0.0008564475499151,6.560219309839396
Algeria,2015,0.0,3.1143761712,0.0,0.0007540833009212,3.57975685236445,0.0007540833009212,6.694887106865371
Algeria,2016,0.0,3.517358922693,0.0,0.0011321485938718,3.3902874432030368,0.0011321485938718,6.908778514489908
Algeria,2017,0.0,3.57322200615,0.0,0.0021680747936894,3.251294691677185,0.0021680747936894,6.826684772620875
Algeria,2018,0.0,3.608138943414,0.0,0.0027768008610395,3.1398097433165293,0.0027768008610395,6.750725487591569
Algeria,2019,0.0,3.339705133368,0.0,0.0029787996457206,3.1274413947036668,0.0029787996457206,6.470125327717387
Algeria,2020,0.0,3.162318267654,0.0,0.0029808469307005,2.8041263304539807,0.0029808469307005,5.969425445038682
Algeria,2021,0.0,3.910748883066,0.0,0.0027877197142655,2.8183401692938297,0.0027877197142655,6.731876772074095
Algeria,2022,0.0,3.78239083398,0.0,0.0029459906311893,2.9392407279319133,0.0029459906311893,6.724577552543103
Algeria,2023,0.0,3.934053852858,0.0,0.0031095081833374,2.880913095523338,0.0031095081833374,6.818076456564675
American Samoa,1980,0.0,0.0,0.0,0.0,0.0,0.0,0.0
American Samoa,1981,0.0,0.0,0.0,0.0,0.0,0.0,0.0
American Samoa,1982,0.0,0.0,0.0,0.0,0.0,0.0,0.0
American Samoa,1983,0.0,0.0,0.0,0.0,0.0,0.0,0.0
American Samoa,1984,0.0,0.0,0.0,0.0,0.0,0.0,0.0
American Samoa,1985,0.0,0.0,0.0,0.0,0.0,0.0,0.0
American Samoa,1986,0.0,0.0,0.0,0.0,0.0,0.0,0.0
American Samoa,1987,0.0,0.0,0.0,0.0,0.0,0.0,0.0
American Samoa,1988,0.0,0.0,0.0,0.0,0.0,0.0,0.0
American Samoa,1989,0.0,0.0,0.0,0.0,0.0,0.0,0.0
American Samoa,1990,0.0,0.0,0.0,0.0,0.0,0.0,0.0
American Samoa,1991,0.0,0.0,0.0,0.0,0.0,0.0,0.0
American Samoa,1992,0.0,0.0,0.0,0.0,0.0,0.0,0.0
American Samoa,1993,0.0,0.0,0.0,0.0,0.0,0.0,0.0
American Samoa,1994,0.0,0.0,0.0,0.0,0.0,0.0,0.0
American Samoa,1995,0.0,0.0,0.0,0.0,0.0,0.0,0.0
American Samoa,1996,0.0,0.0,0.0,0.0,0.0,0.0,0.0
American Samoa,1997,0.0,0.0,0.0,0.0,0.0,0.0,0.0
American Samoa,1998,0.0,0.0,0.0,0.0,0.0,0.0,0.0
American Samoa,1999,0.0,0.0,0.0,0.0,0.0,0.0,0.0
American Samoa,2000,0.0,0.0,0.0,0.0,0.0,0.0,0.0
American Samoa,2001,0.0,0.0,0.0,0.0,0.0,0.0,0.0
American Samoa,2002,0.0,0.0,0.0,0.0,0.0,0.0,0.0
American Samoa,2003,0.0,0.0,0.0,0.0,0.0,0.0,0.0
American Samoa,2004,0.0,0.0,0.0,0.0,0.0,0.0,0.0
American Samoa,2005,0.0,0.0,0.0,0.0,0.0,0.0,0.0
American Samoa,2006,0.0,0.0,0.0,0.0,0.0,0.0,0.0
American Samoa,2007,0.0,0.0,0.0,0.0,0.0,0.0,0.0
American Samoa,2008,0.0,0.0,0.0,0.0,0.0,0.0,0.0
American Samoa,2009,0.0,0.0,0.0,0.0,0.0,0.0,0.0
American Samoa,2010,0.0,0.0,0.0,0.0,0.0,0.0,0.0
American Samoa,2011,0.0,0.0,0.0,0.0,0.0,0.0,0.0
American Samoa,2012,0.0,0.0,0.0,3.0709274698e-06,0.0,3.0709274698e-06,3.0709274698e-06
American Samoa,2013,0.0,0.0,0.0,6.8242832662e-06,0.0,6.8242832662e-06,6.8242832662e-06
American Samoa,2014,0.0,0.0,0.0,6.8242832662e-06,0.0,6.8242832662e-06,6.8242832662e-06
American Samoa,2015,0.0,0.0,0.0,6.8242832662e-06,0.0,6.8242832662e-06,6.8242832662e-06
American Samoa,2016,0.0,0.0,0.0,1.02364248993e-05,0.0,1.02364248993e-05,1.02364248993e-05
American Samoa,2017,0.0,0.0,0.0,1.70607081656e-05,0.0,1.70607081656e-05,1.70607081656e-05
American Samoa,2018,0.0,0.0,0.0,1.70607081656e-05,0.0,1.70607081656e-05,1.70607081656e-05
American Samoa,2019,0.0,0.0,0.0,1.70607081656e-05,0.0,1.70607081656e-05,1.70607081656e-05
American Samoa,2020,0.0,0.0,0.0,1.70607081656e-05,0.0,1.70607081656e-05,1.70607081656e-05
American Samoa,2021,0.0,0.0,0.0,1.70607081656e-05,0.0,1.70607081656e-05,1.70607081656e-05
American Samoa,2022,0.0,0.0,0.0,1.72215906436e-05,0.0,1.72215906436e-05,1.72215906436e-05
American Samoa,2023,0.0,0.0,0.0,1.70607081656e-05,0.0,1.70607081656e-05,1.70607081656e-05
Angola,1980,0.0,0.0096324,0.0,0.0018084350655578,0.0,0.0018084350655578,0.0114408350655578
Angola,1981,0.0,0.0092136,0.0,0.0018084350655578,0.0,0.0018084350655578,0.0110220350655578
Angola,1982,0.0,0.01047,0.0,0.0020472849798767,0.0,0.0020472849798767,0.0125172849798767
Angola,1983,0.0,0.012564,0.0,0.0020472849798767,0.0,0.0020472849798767,0.0146112849798767
Angola,1984,0.0,0.012564,0.0,0.0020472849798767,0.4351378846153838,0.0020472849798767,0.4497491695952605
Angola,1985,0.0,0.013611,0.0,0.0020472849798767,0.4941000320227704,0.0020472849798767,0.5097583170026472
Angola,1986,0.0,0.014658,0.0,0.0022520134778644,0.6011621684640078,0.0022520134778644,0.6180721819418722
Angola,1987,0.0,0.016752,0.0,0.0022520134778644,0.7558224535768696,0.0022520134778644,0.774826467054734
Angola,1988,0.0,0.018846,0.0,0.0022520134778644,0.9646936613230824,0.0022520134778644,0.9857916748009468
Angola,1989,0.0,0.015705,0.0,0.0022758984692963,0.9774978079210804,0.0022758984692963,0.9954787063903768
Angola,1990,0.0,0.0198920731707318,0.0,0.0024499176925858,1.0123668152473535,0.0024499176925858,1.034708806110671
Angola,1991,0.0,0.02094,0.0,0.0024396812676864,1.059591212099232,0.0024396812676864,1.0829708933669189
Angola,1992,0.0,0.02107563885,0.0,0.0028389018387624,1.1421450293776307,0.0028389018387624,1.1660595700663932
Angola,1993,0.0,0.0207058908,0.0,0.0030060967787857,1.0719932257362552,0.0030060967787857,1.0957052133150411
Angola,1994,0.0,0.01922292,0.0,0.0030231574869513,1.0460818758160464,0.0030231574869513,1.0683279533029977
Angola,1995,0.0,0.0207058908,0.0,0.0030402181951169,1.3599612218917756,0.0030402181951169,1.3837073308868928
Angola,1996,0.0,0.0207058908,0.0,0.0031255217359451,1.4739746583490514,0.0031255217359451,1.4978060708849965
Angola,1997,0.0,0.02107563885,0.0,0.0029549146542887,1.5098752241404338,0.0029549146542887,1.5339057776447227
Angola,1998,0.0,0.0214453869,0.0,0.0035793365731512,1.5509976904105631,0.0035793365731512,1.5760224138837142
Angola,1999,0.0,0.0207058908,0.0,0.0030197453453182,1.5907674746481957,0.0030197453453182,1.6144931107935137
Angola,2000,0.0,0.02107563885,0.0,0.0031118731694126,1.589952135499784,0.0031118731694126,1.6141396475191967
Angola,2001,0.0,0.01959664665,0.0,0.0034701480408911,1.5726254500943002,0.0034701480408911,1.5956922447851911
Angola,2002,0.0,0.0229243791,0.0,0.0039000778866652,1.907347318397289,0.0039000778866652,1.9341717753839545
Angola,2003,0.0,0.02403362325,0.0,0.0042344677667117,1.869958983038592,0.0042344677667117,1.898227074055304
Angola,2004,0.0,0.02773110375,0.0,0.0059848964245064,2.1111478458091564,0.0059848964245064,2.144863845983662
Angola,2005,0.0,0.02403362325,0.0,0.0075817787088102,2.64680269878609,0.0075817787088102,2.6784181007449006
Angola,2006,0.0,0.0251428674,0.0,0.0086804883146774,2.967786044782029,0.0086804883146774,3.0016094004967058
Angola,2007,0.0,0.03068908815,0.0,0.0084894083832223,3.578405970009071,0.0084894083832223,3.617584466542293
Angola,2008,0.0,0.0251428674,0.0,0.0107380097194536,4.176123962683161,0.0107380097194536,4.212004839802614
Angola,2009,0.0,0.02551261545,0.0,0.0111542909986952,4.0075410206006135,0.0111542909986952,4.0442079270493085
Angola,2010,0.0,0.02713950687,0.0,0.012669281883804,4.075000281807635,0.012669281883804,4.11480907056144
Angola,2011,0.0,0.02780505336,0.0,0.013709985081908,3.749738824532138,0.013709985081908,3.791253862974046
Angola,2012,0.0,0.0281008518,0.0,0.0187087725744404,3.827059789206445,0.0187087725744404,3.873869413580886
Angola,2013,0.0,0.034201694625,0.0,0.0161530784912276,3.8528353236616897,0.0161530784912276,3.9031900967779176
Angola,2014,0.0,0.027028582455,0.0,0.0174303795101694,3.727531423364287,0.0174303795101694,3.771990385329456
Angola,2015,0.0,0.028581524265,0.0,0.0184655284777253,3.8738664496228097,0.0184655284777253,3.920913502365535
Angola,2016,0.0,0.063337545711,0.0,0.0221859445068833,3.8172114323371575,0.0221859445068833,3.902734922555041
Angola,2017,0.0,0.2134336722,0.0,0.0266167808245733,3.6077356953515456,0.0266167808245733,3.847786148376119
Angola,2018,0.0,0.23882491941,0.0,0.0359324035027714,3.451930191642012,0.0359324035027714,3.7266875145547833
Angola,2019,0.0,0.2502325812,0.0,0.0398113155108713,3.1355120304763124,0.0398113155108713,3.425555927187184
Angola,2020,0.0,0.27415187205,0.0,0.0436676231806973,2.715114283673667,0.0436676231806973,3.0329337789043644
Angola,2021,0.0,0.21895350855,0.0,0.0436665995382073,2.4252078680591147,0.0436665995382073,2.687827976147322
Angola,2022,0.0,0.20386595586,0.0,0.0449256798008316,2.503016075178571,0.0449256798008316,2.7518077108394023
Angola,2023,0.0,0.221271839817,0.0,0.0470783002214471,2.4812884117358105,0.0470783002214471,2.749638551774257
Antarctica,1980,0.0,0.0,0.0,0.0,0.0,0.0,0.0
Antarctica,1981,0.0,0.0,0.0,0.0,0.0,0.0,0.0
Antarctica,1982,0.0,0.0,0.0,0.0,0.0,0.0,0.0
Antarctica,1983,0.0,0.0,0.0,0.0,0.0,0.0,0.0
Antarctica,1984,0.0,0.0,0.0,0.0,0.0,0.0,0.0
Antarctica,1985,0.0,0.0,0.0,0.0,0.0,0.0,0.0
Antarctica,1986,0.0,0.0,0.0,0.0,0.0,0.0,0.0
Antarctica,1987,0.0,0.0,0.0,0.0,0.0,0.0,0.0
Antarctica,1988,0.0,0.0,0.0,0.0,0.0,0.0,0.0
Antarctica,1989,0.0,0.0,0.0,0.0,0.0,0.0,0.0
Antarctica,1990,0.0,0.0,0.0,0.0,0.0,0.0,0.0
Antarctica,1991,0.0,0.0,0.0,0.0,0.0,0.0,0.0
Antarctica,1992,0.0,0.0,0.0,0.0,0.0,0.0,0.0
Antarctica,1993,0.0,0.0,0.0,0.0,0.0,0.0,0.0
Antarctica,1994,0.0,0.0,0.0,0.0,0.0,0.0,0.0
Antarctica,1995,0.0,0.0,0.0,0.0,0.0,0.0,0.0
Antarctica,1996,0.0,0.0,0.0,0.0,0.0,0.0,0.0
Antarctica,1997,0.0,0.0,0.0,0.0,0.0,0.0,0.0
Antarctica,1998,0.0,0.0,0.0,0.0,0.0,0.0,0.0
Antarctica,1999,0.0,0.0,0.0,0.0,0.0,0.0,0.0
Antarctica,2000,0.0,0.0,0.0,0.0,0.0,0.0,0.0
Antarctica,2001,0.0,0.0,0.0,0.0,0.0,0.0,0.0
Antarctica,2002,0.0,0.0,0.0,0.0,0.0,0.0,0.0
Antarctica,2003,0.0,0.0,0.0,0.0,0.0,0.0,0.0
Antarctica,2004,0.0,0.0,0.0,0.0,0.0,0.0,0.0
Antarctica,2005,0.0,0.0,0.0,6.8242832662e-06,0.0,6.8242832662e-06,6.8242832662e-06
Antarctica,2006,0.0,0.0,0.0,6.8242832662e-06,0.0,6.8242832662e-06,6.8242832662e-06
Antarctica,2007,0.0,0.0,0.0,6.8242832662e-06,0.0,6.8242832662e-06,6.8242832662e-06
Antarctica,2008,0.0,0.0,0.0,6.8242832662e-06,0.0,6.8242832662e-06,6.8242832662e-06
Antarctica,2009,0.0,0.0,0.0,1.36485665325e-05,0.0,1.36485665325e-05,1.36485665325e-05
Antarctica,2010,0.0,0.0,0.0,1.36485665325e-05,0.0,1.36485665325e-05,1.36485665325e-05
Antarctica,2011,0.0,0.0,0.0,1.36485665325e-05,0.0,1.36485665325e-05,1.36485665325e-05
Antarctica,2012,0.0,0.0,0.0,1.7060708165e-06,0.0,1.7060708165e-06,1.7060708165e-06
Antarctica,2013,0.0,0.0,0.0,1.7060708165e-06,0.0,1.7060708165e-06,1.7060708165e-06
Antarctica,2014,0.0,0.0,0.0,1.7060708165e-06,0.0,1.7060708165e-06,1.7060708165e-06
Antarctica,2015,0.0,0.0,0.0,3.4121416331e-06,0.0,3.4121416331e-06,3.4121416331e-06
Antarctica,2016,0.0,0.0,0.0,3.4121416331e-06,0.0,3.4121416331e-06,3.4121416331e-06
Antarctica,2017,0.0,0.0,0.0,0.0,0.0,0.0,0.0
Antarctica,2018,0.0,0.0,0.0,0.0,0.0,0.0,0.0
Antarctica,2019,0.0,0.0,0.0,0.0,0.0,0.0,0.0
Antarctica,2020,0.0,0.0,0.0,0.0,0.0,0.0,0.0
Antarctica,2021,0.0,0.0,0.0,0.0,0.0,0.0,0.0
Antarctica,2022,0.0,0.0,0.0,0.0,0.0,0.0,0.0
Antarctica,2023,0.0,0.0,0.0,0.0,0.0,0.0,0.0
Antigua and Barbuda,1980,0.0,0.0,0.0,0.0,0.0,0.0,0.0
Antigua and Barbuda,1981,0.0,0.0,0.0,0.0,0.0,0.0,0.0
Antigua and Barbuda,1982,0.0,0.0,0.0,0.0,0.0,0.0,0.0
Antigua and Barbuda,1983,0.0,0.0,0.0,0.0,0.0,0.0,0.0
Antigua and Barbuda,1984,0.0,0.0,0.0,0.0,0.0,0.0,0.0
Antigua and Barbuda,1985,0.0,0.0,0.0,0.0,0.0,0.0,0.0
Antigua and Barbuda,1986,0.0,0.0,0.0,0.0,0.0,0.0,0.0
Antigua and Barbuda,1987,0.0,0.0,0.0,0.0,0.0,0.0,0.0
Antigua and Barbuda,1988,0.0,0.0,0.0,0.0,0.0,0.0,0.0
Antigua and Barbuda,1989,0.0,0.0,0.0,0.0,0.0,0.0,0.0
Antigua and Barbuda,1990,0.0,0.0,0.0,0.0,0.0,0.0,0.0
Antigua and Barbuda,1991,0.0,0.0,0.0,0.0,0.0,0.0,0.0
Antigua and Barbuda,1992,0.0,0.0,0.0,0.0,0.0,0.0,0.0
Antigua and Barbuda,1993,0.0,0.0,0.0,0.0,0.0,0.0,0.0
Antigua and Barbuda,1994,0.0,0.0,0.0,0.0,0.0,0.0,0.0
Antigua and Barbuda,1995,0.0,0.0,0.0,0.0,0.0,0.0,0.0
Antigua and Barbuda,1996,0.0,0.0,0.0,0.0,0.0,0.0,0.0
Antigua and Barbuda,1997,0.0,0.0,0.0,0.0,0.0,0.0,0.0
Antigua and Barbuda,1998,0.0,0.0,0.0,0.0,0.0,0.0,0.0
Antigua and Barbuda,1999,0.0,0.0,0.0,0.0,0.0,0.0,0.0
Antigua and Barbuda,2000,0.0,0.0,0.0,0.0,0.0,0.0,0.0
Antigua and Barbuda,2001,0.0,0.0,0.0,0.0,0.0,0.0,0.0
Antigua and Barbuda,2002,0.0,0.0,0.0,0.0,0.0,0.0,0.0
Antigua and Barbuda,2003,0.0,0.0,0.0,0.0,0.0,0.0,0.0
Antigua and Barbuda,2004,0.0,0.0,0.0,0.0,0.0,0.0,0.0
Antigua and Barbuda,2005,0.0,0.0,0.0,0.0,0.0,0.0,0.0
Antigua and Barbuda,2006,0.0,0.0,0.0,0.0,0.0,0.0,0.0
Antigua and Barbuda,2007,0.0,0.0,0.0,0.0,0.0,0.0,0.0
Antigua and Barbuda,2008,0.0,0.0,0.0,0.0,0.0,0.0,0.0
Antigua and Barbuda,2009,0.0,0.0,0.0,0.0,0.0,0.0,0.0
Antigua and Barbuda,2010,0.0,0.0,0.0,6.82428326625588e-07,0.0,6.82428326625588e-07,6.82428326625588e-07
Antigua and Barbuda,2011,0.0,0.0,0.0,1.7060708165e-06,0.0,1.7060708165e-06,1.7060708165e-06
Antigua and Barbuda,2012,0.0,0.0,0.0,1.7060708165e-06,0.0,1.7060708165e-06,1.7060708165e-06
Antigua and Barbuda,2013,0.0,0.0,0.0,2.0472849798e-06,0.0,2.0472849798e-06,2.0472849798e-06
Antigua and Barbuda,2014,0.0,0.0,0.0,2.0472849798e-06,0.0,2.0472849798e-06,2.0472849798e-06
Antigua and Barbuda,2015,0.0,0.0,0.0,1.84255648188e-05,0.0,1.84255648188e-05,1.84255648188e-05
Antigua and Barbuda,2016,0.0,0.0,0.0,1.70607081656e-05,0.0,1.70607081656e-05,1.70607081656e-05
Antigua and Barbuda,2017,0.0,0.0,0.0,2.0814063962e-05,0.0,2.0814063962e-05,2.0814063962e-05
Antigua and Barbuda,2018,0.0,0.0,0.0,3.41214163312e-05,0.0,3.41214163312e-05,3.41214163312e-05
Antigua and Barbuda,2019,0.0,0.0,0.0,4.43578412306e-05,0.0,4.43578412306e-05,4.43578412306e-05
Antigua and Barbuda,2020,0.0,0.0,0.0,5.459426613e-05,0.0,5.459426613e-05,5.459426613e-05
Antigua and Barbuda,2021,0.0,0.0,0.0,6.65367618459e-05,0.0,6.65367618459e-05,6.65367618459e-05
Antigua and Barbuda,2022,0.0,0.0,0.0,7.84792575619e-05,0.0,7.84792575619e-05,7.84792575619e-05
Antigua and Barbuda,2023,0.0,0.0,0.0,7.84792575619e-05,0.0,7.84792575619e-05,7.84792575619e-05
Argentina,1980,0.008734744735581,0.28728,0.0258901326624454,0.086003384206698,0.0,0.0601132515442525,0.382018128942279
Argentina,1981,0.0111535971238958,0.354996,0.0311516680612683,0.0880947159478929,0.0,0.0569430478866245,0.4542443130717888
Argentina,1982,0.0115343424072417,0.409374,0.0206806024222824,0.0858299511417391,0.0,0.0651493487194566,0.5067382935489808
Argentina,1983,0.0108848357474164,0.45657,0.0381414231960253,0.1020007597259176,0.0,0.0638593365298923,0.5694555954733341
Argentina,1984,0.011399961719002,0.506844,0.0506820397391147,0.1215248523231282,1.0973941999999957,0.0708428125840135,1.737163014042126
Argentina,1985,0.0089587125493139,0.513,0.0641782039456235,0.1349671222925642,1.0540743994788546,0.0707889183469407,1.711000234320733
Argentina,1986,0.0081524284198757,0.561222,0.0635758689435574,0.1355896461326401,1.0036318121141412,0.0720137771890826,1.7085958866666568
Argentina,1987,0.0083539994522353,0.540702,0.072522079287977,0.1473447610706793,0.9943431975803374,0.0748226817827022,1.690743958103252
Argentina,1988,0.0114671520631218,0.648432,0.0572169799951553,0.1090323267762274,1.0407334114146924,0.0518153467810721,1.809664890254041
Argentina,1989,0.0115119456258684,0.73872,0.0565320295638407,0.101370110728578,1.062904602003642,0.0448380811647372,1.9145066583580883
Argentina,1990,0.0061815116590265,0.64640052,0.0830207160714018,0.1444456297318763,1.1114840027322397,0.0614249136604744,1.908511664123142
Argentina,1991,0.0065398601609991,0.73550235,0.090874027051129,0.1467132528576749,1.131828450698238,0.0558392258065458,2.020583913716912
Argentina,1992,0.0045241498374035,0.7414066,0.0796550113658044,0.1461682522354771,1.2832683347783838,0.0665132408696726,2.1753673368512643
Argentina,1993,0.0037626592707118,0.794182235,0.0863864207769992,0.1680394460775097,1.3627087751669689,0.0816530253005105,2.32869311551519
Argentina,1994,0.0077716831365298,0.8218507,0.0923856417960991,0.1860482935990605,1.534926438863083,0.0936626518029614,2.550597115598673
Argentina,1995,0.0068310183188517,0.92297535,0.0827597931208626,0.1746374148297732,1.652854703516392,0.0918776217089105,2.7572984866650168
Argentina,1996,0.0069430022257183,0.98054392975,0.0810039276373931,0.1620548079437246,1.7959049322125058,0.0810508803063314,2.9454466721319488
Argentina,1997,0.0056215921246944,1.0104363115,0.0872079856789854,0.1864909567733769,1.908106583606556,0.0992829710943914,3.110655444004627
Argentina,1998,0.0064950665982526,1.09199453825,0.0834036104648015,0.1776081587611127,1.93528697406284,0.0942045482963112,3.211384737672205
Argentina,1999,0.0075253185414236,1.27577732975,0.0789554179066787,0.1568594475917334,1.9081715922759543,0.0779040296850546,3.3483336881591117
Argentina,2000,0.0058007663756807,1.38058518675,0.0700590327904332,0.1742422822883855,1.8432444280680007,0.1041832494979522,3.403872663482067
Argentina,2001,0.004165801335431,1.3706210595,0.0765674408491602,0.2082375892890466,1.935844551789312,0.1316701484398864,3.5188690019137896
Argentina,2002,0.0021724864408498,1.33260975925,0.0630940997060042,0.1932774474309155,1.883247882495748,0.1301833477249113,3.411307575617513
Argentina,2003,0.0020157103235956,1.514547342,0.0822915623252708,0.2072690859638563,1.8270120621991484,0.1249775236385854,3.5508442004866003
Argentina,2004,0.0020829006677154,1.656259374,0.0856042952040832,0.20044789939814,1.758999212012749,0.1148436041940567,3.617789386078604
Argentina,2005,0.0021500910118353,1.68393750525,0.0745657541980049,0.20294879615635,1.6519755877012736,0.128383041958345,3.541011980119459
Argentina,2006,0.0018813296353559,1.7012824675,0.0837313720217158,0.2292882211143961,1.6476340314420144,0.1455568490926803,3.5800860496917664
Argentina,2007,0.0023516620441949,1.65441416525,0.0786861851992134,0.204798036507908,1.611461387003338,0.1261118513086946,3.473025250805441
Argentina,2008,0.0020381071049689,1.6259979505,0.0801845237451074,0.2265668845571465,1.6153170497258638,0.146382360812039,3.4699199918879797
Argentina,2009,0.0017021553843696,1.52643048635,0.0888467934635569,0.2630271877322934,1.5427974312440789,0.1741803942687364,3.3339572607107417
Argentina,2010,0.0018029409005494,1.4798574175,0.0783233063326297,0.2850144306615895,1.5131546491366106,0.2066911243289597,3.2798294381987496
Argentina,2011,0.0019037264167292,1.43077486475,0.0689938077304617,0.2926207155907007,1.40225027635519,0.2236269078602389,3.12754958311262
Argentina,2012,0.002127694230462,1.389073147,0.0690991596594699,0.2924104459387669,1.3528570007598653,0.223311286279297,3.036468287929094
Argentina,2013,0.0017693457284895,1.312312463,0.0670927907003587,0.2933264624478456,1.326100838107467,0.2262336717474868,2.933509109283802
Argentina,2014,0.0012766165382772,1.3100982125,0.0614422803813422,0.3084689762771263,1.3090806501223424,0.247026695895784,2.928924455437746
Argentina,2015,0.0007614905666916,1.34331197,0.0776395312061004,0.2977605430385417,1.3155506526484506,0.2201210118324413,2.957384656253684
Argentina,2016,0.0005151259715855,1.449078437059,0.0913828301708201,0.3366991337230447,1.2768284409869448,0.2453163035522245,3.063121137740575
Argentina,2017,0.0004412165930537,1.509896000811,0.0674322600168454,0.3342968074495849,1.2095131168507591,0.2668645474327394,3.054147141704398
Argentina,2018,0.0005310851843889,1.54828946195,0.0761227552468957,0.3293351950769891,1.2548344420442978,0.2532124398300934,3.132990184255676
Argentina,2019,0.0004927291902122,1.61358323973,0.093127473088457,0.3310507334443288,1.3032332592242684,0.2379232603558718,3.2483599615888097
Argentina,2020,0.0004439724095711,1.479978283245,0.1176545449809073,0.3190645697800443,1.2331260809070892,0.201410024799137,3.0326129063417047
Argentina,2021,0.0006181462633813,1.49185458389,0.1188890268889774,0.3463503506638031,1.3046507138614354,0.2274613237748255,3.14347379467862
Argentina,2022,0.0006049182781594,1.62504341406,0.0872904979134704,0.3454844225856814,1.4558157634459163,0.258193924672211,3.426948518369757
Argentina,2023,0.0005234263938415,1.61231874793,0.1047789919376504,0.3183681976113715,1.5709844460141522,0.213589205673721,3.5021948179493654
Armenia,1992,0.0,0.0,0.0,0.0102807827406144,0.0,0.0102807827406144,0.0102807827406144
Armenia,1993,0.0,0.0,0.0,0.0144981897991606,0.0,0.0144981897991606,0.0144981897991606
Armenia,1994,0.0,0.0,0.0,0.0118708407416521,0.0,0.0118708407416521,0.0118708407416521
Armenia,1995,0.0,0.0,0.0,0.006483069102943,0.0,0.006483069102943,0.006483069102943
Armenia,1996,0.0,0.0,0.0246235220872487,0.0299328144683958,0.0,0.005309292381147,0.0299328144683958
Armenia,1997,0.0,0.0,0.0167674459927455,0.0214625528799296,0.0,0.004695106887184,0.0214625528799296
Armenia,1998,0.0,0.0,0.0166501911256634,0.0218434706912841,0.0,0.0051932795656207,0.0218434706912841
Armenia,1999,0.0,0.0,0.0243890123530844,0.0284426366132404,0.0,0.0040536242601559,0.0284426366132404
Armenia,2000,0.0,0.0,0.0215748955431131,0.0258332483012568,0.0,0.0042583527581436,0.0258332483012568
Armenia,2001,0.0,0.0,0.0232985420892205,0.0265673737737571,0.0,0.0032688316845365,0.0265673737737571
Armenia,2002,0.0,0.0,0.0245062672201666,0.0301055916401295,0.0,0.0055993244199629,0.0301055916401295
Armenia,2003,0.0,0.0,0.0213403858089489,0.0280350076931459,0.0,0.006694621884197,0.0280350076931459
Armenia,2004,0.0,0.0,0.0258546981916111,0.0326039143419382,0.0,0.006749216150327,0.0326039143419382
Armenia,2005,0.0,0.0,0.029360618717367,0.0353523394251397,0.0,0.0059917207077726,0.0353523394251397
Armenia,2006,0.0,0.0,0.0283991288072935,0.0345682808799888,0.0,0.0061691520726953,0.0345682808799888
Armenia,2007,0.0,0.0,0.027529097693544,0.0337972018736001,0.0,0.006268104180056,0.0337972018736001
Armenia,2008,0.0,0.0,0.0265699528808122,0.032646977129413,0.0,0.0060770242486008,0.032646977129413
Armenia,2009,0.0,0.0,0.0268513645618093,0.0336858842529646,0.0,0.0068345196911552,0.0336858842529646
Armenia,2010,0.0,0.0,0.0268161881016847,0.0354727914249302,0.0,0.0086566033232455,0.0354727914249302
Armenia,2011,0.0,0.0,0.0276369721712596,0.0360547255801862,0.0,0.0084177534089266,0.0360547255801862
Armenia,2012,0.0,0.0,0.0249049337682458,0.0327630959493395,0.0,0.0078581621810936,0.0327630959493395
Armenia,2013,0.0,0.0,0.0254208551834072,0.0327740204027979,0.0,0.0073531652193907,0.0327740204027979
Armenia,2014,0.0,0.0,0.0265699528808122,0.033312344747873,0.0,0.0067423918670608,0.033312344747873
Armenia,2015,0.0,0.0,0.0301462263268173,0.0376085800784681,0.0,0.0074623537516508,0.0376085800784681
Armenia,2016,0.0,0.0,0.025737443324529,0.0336877333297171,0.0,0.0079502900051881,0.0336877333297171
Armenia,2017,0.0,0.0,0.0282701484535031,0.0359508792696741,0.0,0.0076807308161709,0.0359508792696741
Armenia,2018,0.0,0.0,0.0222549737721895,0.0301568113661872,0.0,0.0079018375939976,0.0301568113661872
Armenia,2019,0.0,0.0,0.0237910125309655,0.0320187096509269,0.0,0.0082276971199614,0.0320187096509269
Armenia,2020,0.0,0.0,0.0299236613324486,0.0364647368431549,0.0,0.0065410755107062,0.0364647368431549
Armenia,2021,0.0,0.0,0.0216923093502926,0.0302124270082131,0.0,0.0085201176579204,0.0302124270082131
Armenia,2022,6.767406190885661e-07,0.0,0.0308499815679027,0.0423527409430228,0.0,0.01150275937512,0.0423534176836419
Armenia,2023,6.767406190885661e-07,0.0,0.0294546384259109,0.0377120211780805,0.0,0.0082573827521696,0.0377126979186996
Aruba,1986,0.0,0.0,0.0,0.0,0.0,0.0,0.0
Aruba,1987,0.0,0.0,0.0,0.0,0.0,0.0,0.0
Aruba,1988,0.0,0.0,0.0,0.0,0.0,0.0,0.0
Aruba,1989,0.0,0.0,0.0,0.0,0.0,0.0,0.0
Aruba,1990,0.0,0.0,0.0,0.0,0.0,0.0,0.0
Aruba,1991,0.0,0.0,0.0,0.0,0.0,0.0,0.0
Aruba,1992,0.0,0.0,0.0,0.0,0.0,0.0,0.0
Aruba,1993,0.0,0.0,0.0,0.0,0.0,0.0,0.0
Aruba,1994,0.0,0.0,0.0,0.0,0.0,0.0,0.0
Aruba,1995,0.0,0.0,0.0,0.0,0.0,0.0,0.0
Aruba,1996,0.0,0.0,0.0,0.0,0.0,0.0,0.0
Aruba,1997,0.0,0.0,0.0,0.0,0.0,0.0,0.0
Aruba,1998,0.0,0.0,0.0,0.0,0.0,0.0,0.0
Aruba,1999,0.0,0.0,0.0,0.0,0.0,0.0,0.0
Aruba,2000,0.0,0.0,0.0,0.0,0.0,0.0,0.0
Aruba,2001,0.0,0.0,0.0,0.0,0.0,0.0,0.0
Aruba,2002,0.0,0.0,0.0,0.0,0.0,0.0,0.0
Aruba,2003,0.0,0.0,0.0,0.0,0.0,0.0,0.0
Aruba,2004,0.0,0.0,0.0,0.0,0.0,0.0,0.0
Aruba,2005,0.0,0.0,0.0,0.0,0.0,0.0,0.0
Aruba,2006,0.0,0.0,0.0,0.0,0.0,0.0,0.0
Aruba,2007,0.0,0.0,0.0,0.0,0.0,0.0,0.0
Aruba,2008,0.0,0.0,0.0,0.0,0.0,0.0,0.0
Aruba,2009,0.0,0.0,0.0,0.0001023642489938,0.0,0.0001023642489938,0.0001023642489938
Aruba,2010,0.0,0.0,0.0,0.0003620282272748,0.0,0.0003620282272748,0.0003620282272748
Aruba,2011,0.0,0.0,0.0,0.00038727807536,0.0,0.00038727807536,0.00038727807536
Aruba,2012,0.0,0.0,0.0,0.0004640512621053,0.0,0.0004640512621053,0.0004640512621053
Aruba,2013,0.0,0.0,0.0,0.0005220576698685,0.0,0.0005220576698685,0.0005220576698685
Aruba,2014,0.0,0.0,0.0,0.0005425305196673,0.0,0.0005425305196673,0.0005425305196673
Aruba,2015,0.0,0.0,0.0,0.0005971247857973,0.0,0.0005971247857973,0.0005971247857973
Aruba,2016,0.0,0.0,0.0,0.0005380523337842,0.0,0.0005380523337842,0.0005380523337842
Aruba,2017,0.0,0.0,0.0,0.0004903247526804,0.0,0.0004903247526804,0.0004903247526804
Aruba,2018,0.0,0.0,0.0,0.0005288819531348,0.0,0.0005288819531348,0.0005288819531348
Aruba,2019,0.0,0.0,0.0,0.0005527669445667,0.0,0.0005527669445667,0.0005527669445667
Aruba,2020,0.0,0.0,0.0,0.0005527669445667,0.0,0.0005527669445667,0.0005527669445667
Aruba,2021,0.0,0.0,0.0,0.0005527669445667,0.0,0.0005527669445667,0.0005527669445667
Aruba,2022,0.0,0.0,0.0,0.0005527669445667,0.0,0.0005527669445667,0.0005527669445667
Aruba,2023,0.0,0.0,0.0,0.0005527669445667,0.0,0.0005527669445667,0.0005527669445667
Australia,1980,2.374452857660199,0.329589,0.0,0.0478785566865355,0.0,0.0478785566865355,2.7519204143467344
Australia,1981,2.6993602239332963,0.385398,0.0,0.0517295682685285,0.0,0.0517295682685285,3.136487792201825
Australia,1982,2.733467786295587,0.424359,0.0,0.0511580578129454,0.0,0.0511580578129454,3.2089848441085325
Australia,1983,3.0413593680251902,0.444366,0.0,0.0451914151111249,0.0,0.0451914151111249,3.5309167831363157
Australia,1984,3.2443367684712454,0.464814,0.0,0.0450365694037007,1.1180301054658142,0.0450365694037007,4.872217443340761
Australia,1985,3.497189795414207,0.495873,0.0,0.0503418376178103,1.208757190285889,0.0503418376178103,5.252161823317906
Australia,1986,3.765758866334461,0.541284,0.0,0.0532178729979331,1.1542958826132688,0.0532178729979331,5.514556621945663
Australia,1987,4.2471544436442565,0.554876,0.0,0.0501054358051086,1.2380515566862886,0.0501054358051086,6.090187436135654
Australia,1988,3.917605371969816,0.578865,0.0,0.0529839192868485,1.170529874279755,0.0529839192868485,5.719984165536419
Australia,1989,4.177864620450539,0.59451,0.0,0.0571771053400153,1.1005266857202582,0.0571771053400153,5.930078411510813
Australia,1990,4.388971135727658,0.780117,0.0,0.0555922795561595,1.2780914463460773,0.0555922795561595,6.502771861629895
Australia,1991,4.724193839027076,0.812487,0.0,0.0614804279647939,1.209723977088457,0.0614804279647939,6.807885244080326
Australia,1992,4.91532635423866,0.868372224265,0.0,0.0588089938773787,1.1948578150907008,0.0588089938773787,7.03736538747174
Australia,1993,4.925553312771925,0.9320402,0.0,0.0631871808096679,1.1131660163292465,0.0631871808096679,7.033946709910839
Australia,1994,4.867923919941199,1.00612138354,0.0,0.0622194106389097,1.1998470722957322,0.0622194106389097,7.136111786415841
Australia,1995,5.248519105375773,1.1149489351,0.0,0.0611627667791316,1.1498554387561184,0.0611627667791316,7.574486246011023
Australia,1996,5.3374222366495365,1.14878607298,0.0,0.0629995550215893,1.2029204003440293,0.0629995550215893,7.752128264995155
Australia,1997,5.705907468209194,1.13964090058,0.0,0.0671047514224312,1.2859400689828069,0.0671047514224312,8.198593189194431
Australia,1998,6.144159355832256,1.18330909879,0.0,0.0639784296532778,1.237034181092471,0.0639784296532778,8.628481065368005
Australia,1999,6.228669732288132,1.204609729505,0.0,0.0680984586698004,1.2172087523169732,0.0680984586698004,8.718586672779905
Australia,2000,6.627498468863471,1.250564220815,0.0,0.067159025675278,1.5983694076149872,0.067159025675278,9.543591122968737
Australia,2001,7.170442350970473,1.278838045485,0.0,0.0707140322385252,1.4639962789023946,0.0707140322385252,9.983990707596393
Australia,2002,7.40952089435826,1.33252782845,0.0,0.0711491963015642,1.416402903633632,0.0711491963015642,10.229600822743455
Australia,2003,7.393844208451547,1.3055891933,0.0,0.0736562003637238,1.2111981699824863,0.0736562003637238,9.984287772097757
Australia,2004,7.612751574227414,1.313499047,0.0,0.0748658115729582,1.0504222183834566,0.0748658115729582,10.05153865118383
Australia,2005,8.107226710252219,1.3821330432,0.0,0.0938216808113521,1.0682013709560778,0.0938216808113521,10.651382805219647
Australia,2006,8.200640473547212,1.396590827625,0.0,0.0999076420948896,1.0280120849528935,0.0999076420948896,10.725151028219994
Australia,2007,8.647165317881532,1.474011548975,0.0,0.1002925738751399,1.0401905003925416,0.1002925738751399,11.261659941124211
Australia,2008,8.693196848845425,1.516708443425,0.0,0.1013704920139881,1.0521188242397423,0.1013704920139881,11.363394608524157
Australia,2009,9.000658537105165,1.574531811825,0.0,0.0881646277199419,1.0642934923118863,0.0881646277199419,11.727648468961991
Australia,2010,9.954671594154563,1.9611262439579145,0.0,0.1002332587765606,1.0850688613366222,0.1002332587765606,13.10109995822566
Australia,2011,9.471213342067172,2.100693204435593,0.0,0.114325139247659,0.9334160262674284,0.114325139247659,12.619647712017851
Australia,2012,9.930930249240726,2.012006539664482,0.0,0.1194374114484349,0.9219291686767142,0.1194374114484349,12.984303369030355
Australia,2013,10.77381220359591,2.2991114586295085,0.0,0.1457701283086323,0.7720488610437904,0.1457701283086323,13.99074265157784
Australia,2014,11.580729081892216,2.3332675575774755,0.0,0.1553906022713561,0.8104648530820934,0.1553906022713561,14.879852094823145
Australia,2015,12.094637947186357,2.5031168609610406,0.0,0.1480793689527428,0.7327022467436101,0.1480793689527428,15.478536423843748
Australia,2016,11.819826819487108,3.2363094422902,0.0,0.1624009094058307,0.6782327669289921,0.1624009094058307,15.896769938112133
Australia,2017,11.809274948265156,4.062069870970319,0.0,0.1701757046993427,0.6167711888535155,0.1701757046993427,16.658291712788333
Australia,2018,11.590347770947275,4.709103297536876,0.0,0.1918688249954771,0.6692246608684272,0.1918688249954771,17.160544554348057
Australia,2019,12.160396164848692,5.405369576576913,0.0,0.2215054297582979,0.8783127844265455,0.2215054297582979,18.66558395561045
Australia,2020,11.888074023568503,5.391858731733612,0.0,0.2464489259372729,0.8775323151676216,0.2464489259372729,18.40391399640701
Australia,2021,11.062457492401183,5.479908661487641,0.0,0.2941236118418558,0.8412098983775597,0.2941236118418558,17.67769966410824
Australia,2022,10.973932748892391,5.727993748943962,0.0,0.3230258289521893,0.7928365497119458,0.3230258289521893,17.81778887650049
Australia,2023,10.477350933950216,5.635767904143535,0.0,0.3435751056843279,0.7292850700419029,0.3435751056843279,17.18597901381998
Austria,1980,0.0393746458942391,0.0747,0.0,0.1004490865114976,0.0,0.1004490865114976,0.2145237324057368
Austria,1981,0.0420683389466897,0.055335,0.0,0.1056843786329796,0.0,0.1056843786329796,0.2030877175796693
Austria,1982,0.0453117652751506,0.050995,0.0,0.1072786413213978,0.0,0.1072786413213978,0.2035854065965484
Austria,1983,0.0417934723086845,0.046397,0.0,0.1064651928095613,0.0,0.1064651928095613,0.1946556651182459
Austria,1984,0.0402404758039554,0.048555,0.0,0.1047953979073588,0.0522398919999996,0.1047953979073588,0.2458307657113138
Austria,1985,0.0423432055846948,0.04428,0.0,0.1125615822705845,0.0493712134072228,0.1125615822705845,0.2485560012625023
Austria,1986,0.0408039524118659,0.042081,0.0,0.113709175905558,0.0493885819999999,0.113709175905558,0.2459827103174239
Austria,1987,0.0382889226741187,0.044239,0.0,0.0955908438394601,0.0460819749132421,0.0955908438394601,0.224200741426821
Austria,1988,0.0292595536156492,0.047256,0.0,0.1302129969556086,0.0518846864880015,0.1302129969556086,0.2586132370592593
Austria,1989,0.028393723705933,0.050478,0.0,0.1291540530003568,0.0518705904362077,0.1291540530003568,0.2598963671424975
Austria,1990,0.0336436764918315,0.045315,0.0,0.1186620334916056,0.0507882226547869,0.1186620334916056,0.2484089326382241
Austria,1991,0.0285998736844368,0.047329,0.0,0.1192562741576873,0.0561698342005222,0.1192562741576873,0.2513549820426464
Austria,1992,0.0243394407953569,0.051357,0.0,0.1318610353633301,0.051991981623188,0.1318610353633301,0.259549457781875
Austria,1993,0.0232399742433362,0.053371,0.0,0.1384511179082484,0.0491351073105247,0.1384511179082484,0.2641971994621093
Austria,1994,0.0188146213714531,0.04818495,0.0,0.1334734762934511,0.047864796072701,0.1334734762934511,0.2483378437376053
Austria,1995,0.0178251014746346,0.05270638,0.0,0.1448845739518242,0.0460466254858632,0.1448845739518242,0.2614626809123221
Austria,1996,0.0152276117454858,0.05305880986,0.0,0.1342471524076421,0.0446005556878115,0.1342471524076421,0.2471341297009395
Austria,1997,0.0155299650472915,0.05078282874,0.0,0.140872211404383,0.042000894908529,0.140872211404383,0.2491859001002035
Austria,1998,0.0156673983662941,0.05576153744,0.0,0.1452381486282042,0.0427534489593724,0.1452381486282042,0.2594205333938708
Austria,1999,0.0156261683705933,0.0617553405,0.0,0.1556818141298496,0.041477117289142,0.1556818141298496,0.2745404402895849
Austria,2000,0.0171654215434222,0.064062292875,0.0,0.1592120204461014,0.0426817941601327,0.1592120204461014,0.2831215290246563
Austria,2001,0.0165744582717111,0.0614714079,0.0,0.1573626564984842,0.044544203336184,0.1573626564984842,0.2799527260063794
Austria,2002,0.0194055846431642,0.066724161,0.0,0.1549789831698406,0.045734167339035,0.1549789831698406,0.28684289615204
Austria,2003,0.0158323183490972,0.074212883325,0.0,0.13405502918446,0.0433624849199331,0.13405502918446,0.2674627157784904
Austria,2004,0.0032296829965606,0.07029387183,0.0,0.1517664656502847,0.0423883345616533,0.1517664656502847,0.2676783550384987
Austria,2005,0.0,0.06187866048,0.0,0.1583399169820274,0.0405750957166473,0.1583399169820274,0.2607936731786748
Austria,2006,0.0,0.071496806675,0.0,0.1697607943522906,0.0406850270288279,0.1697607943522906,0.2819426280561186
Austria,2007,0.0,0.07003494225,0.0,0.188564504692404,0.0428819647058714,0.188564504692404,0.3014814116482755
Austria,2008,0.0,0.05803921368,0.0,0.1948429400001874,0.0416758331461152,0.1948429400001874,0.2945579868263026
Austria,2009,0.0,0.059080758975,0.0,0.2070524172933129,0.0419480934145875,0.2070524172933129,0.3080812696829004
Austria,2010,0.0,0.0616001080466305,0.0,0.1962583668083445,0.0431387388700401,0.1962583668083445,0.3009972137250151
Austria,2011,0.0,0.0606968780210404,0.0,0.1818398740254691,0.0450259652938937,0.1818398740254691,0.2875627173404033
Austria,2012,0.0,0.0652350725049755,0.0,0.2128669730163983,0.0436356630301731,0.2128669730163983,0.321737708551547
Austria,2013,0.0,0.0524955217514927,0.0,0.2093961497420615,0.0370641403349961,0.2093961497420615,0.2989558118285504
Austria,2014,0.0,0.047839455975737,0.0,0.2118399213497136,0.0392856798930859,0.2118399213497136,0.2989650572185366
Austria,2015,0.0,0.0457426016491327,0.0,0.2062442343343181,0.0378046535210261,0.2062442343343181,0.289791489504477
Austria,2016,0.0,0.042953495405684,0.0,0.2168756516540154,0.0334073794250413,0.2168756516540154,0.2932365264847408
Austria,2017,0.0,0.045959515741832,0.0,0.2159217622678283,0.0311675317320026,0.2159217622678283,0.2930488097416629
Austria,2018,0.0,0.0373586836900704,0.0,0.2119596641605138,0.0291571648610118,0.2119596641605138,0.2784755127115961
Austria,2019,0.0,0.0334832918475318,0.0,0.2322291871772785,0.0275537370776904,0.2322291871772785,0.2932662161025009
Austria,2020,0.0,0.0274380914837243,0.0,0.2346189336640396,0.0238381188500829,0.2346189336640396,0.285895143997847
Austria,2021,0.0,0.0246664747006651,0.0,0.2316317050318531,0.0238236637918743,0.2316317050318531,0.2801218435243927
Austria,2022,0.0,0.0223897191066712,0.0,0.2202899607657283,0.0218705271513421,0.2202899607657283,0.2645502070237418
Austria,2023,0.0,0.0198823119263806,0.0,0.2423825183185431,0.0197590049750533,0.2423825183185431,0.282023835219977
Azerbaijan,1992,0.0,0.288403479,0.0,0.0059030050253113,0.4720627329308977,0.0059030050253113,0.7663692169562091
Azerbaijan,1993,0.0,0.251428674,0.0,0.0081072485203119,0.462188151666712,0.0081072485203119,0.721724074187024
Azerbaijan,1994,0.0,0.23589957,0.0,0.0061793884975946,0.3936834066601644,0.0061793884975946,0.6357623651577591
Azerbaijan,1995,0.0,0.24289353,0.0,0.005254698115017,0.3990467262973441,0.005254698115017,0.6471949544123612
Azerbaijan,1996,0.0,0.24773067,0.0,0.0051966917072538,0.3921439698309248,0.0051966917072538,0.6450713315381787
Azerbaijan,1997,0.0,0.2203698378,0.0,0.0057835800681518,0.3909901808918454,0.0057835800681518,0.6171435987599974
Azerbaijan,1998,0.0,0.20668915995,0.0,0.00658884549357,0.4980880118251296,0.00658884549357,0.7113660172686996
Azerbaijan,1999,0.0,0.22184883,0.0,0.0050875031749937,0.5940772390232524,0.0050875031749937,0.8210135721982461
Azerbaijan,2000,0.0,0.2092773963,0.0,0.0051830431407213,0.6067302103506452,0.0051830431407213,0.8211906497913666
Azerbaijan,2001,0.0,0.2114958846,0.0,0.0043948384234687,0.6457244495186767,0.0043948384234687,0.8616151725421455
Azerbaijan,2002,0.0,0.18714654525,0.0,0.0068242832662558,0.6622369801349571,0.0068242832662558,0.856207808651213
Azerbaijan,2003,0.0,0.18750675825,0.0,0.0083392741513646,0.6680674653572771,0.0083392741513646,0.8639134977586418
Azerbaijan,2004,0.0,0.184005276,0.0,0.0093049102335398,0.6695371040958705,0.0093049102335398,0.8628472903294104
Azerbaijan,2005,0.0,0.213754632,0.0,0.0101647699250881,0.962454260811242,0.0101647699250881,1.1863736627363302
Azerbaijan,2006,0.0,0.250482232,0.0,0.0085064690913879,1.3950247967130882,0.0085064690913879,1.6540134978044765
Azerbaijan,2007,0.0,0.3756640188,0.0,0.0079844114215193,1.851887331522768,0.0079844114215193,2.2355357617442877
Azerbaijan,2008,0.0,0.5664540126,0.0,0.0075408330092127,1.8728860381588488,0.0075408330092127,2.446880883768061
Azerbaijan,2009,0.0,0.5671935087,0.0,0.0078035679149635,2.1602607529561078,0.0078035679149635,2.7352578295710708
Azerbaijan,2010,0.0,0.5782859502,0.0,0.0116456393938656,2.222030098102713,0.0116456393938656,2.8119616876965785
Azerbaijan,2011,0.0,0.56756325675,0.0,0.0090387631861559,2.111215716509859,0.0090387631861559,2.687817736446015
Azerbaijan,2012,0.0,0.59492461245,0.0,0.0061520913645296,1.9851939384254045,0.0061520913645296,2.586270642239934
Azerbaijan,2013,0.0,0.6174792435,0.0,0.0058492479939337,1.86998305073312,0.0058492479939337,2.4933115422270538
Azerbaijan,2014,0.0,0.6470590875,0.0,0.0051797800052732,1.818827096161443,0.0051797800052732,2.471065963666716
Azerbaijan,2015,0.0,0.66554649,0.0,0.0064123352668825,1.8225079728926925,0.0064123352668825,2.494466798159575
Azerbaijan,2016,0.0,0.6463937037138,0.0,0.0076191106584062,1.795358307006255,0.0076191106584062,2.449371121378461
Azerbaijan,2017,0.0,0.6266863000641,0.0,0.0068858894234395,1.6951738284939115,0.0068858894234395,2.328746017981451
Azerbaijan,2018,0.0,0.664261666044,0.0,0.0071258941856945,1.6954586241982197,0.0071258941856945,2.366846184427914
Azerbaijan,2019,0.0,0.8531902222062,0.0,0.0066679075753241,1.6485230279861982,0.0066679075753241,2.5083811577677224
Azerbaijan,2020,0.0,0.9086519585562,0.0,0.0050086598023179,1.496800037024318,0.0050086598023179,2.410460655382836
Azerbaijan,2021,0.0,1.160078497095,0.0,0.0057075175109036,1.5269188618781675,0.0057075175109036,2.6927048764840715
Azerbaijan,2022,0.0,1.263607071615,0.0,0.0068407829511342,1.4327231095273751,0.0068407829511342,2.703170964093509
Azerbaijan,2023,0.0,1.322766257055,0.0,0.0070980374764343,1.325991208309132,0.0070980374764343,2.6558555028405664
Bahrain,1980,0.0,0.1047,0.0,0.0,0.0,0.0,0.1047
Bahrain,1981,0.0,0.12564,0.0,0.0,0.0,0.0,0.12564
Bahrain,1982,0.0,0.13611,0.0,0.0,0.0,0.0,0.13611
Bahrain,1983,0.0,0.14658,0.0,0.0,0.0,0.0,0.14658
Bahrain,1984,0.0,0.139251,0.0,0.0,0.1044930853170735,0.0,0.2437440853170735
Bahrain,1985,0.0,0.171708,0.0,0.0,0.1026509600000006,0.0,0.2743589600000006
Bahrain,1986,0.0,0.18846,0.0,0.0,0.1069409599999995,0.0,0.2954009599999995
Bahrain,1987,0.0,0.227199,0.0,0.0,0.106355462380953,0.0,0.333554462380953
Bahrain,1988,0.0,0.190554,0.0,0.0,0.1066413779999999,0.0,0.2971953779999999
Bahrain,1989,0.0,0.194742,0.0,0.0,0.106350008114754,0.0,0.301092008114754
Bahrain,1990,0.0,0.2146362275449097,0.0,0.0,0.1057690139725504,0.0,0.3204052415174602
Bahrain,1991,0.0,0.243951,0.0,0.0,0.1088985239725504,0.0,0.3528495239725505
Bahrain,1992,0.0,0.1967059626,0.0,0.0,0.1101833321860464,0.0,0.3068892947860465
Bahrain,1993,0.0,0.2447732091,0.0,0.0,0.1083175298303468,0.0,0.3530907389303468
Bahrain,1994,0.0,0.23996193,0.0,0.0,0.4073136602016448,0.0,0.6472755902016448
Bahrain,1995,0.0,0.23996193,0.0,0.0,0.411605158486052,0.0,0.651567088486052
Bahrain,1996,0.0,0.24292446885,0.0,0.0,0.4132244253227439,0.0,0.656148894172744
Bahrain,1997,0.0,0.29468919585,0.0,0.0,0.4206783934070699,0.0,0.7153675892570699
Bahrain,1998,0.0,0.30652113345,0.0,0.0,0.4237493827914771,0.0,0.7302705162414771
Bahrain,1999,0.0,0.31095811005,0.0,0.0,0.4095002542314885,0.0,0.7204583642814886
Bahrain,2000,0.0,0.31687407885,0.0,0.0,0.4187491907399998,0.0,0.7356232695899998
Bahrain,2001,0.0,0.3290757645,0.0,0.0,0.4085416867224931,0.0,0.7376174512224931
Bahrain,2002,0.0,0.3497816553,0.0,0.0,0.413851360524933,0.0,0.763633015824933
Bahrain,2003,0.0,0.3556976241,0.0,0.0,0.4218758995544031,0.0,0.7775735236544031
Bahrain,2004,0.0,0.36050434875,0.0,0.0,0.4223131323266509,0.0,0.782817481076651
Bahrain,2005,0.0,0.39600016155,0.0,0.0,0.4186760403259223,0.0,0.8146762018759224
Bahrain,2006,0.0,0.41892454065,0.0,0.0,0.4109543171200588,0.0,0.8298788577700589
Bahrain,2007,0.0,0.4355632029,0.0,0.0,0.4121130230202762,0.0,0.8476762259202761
Bahrain,2008,0.0,0.45885733005,0.0,0.0,0.4103425159534881,0.0,0.8691998460034882
Bahrain,2009,0.0,0.4614455664,0.0,0.0,0.4082085679431946,0.0,0.8696541343431946
Bahrain,2010,0.0,0.47216825985,0.0,0.0,0.4040624137571481,0.0,0.8762306736071481
Bahrain,2011,0.0,0.4666220391,0.0,0.0,0.4235691588448339,0.0,0.8901911979448339
Bahrain,2012,0.0,0.5065548285,0.0,2.7297133065e-06,0.3871925046382003,2.7297133065e-06,0.8937500628515068
Bahrain,2013,0.0,0.5435296335,0.0,2.7297133065e-06,0.4409291512199769,2.7297133065e-06,0.9844615144332834
Bahrain,2014,0.0,0.5731094775,0.0,2.83207755549e-05,0.4513708410274492,2.83207755549e-05,1.0245086393030045
Bahrain,2015,0.0,0.5731094775,0.0,2.83207755549e-05,0.4510587021330535,2.83207755549e-05,1.0241965004086084
Bahrain,2016,0.0,0.566823814047,0.0,2.83207755549e-05,0.4509761677033928,2.83207755549e-05,1.0178283025259478
Bahrain,2017,0.0,0.5874925544601,0.0,2.83207755549e-05,0.4447533758863894,2.83207755549e-05,1.0322742511220444
Bahrain,2018,0.0,0.5944413735786,0.0,4.09456995975e-05,0.4399492123427371,4.09456995975e-05,1.0344315316209347
Bahrain,2019,0.0,0.6568035512604,0.0,6.48306910294e-05,0.440163349313262,6.48306910294e-05,1.0970317312646916
Bahrain,2020,0.0,0.6637260143526,0.0,6.48306910294e-05,0.3844912839608187,6.48306910294e-05,1.0482821290044482
Bahrain,2021,0.0,0.6757462753191,0.0,0.0001364856653251,0.3918597766684927,0.0001364856653251,1.067742537652918
Bahrain,2022,0.0,0.6828493296828,0.0,0.0003002684637152,0.4201063395559281,0.0003002684637152,1.1032559377024431
Bahrain,2023,0.0,0.7228396678566,0.0,0.0003241534551471,0.40143119737045,0.0003241534551471,1.1245950186821971
Bangladesh,1980,0.0,0.04705,0.0,0.0021325885207049,0.0,0.0021325885207049,0.0491825885207049
Bangladesh,1981,0.0,0.05646,0.0,0.0017845500741259,0.0,0.0017845500741259,0.0582445500741259
Bangladesh,1982,0.0,0.061165,0.0,0.0022588377611306,0.0,0.0022588377611306,0.0634238377611307
Bangladesh,1983,0.0,0.064929,0.0,0.0022588377611306,0.0,0.0022588377611306,0.0671878377611307
Bangladesh,1984,0.0,0.089395,0.0,0.0030606910449157,0.0,0.0030606910449157,0.0924556910449157
Bangladesh,1985,0.0,0.0941,0.0,0.0025215726668815,0.0042222222222222,0.0025215726668815,0.1008437948891038
Bangladesh,1986,0.0,0.106333,0.0,0.0015354637349075,0.0063829787234042,0.0015354637349075,0.1142514424583118
Bangladesh,1987,0.0,0.123271,0.0,0.0017470165161615,0.00636,0.0017470165161615,0.1313780165161615
Bangladesh,1988,0.0,0.14115,0.0,0.0022793106109294,0.00636,0.0022793106109294,0.1497893106109295
Bangladesh,1989,0.0,0.154324,0.0,0.0031084610277795,0.0063426229508197,0.0031084610277795,0.1637750839785992
Bangladesh,1990,0.0,0.152442,0.0,0.0029856239289869,0.0063426229508197,0.0029856239289869,0.1617702468798066
Bangladesh,1991,0.0,0.162793,0.0,0.0028320775554961,0.0063426229508197,0.0028320775554961,0.1719677005063159
Bangladesh,1992,0.0,0.1940714636,0.0,0.0026887676069048,0.00636,0.0026887676069048,0.2031202312069048
Bangladesh,1993,0.0,0.21339653,0.0,0.002054109263143,0.0063426229508197,0.002054109263143,0.2217932622139627
Bangladesh,1994,0.0,0.23225676,0.0,0.0028627868301943,0.0063426229508197,0.0028627868301943,0.241462169781014
Bangladesh,1995,0.0,0.25480433,0.0,0.0020609335464092,0.0063426229508197,0.0020609335464092,0.263207886497229
Bangladesh,1996,0.0,0.2613747906,0.0,0.0024976876754496,0.00636,0.0024976876754496,0.2702324782754497
Bangladesh,1997,0.0,0.26379492755,0.0,0.0024295130856197,0.0052768306010929,0.0024295130856197,0.2715012712367127
Bangladesh,1998,0.0,0.283501757,0.0,0.0029209638450391,0.0042284153005464,0.0029209638450391,0.2906511361455856
Bangladesh,1999,0.0,0.31288913425,0.0,0.0028153580614938,0.0075937704918033,0.0028153580614938,0.3232982628032972
Bangladesh,2000,0.0,0.3353618345,0.0,0.0031988827810574,0.00848,0.0031988827810574,0.3470407172810575
Bangladesh,2001,0.0,0.3561058655,0.0,0.0033575473669978,0.0084568306010929,0.0033575473669978,0.3679202434680909
Bangladesh,2002,0.0,0.3837645735,0.0,0.0036066337062162,0.0126852459016394,0.0036066337062162,0.4000564531078556
Bangladesh,2003,0.0004660363064716,0.43208079075,0.0,0.003814774345837,0.00443475,0.003814774345837,0.4407963514023087
Bangladesh,2004,0.0013488162162709,0.470028524,0.0,0.0041559885091498,0.0171669,0.0041559885091498,0.4927002287254209
Bangladesh,2005,0.003716264785949,0.50232056,0.0,0.0043846019985694,0.0171199959016394,0.0043846019985694,0.5275414226861579
Bangladesh,2006,0.0063260012929357,0.5496822128,0.0,0.0047258161618821,0.0171199959016394,0.0047258161618821,0.5778540261564573
Bangladesh,2007,0.0081006221176866,0.59698347695,0.0,0.0026000519244434,0.0156417459016394,0.0026000519244434,0.6233258968937696
Bangladesh,2008,0.0141343329218398,0.6580561785,0.0,0.0032790681094359,0.0223894333333334,0.0032790681094359,0.6978590128646093
Bangladesh,2009,0.0172868946222797,0.720553134,0.0,0.0016066426894443,0.0194405382513662,0.0016066426894443,0.7588872095630903
Bangladesh,2010,0.0147189138994048,0.74145926085,0.0,0.0028515799650133,0.0209187882513662,0.0028515799650133,0.7799485429657844
Bangladesh,2011,0.0139255540012809,0.74072258995,0.0,0.0033417247102219,0.0209187882513662,0.0033417247102219,0.7789086569128691
Bangladesh,2012,0.017433039866671,0.81144299635,0.0,0.0031028199936282,0.0202694333333334,0.0031028199936282,0.8522482895436327
Bangladesh,2013,0.0178505977077888,0.839804826,0.0,0.0036721279247877,0.0188045806010929,0.0036721279247877,0.8801321322336696
Bangladesh,2014,0.019771363776931,0.8803217255,0.0,0.0026956498925786,0.0188045806010929,0.0026956498925786,0.9215933197706028
Bangladesh,2015,0.0141134550297839,0.989399256340361,0.0,0.0027601665705738,0.0202828306010929,0.0027601665705738,1.0265557085418118
Bangladesh,2016,0.021337205681123,1.0838764966769,0.0,0.0042543365914383,0.0247853,0.0042543365914383,1.1342533389494616
Bangladesh,2017,0.0242392326768922,1.017077235758488,0.0,0.0044385162364724,0.0245605759508197,0.0044385162364724,1.0703155606226722
Bangladesh,2018,0.0192702943675896,1.0145998874521878,0.0,0.0048001084456488,0.0244674462008197,0.0048001084456488,1.063137736466246
Bangladesh,2019,0.0195486662616688,1.008007376074988,0.0,0.0041028943052852,0.0238066684508197,0.0041028943052852,1.0554656050927618
Bangladesh,2020,0.0212119383287877,0.9250538277287887,0.0,0.0042729733650241,0.022472601,0.0042729733650241,0.9730113404226008
Bangladesh,2021,0.0219519436138808,0.9203791557561888,0.0,0.0046517210863013,0.0200977392008197,0.0046517210863013,0.9670805596571908
Bangladesh,2022,0.0147399021263414,0.8775634107246895,0.0,0.0054365136619208,0.0167140249508197,0.0054365136619208,0.9144538514637712
Bangladesh,2023,0.0152187650982901,0.8226145248138901,0.0,0.0059005649240262,0.0165296770508197,0.0059005649240262,0.8602635318870262
Barbados,1980,0.0,0.0004188,0.0,0.0,0.0,0.0,0.0004188
Barbados,1981,0.0,0.0004188,0.0,0.0,0.0,0.0,0.0004188
Barbados,1982,0.0,0.0004188,0.0,0.0,0.0,0.0,0.0004188
Barbados,1983,0.0,0.0004188,0.0,0.0,0.0,0.0,0.0004188
Barbados,1984,0.0,0.0004188,0.0,0.0,0.0,0.0,0.0004188
Barbados,1985,0.0,0.0004188,0.0,0.0,0.0,0.0,0.0004188
Barbados,1986,0.0,0.0004188,0.0,0.0,0.0,0.0,0.0004188
Barbados,1987,0.0,0.0003141,0.0,0.0,0.0,0.0,0.0003141
Barbados,1988,0.0,0.0009423,0.0,0.0,0.0,0.0,0.0009423
Barbados,1989,0.0,0.001047,0.0,0.0,0.0,0.0,0.001047
Barbados,1990,0.0,0.00125714337,0.0,0.0,0.002141419917821,0.0,0.003398563287821
Barbados,1991,0.0,0.001220168565,0.0,0.0,0.002141419917821,0.0,0.003361588482821
Barbados,1992,0.0,0.00177479064,0.0,0.0,0.0021472868217054,0.0,0.0039220774617054
Barbados,1993,0.0,0.001737815835,0.0,0.0,0.002141419917821,0.0,0.003879235752821
Barbados,1994,0.0,0.00170084103,0.0,0.0,0.002141419917821,0.0,0.003842260947821
Barbados,1995,0.0,0.001737815835,0.0,0.0,0.002141419917821,0.0,0.003879235752821
Barbados,1996,0.0,0.001663866225,0.0,0.0,0.0021472868217054,0.0,0.0038111530467054
Barbados,1997,0.0,0.001589916615,0.0,0.0,0.002141419917821,0.0,0.003731336532821
Barbados,1998,0.0,0.001368067785,0.0,0.0,0.002141419917821,0.0,0.003509487702821
Barbados,1999,0.0,0.001737815835,0.0,0.0,0.002141419917821,0.0,0.003879235752821
Barbados,2000,0.0,0.0014017961999999,0.0,0.0,0.0021472868217054,0.0,0.0035490830217054
Barbados,2001,0.0,0.0011913845999999,0.0,0.0,0.002141419917821,0.0,0.0033328045178209
Barbados,2002,0.0,0.001072269345,0.0,0.0,0.0022941236921252,0.0,0.0033663930371252
Barbados,2003,0.0,0.001072269345,0.0,0.0,0.0021710712500529,0.0,0.0032433405950529
Barbados,2004,0.0,0.00110924415,0.0,0.0,0.0021472868217054,0.0,0.0032565309717054
Barbados,2005,0.0,0.0009743383999999,0.0,0.0,0.002141419917821,0.0,0.003115758317821
Barbados,2006,0.0,0.0009932944,0.0,0.0,0.002141419917821,0.0,0.003134714317821
Barbados,2007,0.0,0.000696633,0.0,0.0,0.002141419917821,0.0,0.002838052917821
Barbados,2008,0.0,0.0006293392,0.0,0.0,0.0021472868217054,0.0,0.0027766260217054
Barbados,2009,0.0,0.0006037485999999,0.0,0.0,0.002141419917821,0.0,0.002745168517821
Barbados,2010,0.0,0.000597114,0.0,6.8242832662e-06,0.002141419917821,6.8242832662e-06,0.0027453582010872
Barbados,2011,0.0,0.0006103831999999,0.0,5.00736784869e-05,0.002141419917821,5.00736784869e-05,0.0028018767963079
Barbados,2012,0.0,0.0006985286,0.0,4.83020049472e-05,0.0021472868217054,4.83020049472e-05,0.0028941174266527
Barbados,2013,0.0,0.0008188992,0.0,3.94103358667e-05,0.002141419917821,3.94103358667e-05,0.0029997294536877
Barbados,2014,0.0,0.0005250812,0.0,5.97994821911e-05,0.002141419917821,5.97994821911e-05,0.0027263006000121
Barbados,2015,0.0,0.0006558776,0.0,7.20003886333e-05,0.002141419917821,7.20003886333e-05,0.0028692979064543
Barbados,2016,0.0,0.000634977231,0.0,0.0001034066922641,0.0021472868217054,0.0001034066922641,0.0028856707449696
Barbados,2017,0.0,0.000545447689338,0.0,0.0001432780472671,0.0013723450883212,0.0001432780472671,0.0020610708249264
Barbados,2018,0.0,0.001067009858811,0.0,0.0001380929320404,0.002141419917821,0.0001380929320404,0.0033465227086724
Barbados,2019,0.0,0.000949504926312,0.0,0.0001652733602612,0.002141419917821,0.0001652733602612,0.0032561982043942
Barbados,2020,0.0,0.000411230287371,0.0,0.000242748076126,0.0021472868217054,0.000242748076126,0.0028012651852025
Barbados,2021,0.0,0.000360834056379,0.0,0.0002922241298064,0.0011403501080188,0.0002922241298064,0.0017934082942042
Barbados,2022,0.0,0.000294412282149,0.0,0.000302791214255,0.0010845089168467,0.000302791214255,0.0016817124132507
Barbados,2023,0.0,0.00029420649744,0.0,0.0003133583074769,0.002141419917821,0.0003133583074769,0.0027489847227379
Belarus,1992,0.0,0.01061888,0.0,5.80064077631e-05,0.0839310454662207,5.80064077631e-05,0.0946079318739838
Belarus,1993,0.0,0.01061888,0.0,6.48306910294e-05,0.085847923763964,6.48306910294e-05,0.0965316344549934
Belarus,1994,0.0,0.01061888,0.0,6.48306910294e-05,0.085847923763964,6.48306910294e-05,0.0965316344549934
Belarus,1995,0.0,0.01098183,0.0,6.82428326625e-05,0.0837017256698649,6.82428326625e-05,0.0947517985025274
Belarus,1996,0.0,0.01098183,0.0,5.459426613e-05,0.0792608948934819,5.459426613e-05,0.090297319159612
Belarus,1997,0.0,0.007324331,0.0,7.16549742956e-05,0.0775089798492453,7.16549742956e-05,0.084904965823541
Belarus,1998,0.0,0.0080567641,0.0,9.55399657275e-05,0.0783357129950766,9.55399657275e-05,0.0864880170608042
Belarus,1999,0.0,0.00769054755,0.0,6.48306910294e-05,0.0796586412602689,6.48306910294e-05,0.0874140195012983
Belarus,2000,0.0,0.007360952655,0.0,9.21278240944e-05,0.0794525709632667,9.21278240944e-05,0.0869056514423611
Belarus,2001,0.0,0.007324331,0.0,0.0001023642489938,0.0794951774054306,0.0001023642489938,0.0869218726544245
Belarus,2002,0.0,0.00695811445,0.0,9.55399657275e-05,0.0792376336341387,9.55399657275e-05,0.0862912880498663
Belarus,2003,0.0,0.0058594648,0.0,9.55399657275e-05,0.0781216106252072,9.55399657275e-05,0.0840766153909348
Belarus,2004,0.0,0.0065982546,0.0,0.0001160128155263,0.0774339217158996,0.0001160128155263,0.084148189131426
Belarus,2005,0.0,0.00630499884,0.0,0.0001262492404257,0.0766192719593378,0.0001262492404257,0.0830505200397636
Belarus,2006,0.0,0.0062316849,0.0,0.0001426759222738,0.0764046521499279,0.0001426759222738,0.0827790129722018
Belarus,2007,0.0,0.0058651152,0.0,0.0002612188428212,0.0755461729122883,0.0002612188428212,0.0816725069551095
Belarus,2008,0.0,0.00557185944,0.0,0.0007755042037259,0.0753227331107109,0.0007755042037259,0.0816700967544369
Belarus,2009,0.0,0.0054985455,0.0,0.0016971884230226,0.0708245371052703,0.0016971884230226,0.0780202710282929
Belarus,2010,0.0,0.00098973819,0.0,0.0025503430879469,0.064385942822973,0.0025503430879469,0.06792602410092
Belarus,2011,0.0,0.00109864965,0.0,0.0023792675467076,0.064385942822973,0.0023792675467076,0.0678638600196806
Belarus,2012,0.0,0.0007324331,0.0,0.0025974927890049,0.0645623426663236,0.0025974927890049,0.0678922685553285
Belarus,2013,0.0,0.00139162289,0.0,0.0028440527363622,0.064385942822973,0.0028440527363622,0.0686216184493353
Belarus,2014,0.0,0.00109864965,0.0,0.0028699260254569,0.064385942822973,0.0028699260254569,0.0683545184984299
Belarus,2015,0.0,0.00109864965,0.0,0.0029531057798442,0.0559834302847055,0.0029531057798442,0.0600351857145498
Belarus,2016,0.0,0.0008056788988,0.0,0.0031514620057395,0.0703012175699968,0.0031514620057395,0.0742583584745363
Belarus,2017,0.0,0.0021606686231,0.0,0.0044815367133446,0.0685946902054543,0.0044815367133446,0.075236895541899
Belarus,2018,0.0,0.0023064583791,0.0,0.004389867976055,0.0722429858856369,0.004389867976055,0.0789393122407919
Belarus,2019,0.0,0.0025251430131,0.0,0.0059386458410301,0.0730650209156403,0.0059386458410301,0.0815288097697705
Belarus,2020,0.0,0.0024522481351,0.0034948602181734,0.0112955680144176,0.073973080269251,0.0078007077962441,0.0877208964187686
Belarus,2021,0.0,0.0027073802081,0.0597641776988955,0.0670340844623466,0.0729120293315023,0.007269906763451,0.142653494001949
Belarus,2022,0.0,0.0027073802081,0.0484420713701255,0.055432703541287,0.0681547960360961,0.0069906321711614,0.1262948797854831
Belarus,2023,0.0,0.002508340743721,0.1213378244457681,0.1287819038771539,0.0635383298156837,0.0074440794313858,0.1948285744365587
Belgium,1980,0.1688378749922618,0.0014756,0.1237634652447547,0.1276590958844711,0.0,0.0038956306397163,0.297972570876733
Belgium,1981,0.1648528774307829,0.0011781,0.1269851189710016,0.1311566448482054,0.0,0.0041715258772037,0.2971876222789884
Belgium,1982,0.1743649691745491,0.0011594,0.1539435099753258,0.1576556112122187,0.0,0.0037121012368928,0.3331799803867677
Belgium,1983,0.1623703577815998,0.0006444,0.2385586382285011,0.2418763117259916,0.0,0.0033176734974904,0.4048910695075914
Belgium,1984,0.1679309098684441,0.0013936,0.2754102638868719,0.2788841440826795,0.0,0.0034738801958075,0.4482086539511237
Belgium,1985,0.1654328460369738,0.0014938,0.3392916595124058,0.3433672186830486,0.0,0.0040755591706428,0.5102938647200225
Belgium,1986,0.1488442653069651,0.0009693,0.3871362254720348,0.3930251759139604,0.0,0.0058889504419256,0.5428387412209257
Belgium,1987,0.1150024952725712,0.001059,0.4126879220864831,0.419420368540724,0.0,0.0067324464542409,0.5354818638132953
Belgium,1988,0.0638511408822014,0.0006288,0.4243428998679719,0.4314010728426557,0.0,0.0070581729746837,0.4958810137248571
Belgium,1989,0.0479055585219262,0.0005015,0.4058381577625449,0.4132390369624748,0.0,0.0074008791999299,0.461646095484401
Belgium,1990,0.0262177277489252,0.00042252,0.4212189921990243,0.429661228624206,0.0,0.0084422364251816,0.4563014763731313
Belgium,1991,0.0160444395683577,0.000363156,0.4223853466127309,0.4316059893484473,0.0,0.0092206427357163,0.448013584916805
Belgium,1992,0.0055168577695614,0.000209668,0.4282463348939872,0.4384179191019265,0.0,0.0101715842079392,0.444144444871488
Belgium,1993,0.0,0.0001687122,0.4131841136826879,0.4230817105178025,0.0,0.0098975968351145,0.4232504227178025
Belgium,1994,0.0,4.616e-05,0.4003418066168556,0.4106488744485266,0.0,0.010307067831671,0.4106950344485267
Belgium,1995,0.0,0.0,0.4068119493112419,0.4187312760654791,0.0,0.0119193267542372,0.4187312760654791
Belgium,1996,0.0,7.522095e-05,0.4262889722356576,0.4379720571838348,0.0,0.0116830849481771,0.4380472781338348
Belgium,1997,0.0,0.0,0.4663716706622464,0.476611132087672,0.0,0.0102394614254256,0.476611132087672
Belgium,1998,0.0,0.0,0.4541118114689937,0.4657016078648962,0.0,0.0115897963959025,0.4657016078648962
Belgium,1999,0.0,0.0,0.4821728067508473,0.4956524042696966,0.0,0.0134795975188492,0.4956524042696966
Belgium,2000,0.0,6.067117e-05,0.4737130897230708,0.4889493101568294,0.0,0.0152362204337586,0.4890099813268294
Belgium,2001,0.0,0.0,0.4559342229706934,0.473909396094468,0.0,0.0179751731237746,0.473909396094468
Belgium,2002,0.0,0.0,0.465874649343601,0.4841920916744817,0.0,0.0183174423308807,0.4841920916744817
Belgium,2003,0.0,0.0,0.4660713869488981,0.4836411872462254,0.0,0.0175698002973272,0.4836411872462254
Belgium,2004,0.0,0.0,0.4653983372465658,0.4864596474714857,0.0,0.0210613102249198,0.4864596474714857
Belgium,2005,0.0,0.0,0.4694262808497544,0.4936753933957976,0.0,0.0242491125460432,0.4936753933957976
Belgium,2006,0.0,0.0,0.458854223217735,0.4921209750731121,0.0,0.0332667518553771,0.4921209750731121
Belgium,2007,0.0,0.0,0.4747899692468024,0.5137886160249548,0.0,0.0389986467781524,0.5137886160249548
Belgium,2008,0.0,0.0,0.448965569898853,0.4964797856942839,0.0,0.0475142157954309,0.4964797856942839
Belgium,2009,0.0,0.0,0.4655433017978374,0.5365720562327713,0.0,0.0710287544349338,0.5365720562327713
Belgium,2010,0.0,0.0,0.4734956428961634,0.5550447589987183,0.0,0.0815491161025548,0.5550447589987183
Belgium,2011,0.0,0.0,0.4757115296084574,0.5679304017069627,0.0,0.0922188720985053,0.5679304017069627
Belgium,2012,0.0,0.0,0.3982797500078295,0.4967188265347845,0.0,0.098439076526955,0.4967188265347845
Belgium,2013,0.0,0.0,0.4207285462333124,0.5196762499002118,0.0,0.0989477036668992,0.5196762499002118
Belgium,2014,0.0,0.0,0.3323208791792659,0.435052742165936,0.0,0.1027318629866701,0.435052742165936
Belgium,2015,0.0,0.0,0.2570532132369064,0.365433832449453,0.0,0.1083806192125465,0.365433832449453
Belgium,2016,0.0,0.0,0.4289967029611944,0.5351295521280945,0.0,0.1061328491669001,0.5351295521280945
Belgium,2017,0.0,0.0,0.4155149996929386,0.5316165522057543,0.0,0.1161015525128157,0.5316165522057543
Belgium,2018,0.0,0.0,0.2808822790827108,0.3978347601818978,0.0,0.116952481099187,0.3978347601818978
Belgium,2019,0.0,0.000142556232,0.427703412071636,0.5503964229752436,0.0,0.1226930109036076,0.5505389792072436
Belgium,2020,0.0,0.00021931728,0.337527105493919,0.4742193913955141,0.0,0.1366922859015951,0.4744387086755141
Belgium,2021,0.0,0.000190074976,0.495762927810897,0.6272204863821232,0.0,0.1314575585712263,0.6274105613581233
Belgium,2022,0.0,0.00049346388,0.4308044773036609,0.5669933704178272,0.0,0.1361888931141662,0.5674868342978272
Belgium,2023,0.0,0.00047518744,0.3232870976666175,0.4640636161898924,0.0,0.1407765185232748,0.4645388036298924
Belize,1980,0.0,0.0,0.0,0.0004155373799634,0.0,0.0004155373799634,0.0004155373799634
Belize,1981,0.0,0.0,0.0,0.000418137461089,0.0,0.000418137461089,0.000418137461089
Belize,1982,0.0,0.0,0.0,0.0004181775431528,0.0,0.0004181775431528,0.0004181775431528
Belize,1983,0.0,0.0,0.0,0.0004208181955625,0.0,0.0004208181955625,0.0004208181955625
Belize,1984,0.0,0.0,0.0,0.0004176173346993,0.0,0.0004176173346993,0.0004176173346993
Belize,1985,0.0,0.0,0.0,0.0004178973463222,0.0,0.0004178973463222,0.0004178973463222
Belize,1986,0.0,0.0,0.0,0.0004178573446618,0.0,0.0004178573446618,0.0004178573446618
Belize,1987,0.0,0.0,0.0,0.0004167772998307,0.0,0.0004167772998307,0.0004167772998307
Belize,1988,0.0,0.0,0.0,0.0004129771420915,0.0,0.0004129771420915,0.0004129771420915
Belize,1989,0.0,0.0,0.0,0.000417297321416,0.0,0.000417297321416,0.000417297321416
Belize,1990,0.0,0.0,0.0,0.0004160972716037,0.0,0.0004160972716037,0.0004160972716037
Belize,1991,0.0,0.0,0.0,0.0004174573280577,0.0,0.0004174573280577,0.0004174573280577
Belize,1992,0.0,0.0,0.0,0.000413697171979,0.0,0.000413697171979,0.000413697171979
Belize,1993,0.0,0.0,0.0,0.0004123771171854,0.0,0.0004123771171854,0.0004123771171854
Belize,1994,0.0,0.0,0.0,0.0004126571288082,0.0,0.0004126571288082,0.0004126571288082
Belize,1995,0.0,0.0,0.0,0.0005489827874917,0.0,0.0005489827874917,0.0005489827874917
Belize,1996,0.0,0.0,0.0,0.0006183456666458,0.0,0.0006183456666458,0.0006183456666458
Belize,1997,0.0,0.0,0.0,0.0006405625888385,0.0,0.0006405625888385,0.0006405625888385
Belize,1998,0.0,0.0,0.0,0.0006303685656992,0.0,0.0006303685656992,0.0006303685656992
Belize,1999,0.0,0.0,0.0,0.0006656500301824,0.0,0.0006656500301824,0.0006656500301824
Belize,2000,0.0,0.0,0.0,0.0003180116002075,0.0,0.0003180116002075,0.0003180116002075
Belize,2001,0.0,0.0,0.0,0.0003125521735945,0.0,0.0003125521735945,0.0003125521735945
Belize,2002,0.0,0.0,0.0,0.0003016333203685,0.0,0.0003016333203685,0.0003016333203685
Belize,2003,0.0,0.0,0.0,0.000209505496274,0.0,0.000209505496274,0.000209505496274
Belize,2004,0.0,0.0,0.0,0.0002163297795403,0.0,0.0002163297795403,0.0002163297795403
Belize,2005,0.0,0.0,0.0,0.0002347553443592,0.0,0.0002347553443592,0.0002347553443592
Belize,2006,0.0,0.0,0.0,0.0006070199965334,0.004720226222,0.0006070199965334,0.0053272462185334
Belize,2007,0.0,0.0,0.0,0.0006059963540435,0.006272831054,0.0006059963540435,0.0068788274080435
Belize,2008,0.0,0.0,0.0,0.0006981241781379,0.007361209287,0.0006981241781379,0.0080593334651379
Belize,2009,0.0,0.0,0.0,0.0006421650553546,0.008342386472,0.0006421650553546,0.0089845515273546
Belize,2010,0.0,0.0,0.0,0.0019336674637758,0.008671683663,0.0019336674637758,0.0106053511267758
Belize,2011,0.0,0.0,0.0,0.0014432499072432,0.008057890061,0.0014432499072432,0.0095011399682432
Belize,2012,0.0,0.0,0.0,0.0020064156834506,0.005900543447,0.0020064156834506,0.0079069591304506
Belize,2013,0.0,0.0,0.0,0.0017186168373313,0.004539407524,0.0017186168373313,0.0062580243613313
Belize,2014,0.0,0.0,0.0,0.0015041926368889,0.003680395535,0.0015041926368889,0.0051845881718889
Belize,2015,0.0,0.0,0.0,0.0016851989502025,0.0035726044,0.0016851989502025,0.0052578033502025
Belize,2016,0.0,0.0,0.0,0.0018297031483655,0.0035645838,0.0018297031483655,0.0053942869483655
Belize,2017,0.0,0.0,0.0,0.0019143105602984,0.0020694682226199,0.0019143105602984,0.0039837787829184
Belize,2018,0.0,0.0,0.0,0.0020626676183881,0.00172714712405,0.0020626676183881,0.0037898147424381
Belize,2019,0.0,0.0,0.0,0.0024165828089024,0.0020290855822279,0.0024165828089024,0.0044456683911303
Belize,2020,0.0,0.0,0.0,0.0020828666568213,0.0035645838,0.0020828666568213,0.0056474504568213
Belize,2021,0.0,0.0,0.0,0.001826953534233,0.0,0.001826953534233,0.001826953534233
Belize,2022,0.0,0.0,0.0,0.0022158094192066,0.0,0.0022158094192066,0.0022158094192066
Belize,2023,0.0,0.0,0.0,0.0021509474729108,0.001645941934889,0.0021509474729108,0.0037968894077998
Benin,1980,0.0,0.0,0.0,0.0,0.0,0.0,0.0
Benin,1981,0.0,0.0,0.0,0.0,0.0,0.0,0.0
Benin,1982,0.0,0.0,0.0,0.0,0.0,0.0,0.0
Benin,1983,0.0,0.0,0.0,0.0,0.0,0.0,0.0
Benin,1984,0.0,0.0,0.0,0.0,0.0112357142857142,0.0,0.0112357142857142
Benin,1985,0.0,0.0,0.0,0.0,0.0156887499999999,0.0,0.0156887499999999
Benin,1986,0.0,0.0,0.0,0.0,0.0156887499999999,0.0,0.0156887499999999
Benin,1987,0.0,0.0,0.0,0.0,0.0134485714285713,0.0,0.0134485714285713
Benin,1988,0.0,0.0,0.0,0.0,0.0089919999999999,0.0,0.0089919999999999
Benin,1989,0.0,0.0,0.0,0.0,0.0067255737704917,0.0,0.0067255737704917
Benin,1990,0.0,0.0,0.0,0.0,0.008967431693989,0.0,0.008967431693989
Benin,1991,0.0,0.0,0.0,0.0,0.008967431693989,0.0,0.008967431693989
Benin,1992,0.0,0.0,0.0,0.0,0.0089919999999999,0.0,0.0089919999999999
Benin,1993,0.0,0.0,0.0,0.0,0.008967431693989,0.0,0.008967431693989
Benin,1994,0.0,0.0,0.0,0.0,0.0067255737704917,0.0,0.0067255737704917
Benin,1995,0.0,0.0,0.0,0.0,0.0044837158469945,0.0,0.0044837158469945
Benin,1996,0.0,0.0,0.0,5.8006407763e-06,0.0022479999999999,5.8006407763e-06,0.0022538006407763
Benin,1997,0.0,0.0,0.0,5.8006407763e-06,0.0022418579234972,5.8006407763e-06,0.0022476585642735
Benin,1998,0.0,0.0,0.0,5.8006407763e-06,0.0022418579234972,5.8006407763e-06,0.0022476585642735
Benin,1999,0.0,0.0,0.0,5.8006407763e-06,0.0,5.8006407763e-06,5.8006407763e-06
Benin,2000,0.0,0.0,0.0,6.8242832662e-06,0.0,6.8242832662e-06,6.8242832662e-06
Benin,2001,0.0,0.0,0.0,6.8242832662e-06,0.0,6.8242832662e-06,6.8242832662e-06
Benin,2002,0.0,0.0,0.0,6.8242832662e-06,0.0,6.8242832662e-06,6.8242832662e-06
Benin,2003,0.0,0.0,0.0,6.8242832662e-06,0.0,6.8242832662e-06,6.8242832662e-06
Benin,2004,0.0,0.0,0.0,3.4121416331e-06,0.0,3.4121416331e-06,3.4121416331e-06
Benin,2005,0.0,0.0,0.0,3.4121416331e-06,0.0,3.4121416331e-06,3.4121416331e-06
Benin,2006,0.0,0.0,0.0,4.30897885956e-05,0.0,4.30897885956e-05,4.30897885956e-05
Benin,2007,0.0,0.0,0.0,3.30653724964e-05,0.0,3.30653724964e-05,3.30653724964e-05
Benin,2008,0.0,0.0,0.0,3.29753687604e-05,0.0,3.29753687604e-05,3.29753687604e-05
Benin,2009,0.0,0.0,0.0,1.31725467736e-05,0.0,1.31725467736e-05,1.31725467736e-05
Benin,2010,0.0,0.0,0.0,1.31685466075e-05,0.0,1.31685466075e-05,1.31685466075e-05
Benin,2011,0.0,0.0,0.0,3.4121416331e-06,0.0,3.4121416331e-06,3.4121416331e-06
Benin,2012,0.0,0.0,0.0,3.4121416331e-06,0.0,3.4121416331e-06,3.4121416331e-06
Benin,2013,0.0,0.0,0.0,6.8242832662e-06,0.0,6.8242832662e-06,6.8242832662e-06
Benin,2014,0.0,0.0,0.0,6.8242832662e-06,0.0,6.8242832662e-06,6.8242832662e-06
Benin,2015,0.0,0.0,0.0,2.04728497987e-05,0.0,2.04728497987e-05,2.04728497987e-05
Benin,2016,0.0,0.0,0.0,3.41214163312e-05,0.0,3.41214163312e-05,3.41214163312e-05
Benin,2017,0.0,0.0,0.0,2.04728497987e-05,0.0,2.04728497987e-05,2.04728497987e-05
Benin,2018,0.0,0.0,0.0,1.74019223289e-05,0.0,1.74019223289e-05,1.74019223289e-05
Benin,2019,0.0,0.0,0.0,2.76383472283e-05,0.0,2.76383472283e-05,2.76383472283e-05
Benin,2020,0.0,0.0,0.0,2.42262055952e-05,0.0,2.42262055952e-05,2.42262055952e-05
Benin,2021,0.0,0.0,0.0,5.83476219264e-05,0.0,5.83476219264e-05,5.83476219264e-05
Benin,2022,0.0,0.0,0.0,6.18384134242e-05,0.0,6.18384134242e-05,6.18384134242e-05
Benin,2023,0.0,0.0,0.0,0.0001128054023912,0.0,0.0001128054023912,0.0001128054023912
Bermuda,1980,0.0,0.0,0.0,0.0,0.0,0.0,0.0
Bermuda,1981,0.0,0.0,0.0,0.0,0.0,0.0,0.0
Bermuda,1982,0.0,0.0,0.0,0.0,0.0,0.0,0.0
Bermuda,1983,0.0,0.0,0.0,0.0,0.0,0.0,0.0
Bermuda,1984,0.0,0.0,0.0,0.0,0.0,0.0,0.0
Bermuda,1985,0.0,0.0,0.0,0.0,0.0,0.0,0.0
Bermuda,1986,0.0,0.0,0.0,0.0,0.0,0.0,0.0
Bermuda,1987,0.0,0.0,0.0,0.0,0.0,0.0,0.0
Bermuda,1988,0.0,0.0,0.0,0.0,0.0,0.0,0.0
Bermuda,1989,0.0,0.0,0.0,0.0,0.0,0.0,0.0
Bermuda,1990,0.0,0.0,0.0,0.0,0.0,0.0,0.0
Bermuda,1991,0.0,0.0,0.0,0.0,0.0,0.0,0.0
Bermuda,1992,0.0,0.0,0.0,0.0,0.0,0.0,0.0
Bermuda,1993,0.0,0.0,0.0,0.0,0.0,0.0,0.0
Bermuda,1994,0.0,0.0,0.0,0.0,0.0,0.0,0.0
Bermuda,1995,0.0,0.0,0.0,0.0,0.0,0.0,0.0
Bermuda,1996,0.0,0.0,0.0,0.0,0.0,0.0,0.0
Bermuda,1997,0.0,0.0,0.0,0.0,0.0,0.0,0.0
Bermuda,1998,0.0,0.0,0.0,0.0,0.0,0.0,0.0
Bermuda,1999,0.0,0.0,0.0,0.0,0.0,0.0,0.0
Bermuda,2000,0.0,0.0,0.0,6.63092524024e-05,0.0,6.63092524024e-05,6.63092524024e-05
Bermuda,2001,0.0,0.0,0.0,7.75007169441e-05,0.0,7.75007169441e-05,7.75007169441e-05
Bermuda,2002,0.0,0.0,0.0,7.63006671317e-05,0.0,7.63006671317e-05,7.63006671317e-05
Bermuda,2003,0.0,0.0,0.0,7.5940652188e-05,0.0,7.5940652188e-05,7.5940652188e-05
Bermuda,2004,0.0,0.0,0.0,7.51231182533e-05,0.0,7.51231182533e-05,7.51231182533e-05
Bermuda,2005,0.0,0.0,0.0,7.49956129608e-05,0.0,7.49956129608e-05,7.49956129608e-05
Bermuda,2006,0.0,0.0,0.0,7.43955880546e-05,0.0,7.43955880546e-05,7.43955880546e-05
Bermuda,2007,0.0,0.0,0.0,7.9075282302e-05,0.0,7.9075282302e-05,7.9075282302e-05
Bermuda,2008,0.0,0.0,0.0,6.89808632971e-05,0.0,6.89808632971e-05,6.89808632971e-05
Bermuda,2009,0.0,0.0,0.0,6.34426334131e-05,0.0,6.34426334131e-05,6.34426334131e-05
Bermuda,2010,0.0,0.0,0.0,6.04897108415e-05,0.0,6.04897108415e-05,6.04897108415e-05
Bermuda,2011,0.0,0.0,0.0,5.82984198841e-05,0.0,5.82984198841e-05,5.82984198841e-05
Bermuda,2012,0.0,0.0,0.0,5.70983700718e-05,0.0,5.70983700718e-05,5.70983700718e-05
Bermuda,2013,0.0,0.0,0.0,5.72483762983e-05,0.0,5.72483762983e-05,5.72483762983e-05
Bermuda,2014,0.0,0.0,0.0,5.70623685774e-05,0.0,5.70623685774e-05,5.70623685774e-05
Bermuda,2015,0.0,0.0,0.0,5.59163210066e-05,0.0,5.59163210066e-05,5.59163210066e-05
Bermuda,2016,0.0,0.0,0.0,5.53942993382e-05,0.0,5.53942993382e-05,5.53942993382e-05
Bermuda,2017,0.0,0.0,0.0,5.98869858232e-05,0.0,5.98869858232e-05,5.98869858232e-05
Bermuda,2018,0.0,0.0,0.0,5.91784564132e-05,0.0,5.91784564132e-05,5.91784564132e-05
Bermuda,2019,0.0,0.0,0.0,5.78849027196e-05,0.0,5.78849027196e-05,5.78849027196e-05
Bermuda,2020,0.0,0.0,0.0,5.26401850189e-05,0.0,5.26401850189e-05,5.26401850189e-05
Bermuda,2021,0.0,0.0,0.0,5.26401850189e-05,0.0,5.26401850189e-05,5.26401850189e-05
Bermuda,2022,0.0,0.0,0.0,5.59214934053e-05,0.0,5.59214934053e-05,5.59214934053e-05
Bermuda,2023,0.0,0.0,0.0,5.62957563474e-05,0.0,5.62957563474e-05,5.62957563474e-05
Bhutan,1980,8.294565944213266e-07,0.0,0.0,2.04728497987e-05,0.0,2.04728497987e-05,2.13023063931e-05
Bhutan,1981,1.4929315807e-06,0.0,0.0,2.38849914318e-05,0.0,2.38849914318e-05,2.53779230126e-05
Bhutan,1982,2.1564065671e-06,0.0,0.0,2.7297133065e-05,0.0,2.7297133065e-05,2.94535396321e-05
Bhutan,1983,2.8198815534e-06,0.0,0.0,2.7297133065e-05,0.0,2.7297133065e-05,3.01170146185e-05
Bhutan,1984,6.6350508275e-06,0.0,0.0,2.7297133065e-05,0.0,2.7297133065e-05,3.39321838925e-05
Bhutan,1985,6.6681869563e-06,0.0,0.0,2.7297133065e-05,0.0,2.7297133065e-05,3.39653200213e-05
Bhutan,1986,1.32702521369e-05,0.0,0.0,0.0010236424899383,0.0,0.0010236424899383,0.0010369127420753
Bhutan,1987,3.03556735479e-05,0.0,0.0,0.0039853814274934,0.0,0.0039853814274934,0.0040157371010414
Bhutan,1988,3.04618445939e-05,0.0,0.0,0.0052171645570526,0.0,0.0052171645570526,0.0052476264016466
Bhutan,1989,3.66325231238e-05,0.0,0.0,0.0052171645570526,0.0,0.0052171645570526,0.0052537970801764
Bhutan,1990,4.28032016536e-05,0.0,0.0,0.0052581102566501,0.0,0.0052581102566501,0.0053009134583038
Bhutan,1991,4.89738801835e-05,0.0,0.0,0.0053127045227802,0.0,0.0053127045227802,0.0053616784029637
Bhutan,1992,5.27187557198e-05,0.0,0.0,0.0054730751795372,0.0,0.0054730751795372,0.005525793935257
Bhutan,1993,0.0007630377673338,0.0,0.0,0.0054730751795372,0.0,0.0054730751795372,0.006236112946871
Bhutan,1994,0.0010616177632471,0.0,0.0,0.0056573308277261,0.0,0.0056573308277261,0.0067189485909732
Bhutan,1995,0.0010505592448799,0.0,0.0,0.0058518229008144,0.0,0.0058518229008144,0.0069023821456943
Bhutan,1996,0.0010616177632471,0.0,0.0,0.0063192863045529,0.0,0.0063192863045529,0.0073809040678
Bhutan,1997,0.0008957399877397,0.0,0.0,0.0062100977722928,0.0,0.0062100977722928,0.0071058377600325
Bhutan,1998,0.0010226198982253,0.0,0.0,0.0060838485318671,0.0,0.0060838485318671,0.0071064684300924
Bhutan,1999,0.0011494998087109,0.0,0.0,0.0060804363902339,0.0,0.0060804363902339,0.0072299361989448
Bhutan,2000,0.0012763797191964,0.0,0.0,0.0061145578065652,0.0,0.0061145578065652,0.0073909375257617
Bhutan,2001,0.0012193570136183,0.0,0.0,0.0065547240772387,0.0,0.0065547240772387,0.0077740810908571
Bhutan,2002,0.0012162280917998,0.0,0.0,0.0074316444769526,0.0,0.0074316444769526,0.0086478725687524
Bhutan,2003,0.001100167758275,0.0,0.0,0.0085371783660861,0.0,0.0085371783660861,0.0096373461243611
Bhutan,2004,0.0012439222646368,0.0,0.0,0.0079468778635549,0.0,0.0079468778635549,0.0091908001281917
Bhutan,2005,0.0014145890817492,0.0,0.0,0.0089398110787952,0.0,0.0089398110787952,0.0103544001605444
Bhutan,2006,0.0015170444674899,0.0,0.0,0.0152659216666144,0.0,0.0152659216666144,0.0167829661341043
Bhutan,2007,0.0014257172650652,0.0,0.0,0.0221584477655328,0.0,0.0221584477655328,0.0235841650305981
Bhutan,2008,0.0013884633321068,0.0,0.0,0.0235130679938846,0.0,0.0235130679938846,0.0249015313259914
Bhutan,2009,0.0013028869877225,0.0,0.0,0.0236393172343103,0.0,0.0236393172343103,0.0249422042220329
Bhutan,2010,0.0014566390978403,0.0,0.0,0.0247550875483432,0.0,0.0247550875483432,0.0262117266461835
Bhutan,2011,0.001640597550878,0.0,0.0,0.0237996878910673,0.0,0.0237996878910673,0.0254402854419453
Bhutan,2012,0.0016377278653617,0.0,0.0,0.0230148953154479,0.0,0.0230148953154479,0.0246526231808096
Bhutan,2013,0.0012896001779044,0.0,0.0,0.0256968386390865,0.0,0.0256968386390865,0.0269864388169909
Bhutan,2014,0.0013583896914073,0.0,0.0,0.0243968126768647,0.0,0.0243968126768647,0.025755202368272
Bhutan,2015,0.0014126814873308,0.0,0.0,0.0263826791073452,0.0,0.0263826791073452,0.0277953605946761
Bhutan,2016,0.0019537084399256,0.0,0.0,0.0268876760690481,0.0,0.0268876760690481,0.0288413845089738
Bhutan,2017,0.0026872199632192,0.0,0.0,0.0261062956350618,0.0,0.0261062956350618,0.0287935155982811
Bhutan,2018,0.0031019144019876,0.0,0.0,0.0235096558522515,0.0,0.0235096558522515,0.0266115702542391
Bhutan,2019,0.0030687388468861,0.0,0.0,0.0295047887016573,0.0,0.0295047887016573,0.0325735275485434
Bhutan,2020,0.0026093572836113,0.0,0.0,0.0387994625102978,0.0,0.0387994625102978,0.0414088197939091
Bhutan,2021,0.0030853266244369,0.0,0.0,0.0369296088953437,0.0,0.0369296088953437,0.0400149355197806
Bhutan,2022,0.0034510166032119,0.0,0.0,0.0367555896720541,0.0,0.0367555896720541,0.040206606275266
Bhutan,2023,8.37760351671e-05,0.0,0.0,0.038098480663542,0.0,0.038098480663542,0.0381822566987091
Bolivia,1980,0.0,0.073707,0.0,0.0041254473927716,0.0,0.0041254473927716,0.0778324473927716
Bolivia,1981,0.0,0.072774,0.0,0.0041405069267914,0.0,0.0041405069267914,0.0769145069267914
Bolivia,1982,0.0,0.081,0.0,0.0043077249140013,0.0,0.0043077249140013,0.0853077249140013
Bolivia,1983,0.0,0.084,0.0,0.0043791865199806,0.0,0.0043791865199806,0.0883791865199806
Bolivia,1984,0.0,0.092,0.0,0.0044198554618903,0.0488863200000001,0.0044198554618903,0.1453061754618905
Bolivia,1985,0.0,0.089,0.0,0.0042827987728628,0.0467168799999998,0.0042827987728628,0.1399996787728626
Bolivia,1986,0.0,0.092,0.0,0.0042354138059805,0.0426527199999999,0.0042354138059805,0.1388881338059804
Bolivia,1987,0.0,0.091,0.0,0.0043010755315049,0.0446898,0.0043010755315049,0.139990875531505
Bolivia,1988,0.0,0.098,0.0,0.0047539253286535,0.0448063200000001,0.0047539253286535,0.1475602453286537
Bolivia,1989,0.0,0.107,0.0,0.0047005151116717,0.0465734065573772,0.0047005151116717,0.1582739216690489
Bolivia,1990,0.0,0.107,0.0,0.0045639334423616,0.0502880696721313,0.0045639334423616,0.1618520031144929
Bolivia,1991,0.0,0.104,0.0,0.0050641942074717,0.0522946270491804,0.0050641942074717,0.1613588212566523
Bolivia,1992,0.0,0.11,0.0,0.0049860729647705,0.0503979000000001,0.0049860729647705,0.1653839729647707
Bolivia,1993,0.0,0.10311,0.0,0.0050872301636614,0.0500874139344263,0.0050872301636614,0.1582846440980878
Bolivia,1994,0.0,0.10489,0.0,0.0050159562051811,0.0645011844262297,0.0050159562051811,0.1744071406314109
Bolivia,1995,0.0,0.11744096,0.0,0.0047974791365099,0.0736193631147543,0.0047974791365099,0.1958578022512643
Bolivia,1996,0.0,0.11403390075,0.0,0.0054165448330432,0.0819810600000002,0.0054165448330432,0.2014315055830435
Bolivia,1997,0.0,0.11698623475,0.0,0.0058029488721232,0.0791956655737707,0.0058029488721232,0.201984849195894
Bolivia,1998,0.0,0.11181965025,0.0,0.0056212593304497,0.0908752467213117,0.0056212593304497,0.2083161563017615
Bolivia,1999,0.0,0.09115331225,0.0,0.0065883254719846,0.07485128,0.0065883254719846,0.1725929177219847
Bolivia,2000,0.0,0.122521861,0.0,0.0072147894756111,0.073022673696,0.0072147894756111,0.2027593241716111
Bolivia,2001,0.0,0.172711539,0.0,0.0077507997246313,0.08250170376,0.0077507997246313,0.2629640424846313
Bolivia,2002,0.0,0.214044215,0.0,0.0079912457052007,0.0843729012,0.0079912457052007,0.3064083619052007
Bolivia,2003,0.0,0.2664481435,0.0,0.0072584552881166,0.077667804661,0.0072584552881166,0.3513744034491167
Bolivia,2004,0.0,0.37088695875,0.0,0.0078219566782549,0.08983566153,0.0078219566782549,0.4685445769582549
Bolivia,2005,0.0,0.45576656125,0.0,0.0071931705782415,0.093802102874,0.0071931705782415,0.5567618347022416
Bolivia,2006,0.0,0.48676606825,0.0,0.0076895467821091,0.111289186542,0.0076895467821091,0.6057448015741091
Bolivia,2007,0.0,0.51997982575,0.0,0.0083090700976375,0.113575795652,0.0083090700976375,0.6418646914996375
Bolivia,2008,0.0,0.541052109675,0.0,0.0084376622353135,0.107906606394,0.0084376622353135,0.6573963783043136
Bolivia,2009,0.0,0.4657306885,0.0,0.0085336942214642,0.096120831529,0.0085336942214642,0.5703852142504643
Bolivia,2010,0.0,0.53031299475,0.0,0.0081317055354877,0.09911934303,0.0081317055354877,0.6375640433154878
Bolivia,2011,0.0,0.580133631,0.0,0.0087659478619812,0.102501756675,0.0087659478619812,0.6914013355369812
Bolivia,2012,0.0,0.66095377425,0.0,0.0087150137477789,0.117001934131,0.0087150137477789,0.7866707221287789
Bolivia,2013,0.0,0.755797504,0.0,0.0097898813639991,0.130442158863,0.0097898813639991,0.8960295442269992
Bolivia,2014,0.0,0.774987675,0.0,0.0088483312815994,0.141949190567,0.0088483312815994,0.9257851968485994
Bolivia,2015,0.0,0.7491547525,0.0,0.0102593238498865,0.139537980194,0.0102593238498865,0.8989520565438865
Bolivia,2016,0.0,0.7113282944625,0.0,0.0075756744554314,0.138561143367,0.0075756744554314,0.8574651122849314
Bolivia,2017,0.0,0.706559216781,0.0,0.0089982385040342,0.13387585134765,0.0089982385040342,0.8494333066326842
Bolivia,2018,0.0,0.6602186628345,0.0,0.0128704099672813,0.100524183436463,0.0128704099672813,0.7736132562382444
Bolivia,2019,0.0,0.579286754013,0.0,0.0168084622978879,0.0912973212032599,0.0168084622978879,0.687392537514148
Bolivia,2020,0.0,0.558413727553,0.0,0.0177786888549127,0.0846997257245797,0.0177786888549127,0.6608921421324925
Bolivia,2021,0.0,0.5747683281505,0.0,0.021214004722706,0.1094442008255893,0.021214004722706,0.7054265336987954
Bolivia,2022,0.0,0.5221378160625,0.0,0.021807025072,0.1027613413096101,0.021807025072,0.6467061824441102
Bolivia,2023,0.0,0.4539819498555,0.0,0.0213657432611604,0.0942559854177898,0.0213657432611604,0.5696036785344504
Bosnia and Herzegovina,1992,0.0217488063387777,0.000805504,0.0,0.0115125658701736,0.0,0.0115125658701736,0.0340668762089514
Bosnia and Herzegovina,1993,0.0188489654936071,0.0,0.0,0.0079946478464187,0.0,0.0079946478464187,0.0268436133400258
Bosnia and Herzegovina,1994,0.0202988859161923,0.0,0.0,0.01168317295183,0.0,0.01168317295183,0.0319820588680223
Bosnia and Herzegovina,1995,0.0237786949303962,0.03152576,0.0,0.0123075948706924,0.0,0.0123075948706924,0.0676120498010887
Bosnia and Herzegovina,1996,0.02450365514169,0.0,0.0,0.017415570895485,0.0,0.017415570895485,0.041919226037175
Bosnia and Herzegovina,1997,0.079064160643569,0.0,0.0,0.0157231486454535,0.0,0.0157231486454535,0.0947873092890225
Bosnia and Herzegovina,1998,0.1020019017288664,0.0,0.0,0.0153921709070401,0.0,0.0153921709070401,0.1173940726359065
Bosnia and Herzegovina,1999,0.0981886110174671,0.0,0.0,0.0186882997246417,0.0,0.0186882997246417,0.1168769107421088
Bosnia and Herzegovina,2000,0.1078595802361105,0.0,0.0,0.0172074302558642,0.0,0.0172074302558642,0.1250670104919747
Bosnia and Herzegovina,2001,0.1094979903136313,0.0,0.0,0.0175008744363132,0.0,0.0175008744363132,0.1269988647499445
Bosnia and Herzegovina,2002,0.1156228626728716,0.0,0.0,0.0177943186167622,0.0,0.0177943186167622,0.1334171812896338
Bosnia and Herzegovina,2003,0.1039884766604353,0.0,0.0,0.0152045031172181,0.0,0.0152045031172181,0.1191929797776534
Bosnia and Herzegovina,2004,0.0817671022953521,0.0,0.0,0.0201964663264842,0.0,0.0201964663264842,0.1019635686218364
Bosnia and Herzegovina,2005,0.0835994827270069,0.0,0.0,0.0202612970175137,0.0,0.0202612970175137,0.1038607797445206
Bosnia and Herzegovina,2006,0.0854816969235857,0.0,0.0,0.0197835971888757,0.0,0.0197835971888757,0.1052652941124615
Bosnia and Herzegovina,2007,0.08892976717974,0.0,0.0,0.0135154930088197,0.0,0.0135154930088197,0.1024452601885598
Bosnia and Herzegovina,2008,0.0980246105184688,0.0,0.0,0.0164396983884104,0.0,0.0164396983884104,0.1144643089068792
Bosnia and Herzegovina,2009,0.0972061304399195,0.0,0.0,0.0210767988678312,0.0,0.0210767988678312,0.1182829293077508
Bosnia and Herzegovina,2010,0.0926984293405317,0.0,0.0,0.0271128774168346,0.0,0.0271128774168346,0.1198113067573663
Bosnia and Herzegovina,2011,0.1029771037058927,0.0,0.0,0.0148223432543077,0.0,0.0148223432543077,0.1177994469602005
Bosnia and Herzegovina,2012,0.1010672105284465,0.0,0.0,0.014242279176676,0.0,0.014242279176676,0.1153094897051225
Bosnia and Herzegovina,2013,0.0904301883306436,0.0,0.0,0.0244548190846279,0.0,0.0244548190846279,0.1148850074152716
Bosnia and Herzegovina,2014,0.0905720658308828,0.0,0.0,0.0200804535109579,0.0,0.0200804535109579,0.1106525193418407
Bosnia and Herzegovina,2015,0.0889225595786803,0.0,0.0,0.0187838396903693,0.0,0.0187838396903693,0.1077063992690496
Bosnia and Herzegovina,2016,0.0940931618636278,0.0,0.0,0.0191421145618477,0.0,0.0191421145618477,0.1132352764254756
Bosnia and Herzegovina,2017,0.104283154493947,0.0,0.0,0.013734556101816,0.0,0.013734556101816,0.118017710595763
Bosnia and Herzegovina,2018,0.1040767233387819,0.0,0.0,0.0227396918921467,0.0,0.0227396918921467,0.1268164152309287
Bosnia and Herzegovina,2019,0.0968848264479321,0.0,0.0,0.0221000293406674,0.0,0.0221000293406674,0.1189848557885995
Bosnia and Herzegovina,2020,0.0926674143590381,0.0,0.0,0.0170723976508535,0.0,0.0170723976508535,0.1097398120098917
Bosnia and Herzegovina,2021,0.0984010561006654,0.0,0.0,0.02510650813531,0.0,0.02510650813531,0.1235075642359755
Bosnia and Herzegovina,2022,0.2036787123789705,0.0,0.0,0.0206539593163651,0.0,0.0206539593163651,0.2243326716953357
Bosnia and Herzegovina,2023,0.1860979310852351,0.0,0.0,0.0235337035453129,0.0,0.0235337035453129,0.2096316346305481
Botswana,1980,0.0082620572281508,0.0,0.0,0.0,0.0,0.0,0.0082620572281508
Botswana,1981,0.0084847438148405,0.0,0.0,0.0,0.0,0.0,0.0084847438148405
Botswana,1982,0.0092419125542226,0.0,0.0,0.0,0.0,0.0,0.0092419125542226
Botswana,1983,0.0087965191781155,0.0,0.0,0.0,0.0,0.0,0.0087965191781155
Botswana,1984,0.0087519798405048,0.0,0.0,0.0,0.0,0.0,0.0087519798405048
Botswana,1985,0.0097318452679404,0.0,0.0,0.0,0.0,0.0,0.0097318452679404
Botswana,1986,0.0109121377146243,0.0,0.0,0.0,0.0,0.0,0.0109121377146243
Botswana,1987,0.0108453287082082,0.0,0.0,0.0,0.0,0.0,0.0108453287082082
Botswana,1988,0.0135622283024616,0.0,0.0,0.0,0.0,0.0,0.0135622283024616
Botswana,1989,0.0147647904179509,0.0,0.0,0.0,0.0,0.0,0.0147647904179509
Botswana,1990,0.0176821170314525,0.0,0.0,0.0,0.0,0.0,0.0176821170314525
Botswana,1991,0.0174594203433989,0.0,0.0,0.0,0.0,0.0,0.0174594203433989
Botswana,1992,0.0200649715936255,0.0,0.0,0.0,0.0,0.0,0.0200649715936255
Botswana,1993,0.0198200052367666,0.0,0.0,0.0,0.0,0.0,0.0198200052367666
Botswana,1994,0.0200649715936255,0.0,0.0,0.0,0.0,0.0,0.0200649715936255
Botswana,1995,0.0202653986128737,0.0,0.0,0.0,0.0,0.0,0.0202653986128737
Botswana,1996,0.016212318890299,0.0,0.0,0.0,0.0,0.0,0.016212318890299
Botswana,1997,0.0172812629929561,0.0,0.0,0.0,0.0,0.0,0.0172812629929561
Botswana,1998,0.0205771739761487,0.0,0.0,0.0,0.0,0.0,0.0205771739761487
Botswana,1999,0.0160118918710508,0.0,0.0,0.0,0.0,0.0,0.0160118918710508
Botswana,2000,0.0209334886770344,0.0,0.0,0.0,0.0,0.0,0.0209334886770344
Botswana,2001,0.0203767469569005,0.0,0.0,0.0,0.0,0.0,0.0203767469569005
Botswana,2002,0.021222994371504,0.0,0.0,0.0,0.0,0.0,0.021222994371504
Botswana,2003,0.0183279374268078,0.0,0.0,0.0,0.0,0.0,0.0183279374268078
Botswana,2004,0.0202876682816791,0.0,0.0,0.0,0.0,0.0,0.0202876682816791
Botswana,2005,0.0219356237732754,0.0,0.0,0.0,0.0,0.0,0.0219356237732754
Botswana,2006,0.0214234213907522,0.0,0.0,0.0,0.0,0.0,0.0214234213907522
Botswana,2007,0.0184392857708346,0.0,0.0,0.0,0.0,0.0,0.0184392857708346
Botswana,2008,0.0202653986128737,0.0,0.0,0.0,0.0,0.0,0.0202653986128737
Botswana,2009,0.0164350155783525,0.0,0.0,0.0,0.0,0.0,0.0164350155783525
Botswana,2010,0.0220024327796915,0.0,0.0,0.0,0.0,0.0,0.0220024327796915
Botswana,2011,0.0175484990186203,0.0,0.0,0.0,0.0,0.0,0.0175484990186203
Botswana,2012,0.0327586828126783,0.0,0.0,3.4121416331e-06,0.0,3.4121416331e-06,0.0327620949543115
Botswana,2013,0.0333154245328114,0.0,0.0,6.8242832662e-06,0.0,6.8242832662e-06,0.0333222488160777
Botswana,2014,0.0382123172645068,0.0,0.0,1.02364248993e-05,0.0,1.02364248993e-05,0.0382225536894062
Botswana,2015,0.0465342119179696,0.0,0.0,1.02364248993e-05,0.0,1.02364248993e-05,0.046544448342869
Botswana,2016,0.0419204401748203,0.0,0.0,1.70607081656e-05,0.0,1.70607081656e-05,0.0419375008829859
Botswana,2017,0.0496081234111163,0.0,0.0,1.70607081656e-05,0.0,1.70607081656e-05,0.0496251841192819
Botswana,2018,0.0483931745516717,0.0,0.0,2.04728497987e-05,0.0,2.04728497987e-05,0.0484136474014705
Botswana,2019,0.0471782033266152,0.0,0.0,2.04728497987e-05,0.0,2.04728497987e-05,0.047198676176414
Botswana,2020,0.0419391209422779,0.0,0.0,2.04728497987e-05,0.0,2.04728497987e-05,0.0419595937920767
Botswana,2021,0.0443400685494006,0.0,0.0,2.04728497987e-05,0.0,2.04728497987e-05,0.0443605413991993
Botswana,2022,0.0588381322133413,0.0,0.0,2.16526182412e-05,0.0,2.16526182412e-05,0.0588597848315826
Botswana,2023,0.0496998499521411,0.0,0.0,2.04728497987e-05,0.0,2.04728497987e-05,0.0497203228019398
Brazil,1980,0.0835212709442246,0.056616,0.0,0.5415592966472613,0.0,0.5415592966472613,0.681696567591486
Brazil,1981,0.0906433632967749,0.056616,0.0,0.5563297276666468,0.0,0.5563297276666468,0.7035890909634217
Brazil,1982,0.1011114050766977,0.050922,0.0005200175851875,0.6315499416597713,0.0,0.6310299240745837,0.7835833467364691
Brazil,1983,0.1073412442486153,0.063099,0.001780093889156,0.7232125940451783,0.0,0.7214325001560222,0.8936528382937936
Brazil,1984,0.1198009225924504,0.081918,0.0280034803844923,0.8756726635188457,1.0165093514523944,0.8476691831343532,2.0939009375636903
Brazil,1985,0.1228760094471309,0.101844,0.0299298083436158,0.9298185257282844,1.2057238829787194,0.8998887173846685,2.3602624181541345
Brazil,1986,0.1177614867510042,0.09963,0.0011956726306639,0.8862627465266377,1.2664739150000075,0.8850670738959737,2.370128148277649
Brazil,1987,0.1096834088477761,0.116235,0.009380054352665,0.9300407303932464,1.2585759710053768,0.9206606760405815,2.4145351102463994
Brazil,1988,0.1168055012003264,0.107379,0.0031801120019091,0.9741477950519688,1.2342228804225694,0.9709676830500596,2.4325551766748643
Brazil,1989,0.1062896601428696,0.136161,0.0155209982544794,1.0078525510033327,1.317861429198487,0.9923315527488532,2.568164640344689
Brazil,1990,0.0732125600894147,0.113975,0.0198603123732135,1.0218973825961166,1.3960115550147072,1.0020370702229031,2.605096497700239
Brazil,1991,0.0826608839486145,0.1396605,0.0140376026808468,1.0771621201555348,1.3800700739776397,1.063124517474688,2.679553578081789
Brazil,1992,0.0753794606709513,0.1529866989,0.0170398052979915,1.085216058937039,1.3973063958592358,1.0681762536390476,2.710888614367226
Brazil,1993,0.0732125600894147,0.15184,0.0043002402688344,1.1026669242439835,1.4283421093636055,1.0983666839751491,2.756061593697004
Brazil,1994,0.0818004969530044,0.158288,0.0005349863585199,1.156495188933713,1.4666215392322215,1.155960202575193,2.8632052251189397
Brazil,1995,0.0828361479662388,0.1656408,0.0244637277602643,1.2255552440481083,1.519490019512548,1.201091516287844,2.993522211526895
Brazil,1996,0.0765585095167873,0.18547438,0.0235739147654972,1.30761271835219,1.7182670528954973,1.2840388035866928,3.287912660764474
Brazil,1997,0.0899741734113004,0.202736352,0.030755757880552,1.395251593469339,1.842862893551828,1.3644958355887868,3.530825012432467
Brazil,1998,0.0878869382923203,0.21302008,0.0320271382157846,1.4087411864276391,2.1321539671808765,1.3767140482118545,3.841802171900836
Brazil,1999,0.0901813036139472,0.226609292,0.0385960217477621,1.404819458002107,2.417196134441063,1.3662234362543448,4.138806188057117
Brazil,2000,0.1084406276318949,0.267744204,0.0504670056733576,1.4087702382343616,2.7205150883460085,1.358303232561004,4.505470158212265
Brazil,2001,0.0900857050588794,0.243136712,0.1477800241578286,1.411861494199356,2.850840471754569,1.2640814700415277,4.595924383012804
Brazil,2002,0.0819598278781174,0.298595388,0.1433470377308907,1.505515536012113,3.2003650499608254,1.3621684982812223,5.0864358018510565
Brazil,2003,0.0740251478074909,0.323937432,0.1387897619648797,1.6256039001186602,3.3116399019505285,1.4868141381537805,5.33520638187668
Brazil,2004,0.0861342981160775,0.354788616,0.1201463611039257,1.6680859015508285,3.298091275886661,1.5479395404469023,5.407100091553567
Brazil,2005,0.0996614936581696,0.3650391479,0.0952574209545521,1.7413614817452978,3.637214550136935,1.6461040607907456,5.8432766734404025
Brazil,2006,0.0937184501514554,0.3691491076,0.1344810648770148,1.8265824462727347,3.852398426020663,1.69210138139572,6.1418484300448535
Brazil,2007,0.0950408968298932,0.3676545768,0.1206642333500633,2.028882715482975,3.909580811862608,1.908218482132912,6.401159000975476
Brazil,2008,0.105349607684703,0.4715244674,0.136811489984634,2.1626355523263685,4.054390132207941,2.0258240623417345,6.793899759619014
Brazil,2009,0.0909620251470008,0.3840944156,0.1266094067357231,2.2362541503444904,4.329291321464533,2.1096447436087677,7.040601912556024
Brazil,2010,0.0862776959486792,0.4704035693,0.142663446365989,2.461808517636345,4.5606100082216265,2.319145071270356,7.579099791106651
Brazil,2011,0.087711674274696,0.5447564766,0.153238397632119,2.481216442262842,4.677433187809394,2.327978044630723,7.791117780946933
Brazil,2012,0.1054133400547482,0.63427887152,0.1571224394781511,2.4894798330977674,4.595127832878543,2.332357393619616,7.824299877551058
Brazil,2013,0.1369289970420959,0.71098566483,0.1516847808937062,2.541999520289192,4.505808749193312,2.3903147393954858,7.8957229313546
Brazil,2014,0.1278243254330377,0.76045463431,0.1497997259177653,2.6015143104219782,5.005801228648081,2.451714584504213,8.495594498813096
Brazil,2015,0.1280903444046606,0.7625843407,0.1440451295186842,2.652241173166082,5.396806496437021,2.5081960436473976,8.939722354707763
Brazil,2016,0.1100996597583821,0.7826557851702,0.1550923802732917,2.743267574532504,5.579731625796889,2.588175194259212,9.215754645257975
Brazil,2017,0.0808130155415692,0.879902842150054,0.1538722732613915,2.785191534227086,5.827698769951383,2.6313192609656944,9.573606161870092
Brazil,2018,0.0814666193361987,0.8135582041107758,0.1532332189096577,3.0330407945087066,5.746237228870767,2.879807575599049,9.674302846826448
Brazil,2019,0.0910827611054808,0.8334531786737884,0.1570302582183386,3.2073850922468874,6.173854597991214,3.050354834028549,10.305775630017372
Brazil,2020,0.0902847223491993,0.7845661644276152,0.1374761558919416,3.1661738412646376,6.514798752133119,3.028697685372696,10.555823480174572
Brazil,2021,0.1125688424824998,0.7876847906172953,0.1424186533701802,3.008621463692429,6.4076530322536405,2.8662028103222488,10.316528129045864
Brazil,2022,0.0957850021741726,0.7446304203171985,0.1515220489478055,3.332831359540947,6.660105720552653,3.1813093105931416,10.83335250258497
Brazil,2023,0.0988383381837168,0.7582294333187239,0.1510849360928149,3.504786458812975,7.46177827058425,3.35370152272016,11.823632500899668
British Virgin Islands,1980,0.0,0.0,0.0,0.0,0.0,0.0,0.0
British Virgin Islands,1981,0.0,0.0,0.0,0.0,0.0,0.0,0.0
British Virgin Islands,1982,0.0,0.0,0.0,0.0,0.0,0.0,0.0
British Virgin Islands,1983,0.0,0.0,0.0,0.0,0.0,0.0,0.0
British Virgin Islands,1984,0.0,0.0,0.0,0.0,0.0,0.0,0.0
British Virgin Islands,1985,0.0,0.0,0.0,0.0,0.0,0.0,0.0
British Virgin Islands,1986,0.0,0.0,0.0,0.0,0.0,0.0,0.0
British Virgin Islands,1987,0.0,0.0,0.0,0.0,0.0,0.0,0.0
British Virgin Islands,1988,0.0,0.0,0.0,0.0,0.0,0.0,0.0
British Virgin Islands,1989,0.0,0.0,0.0,0.0,0.0,0.0,0.0
British Virgin Islands,1990,0.0,0.0,0.0,0.0,0.0,0.0,0.0
British Virgin Islands,1991,0.0,0.0,0.0,0.0,0.0,0.0,0.0
British Virgin Islands,1992,0.0,0.0,0.0,0.0,0.0,0.0,0.0
British Virgin Islands,1993,0.0,0.0,0.0,0.0,0.0,0.0,0.0
British Virgin Islands,1994,0.0,0.0,0.0,0.0,0.0,0.0,0.0
British Virgin Islands,1995,0.0,0.0,0.0,0.0,0.0,0.0,0.0
British Virgin Islands,1996,0.0,0.0,0.0,0.0,0.0,0.0,0.0
British Virgin Islands,1997,0.0,0.0,0.0,0.0,0.0,0.0,0.0
British Virgin Islands,1998,0.0,0.0,0.0,0.0,0.0,0.0,0.0
British Virgin Islands,1999,0.0,0.0,0.0,0.0,0.0,0.0,0.0
British Virgin Islands,2000,0.0,0.0,0.0,0.0,0.0,0.0,0.0
British Virgin Islands,2001,0.0,0.0,0.0,0.0,0.0,0.0,0.0
British Virgin Islands,2002,0.0,0.0,0.0,0.0,0.0,0.0,0.0
British Virgin Islands,2003,0.0,0.0,0.0,0.0,0.0,0.0,0.0
British Virgin Islands,2004,0.0,0.0,0.0,0.0,0.0,0.0,0.0
British Virgin Islands,2005,0.0,0.0,0.0,0.0,0.0,0.0,0.0
British Virgin Islands,2006,0.0,0.0,0.0,0.0,0.0,0.0,0.0
British Virgin Islands,2007,0.0,0.0,0.0,0.0,0.0,0.0,0.0
British Virgin Islands,2008,0.0,0.0,0.0,0.0,0.0,0.0,0.0
British Virgin Islands,2009,0.0,0.0,0.0,0.0,0.0,0.0,0.0
British Virgin Islands,2010,0.0,0.0,0.0,3.7533557964e-06,0.0,3.7533557964e-06,3.7533557964e-06
British Virgin Islands,2011,0.0,0.0,0.0,4.7769982863e-06,0.0,4.7769982863e-06,4.7769982863e-06
British Virgin Islands,2012,0.0,0.0,0.0,4.7769982863e-06,0.0,4.7769982863e-06,4.7769982863e-06
British Virgin Islands,2013,0.0,0.0,0.0,4.7769982863e-06,0.0,4.7769982863e-06,4.7769982863e-06
British Virgin Islands,2014,0.0,0.0,0.0,4.7769982863e-06,0.0,4.7769982863e-06,4.7769982863e-06
British Virgin Islands,2015,0.0,0.0,0.0,5.459426613e-06,0.0,5.459426613e-06,5.459426613e-06
British Virgin Islands,2016,0.0,0.0,0.0,5.459426613e-06,0.0,5.459426613e-06,5.459426613e-06
British Virgin Islands,2017,0.0,0.0,0.0,7.8479257561e-06,0.0,7.8479257561e-06,7.8479257561e-06
British Virgin Islands,2018,0.0,0.0,0.0,1.36485665325e-05,0.0,1.36485665325e-05,1.36485665325e-05
British Virgin Islands,2019,0.0,0.0,0.0,1.36485665325e-05,0.0,1.36485665325e-05,1.36485665325e-05
British Virgin Islands,2020,0.0,0.0,0.0,1.36485665325e-05,0.0,1.36485665325e-05,1.36485665325e-05
British Virgin Islands,2021,0.0,0.0,0.0,1.36485665325e-05,0.0,1.36485665325e-05,1.36485665325e-05
British Virgin Islands,2022,0.0,0.0,0.0,1.36485665325e-05,0.0,1.36485665325e-05,1.36485665325e-05
British Virgin Islands,2023,0.0,0.0,0.0,1.36485665325e-05,0.0,1.36485665325e-05,1.36485665325e-05
Brunei,1980,0.0,0.383624,0.0,0.0,0.0,0.0,0.383624
Brunei,1981,0.0,0.416402,0.0,0.0,0.0,0.0,0.416402
Brunei,1982,0.0,0.393336,0.0,0.0,0.0,0.0,0.393336
Brunei,1983,0.0,0.401834,0.0,0.0,0.0,0.0,0.401834
Brunei,1984,0.0,0.367842,0.0,0.0,0.3613103302868864,0.0,0.7291523302868865
Brunei,1985,0.0,0.35813,0.0,0.0,0.3501437143486439,0.0,0.708273714348644
Brunei,1986,0.0,0.355702,0.0,0.0,0.3452710708433724,0.0,0.7009730708433725
Brunei,1987,0.0,0.373912,0.0,0.0,0.3238750399999986,0.0,0.6977870399999986
Brunei,1988,0.0,0.369056,0.0,0.0,0.3135300546277382,0.0,0.6825860546277382
Brunei,1989,0.0,0.372698,0.0,0.0,0.3121774007347144,0.0,0.6848754007347144
Brunei,1990,0.0,0.386052,0.0,0.0,0.3164588095337252,0.0,0.7025108095337252
Brunei,1991,0.0,0.319658,0.0,0.0,0.3426432767272955,0.0,0.6623012767272956
Brunei,1992,0.0,0.330103431,0.0,0.0,0.382901753918393,0.0,0.7130051849183929
Brunei,1993,0.0,0.3374393513,0.0,0.0,0.3989199159913857,0.0,0.7363592672913858
Brunei,1994,0.0,0.3431419,0.0,0.0,0.3842340973164226,0.0,0.7273759973164226
Brunei,1995,0.0,0.3810508,0.0,0.0,0.3796879127198767,0.0,0.7607387127198767
Brunei,1996,0.0,0.3753398271,0.0,0.0,0.3592624601459865,0.0,0.7346022872459865
Brunei,1997,0.0,0.3741172218,0.0,0.0,0.3544812475263064,0.0,0.7285984693263063
Brunei,1998,0.0,0.3298152606,0.0,0.0,0.3423039091292739,0.0,0.6721191697292739
Brunei,1999,0.0,0.34941190725,0.0,0.0,0.3936808147174038,0.0,0.7430927219674038
Brunei,2000,0.0,0.36568082145,0.0,0.0,0.4106230484087604,0.0,0.7763038698587604
Brunei,2001,0.0,0.38268923175,0.0,0.0,0.4271227771070174,0.0,0.8098120088570174
Brunei,2002,0.0,0.40117663425,0.0,0.0,0.4407529059411286,0.0,0.8419295401911286
Brunei,2003,0.0,0.421512777,0.0,0.0,0.4485298211020715,0.0,0.8700425981020716
Brunei,2004,0.0,0.4252102575,0.0,0.0,0.442441514082886,0.0,0.867651771582886
Brunei,2005,0.0,0.4252102575,0.0,0.0,0.4313706487104636,0.0,0.8565809062104637
Brunei,2006,0.0,0.510252309,0.0,0.0,0.4606970189777047,0.0,0.9709493279777048
Brunei,2007,0.0,0.5101357695,0.0,0.0,0.3961684041242883,0.0,0.9063041736242884
Brunei,2008,0.0,0.501141039,0.0,0.0,0.3776360508150464,0.0,0.8787770898150464
Brunei,2009,0.0,0.4226040105,0.0,0.0,0.3510200685971851,0.0,0.7736240790971851
Brunei,2010,0.0,0.435052548,0.0,0.0,0.354024626374697,0.0,0.789077174374697
Brunei,2011,0.0,0.4586486184,0.0,0.0,0.3558985085194419,0.0,0.814547126919442
Brunei,2012,0.0,0.4361586138,0.0,6.8242832662e-06,0.3350464359649749,6.8242832662e-06,0.7712118740482412
Brunei,2013,0.0,0.4398454998,0.0,6.8242832662e-06,0.28283684638539,6.8242832662e-06,0.7226891704686562
Brunei,2014,0.0,0.4059261486,0.0,6.8242832662e-06,0.2646708368221662,6.8242832662e-06,0.6706038097054324
Brunei,2015,0.0,0.44242632,0.0,3.4121416331e-06,0.2657924522438193,3.4121416331e-06,0.7082221843854524
Brunei,2016,0.0,0.4277157698268,0.0,3.4121416331e-06,0.2535629117928305,3.4121416331e-06,0.6812820937612637
Brunei,2017,0.0,0.4700039930064,0.0,6.8242832662e-06,0.236110144595209,6.8242832662e-06,0.7061209618848753
Brunei,2018,0.0,0.4663349675496,0.0,6.8242832662e-06,0.2326758584888524,6.8242832662e-06,0.6990176503217187
Brunei,2019,0.0,0.4734535002372,0.0,6.8242832662e-06,0.2540309043391975,6.8242832662e-06,0.7274912288596638
Brunei,2020,0.0,0.4607942538816,0.0,6.8242832662e-06,0.2310078146277477,6.8242832662e-06,0.6918088927926139
Brunei,2021,0.0,0.4203417946644,0.0,1.36485665325e-05,0.2239607531083831,1.36485665325e-05,0.6443161963393157
Brunei,2022,0.0,0.3863089617084,0.0,1.70607081656e-05,0.1965769463491018,1.70607081656e-05,0.5829029687656675
Brunei,2023,0.0,0.3721085895924,0.0,1.70607081656e-05,0.1983237905659269,1.70607081656e-05,0.5704494408664925
Bulgaria,1980,0.2109076548743789,0.004248,0.0639475143700285,0.0764837227301406,0.0,0.012536208360112,0.2916393776045195
Bulgaria,1981,0.2041224220097876,0.0039648,0.0945894902747031,0.1068049573213012,0.0,0.012215467046598,0.3148921793310888
Bulgaria,1982,0.2248830007539177,0.002832,0.1114623886446263,0.1217602320934065,0.0,0.0102978434487801,0.3494752328473242
Bulgaria,1983,0.226104621897234,0.003304,0.1277629512577094,0.1390844371964279,0.0,0.0113214859387185,0.368493059093662
Bulgaria,1984,0.2349421782825967,0.002832,0.1320884888045977,0.1430960577130684,0.0086099999999999,0.0110075689084707,0.3894802359956652
Bulgaria,1985,0.215563776603476,0.003776,0.1362049036711021,0.1437593852468474,0.01288,0.0075544815757452,0.3759791618503235
Bulgaria,1986,0.2458809230344635,0.004715,0.1252094532656532,0.1330642033051137,0.01288,0.0078547500394605,0.3965401263395773
Bulgaria,1987,0.2570221078615085,0.0041492,0.1289846679694259,0.1375559677518433,0.01288,0.0085712997824173,0.4116072756133519
Bulgaria,1988,0.23836969817613,0.0003772,0.1662745438189366,0.1750403356744422,0.0086066666666666,0.0087657918555056,0.4223939005172389
Bulgaria,1989,0.2394237827055058,0.0003772,0.1606942701897447,0.1697773912171313,0.0107289389799634,0.0090831210273865,0.4203073129026007
Bulgaria,1990,0.2211134269402559,0.000332879,0.148895348433347,0.1552385197293319,0.0021457877959926,0.0063431712959848,0.3788306134655805
Bulgaria,1991,0.1981818529071465,0.0003213042,0.136590129661283,0.1448372759885532,0.0021457877959926,0.0082471463272702,0.3454862208916925
Bulgaria,1992,0.2116825117138538,0.001398474,0.1209279415462141,0.1278955347610613,0.0021516666666666,0.0069675932148472,0.3431281871415818
Bulgaria,1993,0.2026634573300555,0.00244728,0.1460776954765953,0.1526392438371004,0.0021457877959926,0.006561548360505,0.3598957689631487
Bulgaria,1994,0.200743766961987,0.0020988,0.1602925345142704,0.1652503763072053,0.0021457877959926,0.0049578417929348,0.370238731065185
Bulgaria,1995,0.2152147419910999,0.00175053,0.1804728731713181,0.1882900896528142,0.0017166302367941,0.0078172164814961,0.4069719918807083
Bulgaria,1996,0.2185096287319302,0.00139731,0.1955297061589599,0.2053907954786997,0.0017213333333333,0.0098610893197397,0.4270190675439633
Bulgaria,1997,0.2073824052893803,0.0013998866,0.1809461508163975,0.1902476489083043,0.0017166302367941,0.0093014980919067,0.4007465710344788
Bulgaria,1998,0.2101956242651316,0.00105415275,0.1766976584675453,0.1871796795612766,0.0017166302367941,0.0104820210937312,0.4001460868132024
Bulgaria,1999,0.1765975524778088,0.0007041811,0.1653500014425024,0.1749446537028202,0.0010728938979963,0.0095946522603177,0.3533192811786254
Bulgaria,2000,0.1845136574864986,0.0006935866,0.1900705035552536,0.1992520516682079,0.0010758333333333,0.0091815481129543,0.3855351290880399
Bulgaria,2001,0.185763201398805,0.0006935866,0.2007357602548332,0.2066046438638133,0.0010728938979963,0.00586888360898,0.3941343257606147
Bulgaria,2002,0.1816236508960245,0.0007127455999999,0.2225505577559342,0.2300736370282146,0.0021457877959926,0.0075230792722804,0.4145558213202319
Bulgaria,2003,0.1905659176651001,0.0007127455999999,0.176543568071473,0.1868373333509741,0.0021457877959926,0.0102937652795011,0.380261784412067
Bulgaria,2004,0.1848836341756173,0.0117830496,0.1716787141383314,0.182572914341029,0.0021516666666666,0.0108942002026976,0.381391264783313
Bulgaria,2005,0.1723881950525531,0.1117304551999999,0.1912702073532455,0.2061089942901071,0.0021457877959926,0.0148387869368615,0.4923734323386528
Bulgaria,2006,0.1792502155318671,0.0164831898,0.1998112178783991,0.2142662428858508,0.0021457877959926,0.0144550250074517,0.4121454360137107
Bulgaria,2007,0.1986216365187403,0.010446177,0.1507312254379806,0.1606584455027131,0.0021457877959926,0.0099272200647325,0.3718720468174462
Bulgaria,2008,0.2009671491139077,0.0038924193,0.1622571870641929,0.1727637656943395,0.0021516666666666,0.0105065786301465,0.3797750007749139
Bulgaria,2009,0.1897770994411301,0.0003538563,0.1565008101252041,0.1698615333231732,0.0021457877959926,0.013360723197969,0.362138276860296
Bulgaria,2010,0.2052672555383812,0.00178517325,0.1566879198918634,0.1771455300714794,0.0021457877959926,0.0204576101796159,0.3863437466558533
Bulgaria,2011,0.2591791417659927,0.01249621275,0.1680025575463194,0.1821531810665788,0.0021457877959926,0.0141506235202593,0.4559743233785642
Bulgaria,2012,0.2333435997579142,0.0135923997999999,0.163566955430808,0.1821570257311606,0.0021516666666666,0.0185900703003525,0.4312446919557415
Bulgaria,2013,0.199794392816324,0.00992556327,0.1465619795785371,0.1724462536199381,0.0021457877959926,0.025884274041401,0.3843119975022548
Bulgaria,2014,0.2132878469001453,0.0064266237,0.1652509433307416,0.1942010114022238,0.0021457877959926,0.0289500680714822,0.4160612697983619
Bulgaria,2015,0.243602608489891,0.0037258017999999,0.1599018052956583,0.193573183763448,0.0021457877959926,0.0336713784677896,0.4430473818493317
Bulgaria,2016,0.2122564791192714,0.0033203940381,0.1643484138680321,0.1932349237176615,0.0021516666666666,0.0288865098496293,0.4109634635416995
Bulgaria,2017,0.2368248896431774,0.002856252936,0.1619974346822424,0.1889698515698535,0.0021457877959926,0.0269724168876111,0.4307967819450237
Bulgaria,2018,0.2112028805955356,0.001174853877045,0.1683019331729743,0.2142369486062481,0.0021457877959926,0.0459350154332737,0.4287604708748215
Bulgaria,2019,0.1954142213136347,0.00138467988543,0.1729378528033798,0.2151993689188593,0.0021457877959926,0.0422615161154795,0.4141440579139168
Bulgaria,2020,0.1556192816735807,0.002229218020653,0.1737693664667084,0.2137033495336151,0.0021516666666666,0.0399339830669066,0.3737035158945155
Bulgaria,2021,0.197428504778416,0.00128045516751,0.1722669234118466,0.2288805220338657,0.0021457877959926,0.056613598622019,0.4297352697757844
Bulgaria,2022,0.2340900803947683,0.000743933101614,0.1811957275797927,0.2359147570449719,0.0021457877959926,0.0547190294651792,0.4728945583373469
Bulgaria,2023,0.1382177497051803,0.000372895558707,0.1779046619409664,0.2318326598614281,0.0021457877959926,0.0539279979204617,0.3725690929213082
Burkina Faso,1980,0.0,0.0,0.0,0.0,0.0,0.0,0.0
Burkina Faso,1981,0.0,0.0,0.0,0.0,0.0,0.0,0.0
Burkina Faso,1982,0.0,0.0,0.0,0.0,0.0,0.0,0.0
Burkina Faso,1983,0.0,0.0,0.0,0.0,0.0,0.0,0.0
Burkina Faso,1984,0.0,0.0,0.0,0.0,0.0,0.0,0.0
Burkina Faso,1985,0.0,0.0,0.0,0.0,0.0,0.0,0.0
Burkina Faso,1986,0.0,0.0,0.0,0.0,0.0,0.0,0.0
Burkina Faso,1987,0.0,0.0,0.0,0.0,0.0,0.0,0.0
Burkina Faso,1988,0.0,0.0,0.0,0.0,0.0,0.0,0.0
Burkina Faso,1989,0.0,0.0,0.0,0.0,0.0,0.0,0.0
Burkina Faso,1990,0.0,0.0,0.0,3.07092746981e-05,0.0,3.07092746981e-05,3.07092746981e-05
Burkina Faso,1991,0.0,0.0,0.0,4.43578412306e-05,0.0,4.43578412306e-05,4.43578412306e-05
Burkina Faso,1992,0.0,0.0,0.0,6.82428326625e-05,0.0,6.82428326625e-05,6.82428326625e-05
Burkina Faso,1993,0.0,0.0,0.0,0.000160370656757,0.0,0.000160370656757,0.000160370656757
Burkina Faso,1994,0.0,0.0,0.0,0.0002456741975852,0.0,0.0002456741975852,0.0002456741975852
Burkina Faso,1995,0.0,0.0,0.0,0.000320741313514,0.0,0.000320741313514,0.000320741313514
Burkina Faso,1996,0.0,0.0,0.0,0.0003889841461765,0.0,0.0003889841461765,0.0003889841461765
Burkina Faso,1997,0.0,0.0,0.0,0.0003923962878097,0.0,0.0003923962878097,0.0003923962878097
Burkina Faso,1998,0.0,0.0,0.0,0.0002661470473839,0.0,0.0002661470473839,0.0002661470473839
Burkina Faso,1999,0.0,0.0,0.0,0.0004196934208747,0.0,0.0004196934208747,0.0004196934208747
Burkina Faso,2000,0.0,0.0,0.0,0.0003309777384134,0.0,0.0003309777384134,0.0003309777384134
Burkina Faso,2001,0.0,0.0,0.0,0.0001808435065557,0.0,0.0001808435065557,0.0001808435065557
Burkina Faso,2002,0.0,0.0,0.0,0.0002183770645201,0.0,0.0002183770645201,0.0002183770645201
Burkina Faso,2003,0.0,0.0,0.0,0.0003275655967802,0.0,0.0003275655967802,0.0003275655967802
Burkina Faso,2004,0.0,0.0,0.0,0.000342579019966,0.0,0.000342579019966,0.000342579019966
Burkina Faso,2005,0.0,0.0,0.0,0.0003395080924962,0.0,0.0003395080924962,0.0003395080924962
Burkina Faso,2006,0.0,0.0,0.0,0.0002726301164869,0.0,0.0002726301164869,0.0002726301164869
Burkina Faso,2007,0.0,0.0,0.0,0.000376359222134,0.0,0.000376359222134,0.000376359222134
Burkina Faso,2008,0.0,0.0,0.0,0.000459274263819,0.0,0.000459274263819,0.000459274263819
Burkina Faso,2009,0.0,0.0,0.0,0.0004469905539397,0.0,0.0004469905539397,0.0004469905539397
Burkina Faso,2010,0.0,0.0,0.0,0.0004162812792416,0.0,0.0004162812792416,0.0004162812792416
Burkina Faso,2011,0.0,0.0,0.0,0.0003070927469815,0.0,0.0003070927469815,0.0003070927469815
Burkina Faso,2012,0.0,0.0,0.0,0.0003616870131115,0.0,0.0003616870131115,0.0003616870131115
Burkina Faso,2013,0.0,0.0,0.0,0.0003958084294428,0.0,0.0003958084294428,0.0003958084294428
Burkina Faso,2014,0.0,0.0,0.0,0.0003446263049459,0.0,0.0003446263049459,0.0003446263049459
Burkina Faso,2015,0.0,0.0,0.0,0.0003616870131115,0.0,0.0003616870131115,0.0003616870131115
Burkina Faso,2016,0.0,0.0,0.0,0.0005473467195809,0.0,0.0005473467195809,0.0005473467195809
Burkina Faso,2017,0.0,0.0,0.0,0.0005541330012697,0.0,0.0005541330012697,0.0005541330012697
Burkina Faso,2018,0.0,0.0,0.0,0.0012002138191621,0.0,0.0012002138191621,0.0012002138191621
Burkina Faso,2019,0.0,0.0,0.0,0.0011845411686128,0.0,0.0011845411686128,0.0011845411686128
Burkina Faso,2020,0.0,0.0,0.0,0.0015246712869284,0.0,0.0015246712869284,0.0015246712869284
Burkina Faso,2021,0.0,0.0,0.0,0.0015227272062324,0.0,0.0015227272062324,0.0015227272062324
Burkina Faso,2022,0.0,0.0,0.0,0.0013604074685718,0.0,0.0013604074685718,0.0013604074685718
Burkina Faso,2023,0.0,0.0,0.0,0.0014842007559985,0.0,0.0014842007559985,0.0014842007559985
Burma,1980,0.0009198411593891,0.011517,0.0,0.0026887676069048,0.0,0.0026887676069048,0.0151256087662939
Burma,1981,0.0013555555314764,0.012564,0.0,0.0029037325297918,0.0,0.0029037325297918,0.0168232880612683
Burma,1982,0.0016218252425328,0.016752,0.0,0.0031289338775783,0.0,0.0031289338775783,0.0215027591201112
Burma,1983,0.001718650731751,0.019893,0.0,0.0033541352253647,0.0,0.0033541352253647,0.0249657859571158
Burma,1984,0.002105952249431,0.024081,0.0,0.0034121416331279,0.0683065625000003,0.0034121416331279,0.0979056563825594
Burma,1985,0.0020817459320256,0.029316,0.0,0.003388256641696,0.0615253333333331,0.003388256641696,0.0963113359070548
Burma,1986,0.0023722219604874,0.039786,0.0,0.0035179180237549,0.0615300000000002,0.0035179180237549,0.1072061399842425
Burma,1987,0.0017912696839674,0.04188,0.0,0.0034564994743586,0.0439411764705879,0.0034564994743586,0.091068945628914
Burma,1988,0.0015734126077219,0.038739,0.0,0.0031596431522764,0.03305,0.0031596431522764,0.0765220557599984
Burma,1989,0.0015734126077219,0.039786,0.0,0.0038659564703339,0.0329596994535519,0.0038659564703339,0.0781850685316078
Burma,1990,0.0016702378773438,0.039786,0.0,0.004029739268724,0.0329596994535519,0.004029739268724,0.0784456765996198
Burma,1991,0.0018154760013729,0.0369168099999999,0.0,0.0041901099254811,0.0329596994535519,0.0041901099254811,0.0758820953804059
Burma,1992,0.0017670633665619,0.0363519,0.0,0.0051284488745912,0.0308466666666666,0.0051284488745912,0.0740940789078199
Burma,1993,0.0018421562307167,0.040943684,0.0,0.0057596950767199,0.028565072859745,0.0057596950767199,0.0771106081671816
Burma,1994,0.0016657113758677,0.053227,0.0,0.0054526023297384,0.028565072859745,0.0054526023297384,0.0889103865653512
Burma,1995,0.0018004004466049,0.06104768,0.0,0.0054867237460697,0.0197758196721311,0.0054867237460697,0.0881106238648058
Burma,1996,0.0016657113758677,0.059555216,0.0,0.005575439428531,0.0176266666666666,0.005575439428531,0.0844230334710654
Burma,1997,0.0015329068140072,0.0562052351,0.0,0.0056948643856905,0.0175785063752277,0.0056948643856905,0.0810115126749254
Burma,1998,0.0016220712893746,0.0655107376,0.0,0.0032074131351402,0.0175785063752277,0.0032074131351402,0.0879187283997426
Burma,1999,0.003205647570242,0.0543031692,0.0,0.0035076815988555,0.0175785063752277,0.0035076815988555,0.0785950047443252
Burma,2000,0.0122819017839224,0.1076591901,0.0,0.0063909412788486,0.02644,0.0063909412788486,0.1527720331627711
Burma,2001,0.0144744516383011,0.22100127,0.0,0.0061555035061628,0.0282381848816029,0.0061555035061628,0.2698694100260668
Burma,2002,0.0117766256862056,0.312664884,0.0,0.007203030987533,0.035596475409836,0.007203030987533,0.3672410160835748
Burma,2003,0.0095198651233256,0.357331296,0.0,0.0070801938887404,0.0417489526411657,0.0070801938887404,0.4156803076532319
Burma,2004,0.0071484262232616,0.379664502,0.0,0.008216437052572,0.0421020385333333,0.008216437052572,0.4371314038091671
Burma,2005,0.0064010902736632,0.48388613,0.0,0.0102461873046073,0.0486376652718761,0.0102461873046073,0.5491710728501467
Burma,2006,0.010925131741334,0.468997326,0.0,0.0113652097536316,0.0464609832349727,0.0113652097536316,0.5377486507299384
Burma,2007,0.0094387647059582,0.5032415752,0.0,0.0123683093908655,0.0464609832349727,0.0123683093908655,0.5715096325317964
Burma,2008,0.0075987425808231,0.461552924,0.0,0.0139105374065487,0.0443849402666667,0.0139105374065487,0.5274471442540386
Burma,2009,0.0072498165943184,0.4295419954,0.0,0.0179537372340014,0.0420663566411657,0.0179537372340014,0.4968119058694856
Burma,2010,0.0144264558098368,0.4485252205,0.0,0.0211393046623575,0.0398690433442623,0.0211393046623575,0.5239600243164567
Burma,2011,0.0144567600968763,0.4433141391,0.0,0.0256836772927778,0.0376717300473588,0.0256836772927778,0.5211263065370131
Burma,2012,0.0161857949645591,0.4455474597,0.0,0.0283299719366905,0.0355716069333333,0.0283299719366905,0.5256348335345831
Burma,2013,0.0146980759286003,0.4585751632,0.0,0.0321199502532798,0.0376717300473588,0.0321199502532798,0.5430649194292391
Burma,2014,0.014067909989553,0.5635412314,0.0,0.0322963465752393,0.0332771034535519,0.0322963465752393,0.6431825914183443
Burma,2015,0.0113954949072177,0.651385175,0.0,0.0340962892882917,0.024487850265938,0.0340962892882917,0.7213648094614475
Burma,2016,0.0093846174725978,0.7057660696418,0.0,0.0353655439732416,0.0245549402666666,0.0353655439732416,0.7750711713543063
Burma,2017,0.0129166514697638,0.6845869258696,0.0,0.0396277278904112,0.0261644003114754,0.0396277278904112,0.7632957055412505
Burma,2018,0.0228807486680423,0.6304501841092,0.0,0.0443739658999752,0.0219895050473588,0.0443739658999752,0.7196944037245764
Burma,2019,0.0370011527378871,0.6456678312608,0.0,0.0384943338448425,0.0195790523606557,0.0384943338448425,0.7407423702041853
Burma,2020,0.0358243920835481,0.6247697736894,0.0,0.0325726050423339,0.0197384536,0.0325726050423339,0.712905224415282
Burma,2021,0.0276941862365677,0.6405370397864,0.0,0.0350477710829426,0.0172037566867031,0.0350477710829426,0.7204827537926135
Burma,2022,0.0224112987205503,0.56075311682,0.0,0.0338519035825919,0.0135144676612021,0.0338519035825919,0.6305307867843445
Burma,2023,0.013784941022356,0.5043246656,0.0,0.0349023107353372,0.013279054136612,0.0349023107353372,0.5662909714943053
Burundi,1980,0.0,0.0,0.0,6.8242832662e-06,0.0,6.8242832662e-06,6.8242832662e-06
Burundi,1981,0.0,0.0,0.0,6.8242832662e-06,0.0,6.8242832662e-06,6.8242832662e-06
Burundi,1982,0.0,0.0,0.0,6.8242832662e-06,0.0,6.8242832662e-06,6.8242832662e-06
Burundi,1983,0.0,0.0,0.0,7.84792575619e-05,0.0,7.84792575619e-05,7.84792575619e-05
Burundi,1984,0.0,0.0,0.0,0.0001330735236919,0.0,0.0001330735236919,0.0001330735236919
Burundi,1985,0.0,0.0,0.0,0.0001569585151238,0.0,0.0001569585151238,0.0001569585151238
Burundi,1986,0.0,0.0,0.0,0.0002081406396208,0.0,0.0002081406396208,0.0002081406396208
Burundi,1987,0.0,0.0,0.0,0.000320741313514,0.0,0.000320741313514,0.000320741313514
Burundi,1988,0.0,0.0,0.0,0.0003514505882121,0.0,0.0003514505882121,0.0003514505882121
Burundi,1989,0.0,0.0,0.0,0.000348038446579,0.0,0.000348038446579,0.000348038446579
Burundi,1990,0.0,0.0,0.0,0.0003650991547446,0.0,0.0003650991547446,0.0003650991547446
Burundi,1991,0.0,0.0,0.0,0.000375335579644,0.0,0.000375335579644,0.000375335579644
Burundi,1992,0.0,0.0,0.0,0.0003548627298453,0.0,0.0003548627298453,0.0003548627298453
Burundi,1993,0.0,0.0,0.0,0.0003685112963778,0.0,0.0003685112963778,0.0003685112963778
Burundi,1994,0.0,0.0,0.0,0.0003889841461765,0.0,0.0003889841461765,0.0003889841461765
Burundi,1995,0.0,0.0,0.0,0.0003992205710759,0.0,0.0003992205710759,0.0003992205710759
Burundi,1996,0.0,0.0,0.0,0.0003992205710759,0.0,0.0003992205710759,0.0003992205710759
Burundi,1997,0.0,0.0,0.0,0.0004094569959753,0.0,0.0004094569959753,0.0004094569959753
Burundi,1998,0.0,0.0,0.0,0.0003719234380109,0.0,0.0003719234380109,0.0003719234380109
Burundi,1999,0.0,0.0,0.0,0.0003309777384134,0.0,0.0003309777384134,0.0003309777384134
Burundi,2000,0.0,0.0,0.0,0.0003343898800465,0.0,0.0003343898800465,0.0003343898800465
Burundi,2001,0.0,0.0,0.0,0.0003889841461765,0.0,0.0003889841461765,0.0003889841461765
Burundi,2002,0.0,0.0,0.0,0.0004299298457741,0.0,0.0004299298457741,0.0004299298457741
Burundi,2003,0.0,0.0,0.0,0.0003412141633127,0.0,0.0003412141633127,0.0003412141633127
Burundi,2004,0.0,0.0,0.0,0.0003070927469815,0.0,0.0003070927469815,0.0003070927469815
Burundi,2005,0.0,0.0,0.0,0.0003241534551471,0.0,0.0003241534551471,0.0003241534551471
Burundi,2006,0.0,0.0,0.0,0.0003139170302477,0.0,0.0003139170302477,0.0003139170302477
Burundi,2007,0.0,0.0,0.0,0.0003958084294428,0.0,0.0003958084294428,0.0003958084294428
Burundi,2008,0.0,0.0,0.0,0.0003787477212772,0.0,0.0003787477212772,0.0003787477212772
Burundi,2009,0.0,0.0,0.0,0.0004094569959753,0.0,0.0004094569959753,0.0004094569959753
Burundi,2010,0.0,0.0,0.0,0.000532964922613,0.0,0.000532964922613,0.000532964922613
Burundi,2011,0.0,0.0,0.0,0.0004984646905576,0.0,0.0004984646905576,0.0004984646905576
Burundi,2012,0.0,0.0,0.0,0.0005382103403428,0.0,0.0005382103403428,0.0005382103403428
Burundi,2013,0.0,0.0,0.0,0.0005479017426191,0.0,0.0005479017426191,0.0005479017426191
Burundi,2014,0.0,0.0,0.0,0.0005484107637478,0.0,0.0005484107637478,0.0005484107637478
Burundi,2015,0.0,0.0,0.0,0.0005370282912776,0.0,0.0005370282912776,0.0005370282912776
Burundi,2016,0.0,0.0,0.0,0.000565930690975,0.0,0.000565930690975,0.000565930690975
Burundi,2017,0.0,0.0,0.0,0.0007193516592604,0.0,0.0007193516592604,0.0007193516592604
Burundi,2018,0.0,0.0,0.0,0.0008810453709355,0.0,0.0008810453709355,0.0008810453709355
Burundi,2019,0.0,0.0,0.0,0.0009591308121507,0.0,0.0009591308121507,0.0009591308121507
Burundi,2020,0.0,0.0,0.0,0.0009797681687779,0.0,0.0009797681687779,0.0009797681687779
Burundi,2021,0.0,0.0,0.0,0.0009312180535319,0.0,0.0009312180535319,0.0009312180535319
Burundi,2022,0.0,0.0,0.0,0.000932143959293,0.0,0.000932143959293,0.000932143959293
Burundi,2023,0.0,0.0,0.0,0.000933157607469,0.0,0.000933157607469,0.000933157607469
Cabo Verde,1980,0.0,0.0,0.0,0.0,0.0,0.0,0.0
Cabo Verde,1981,0.0,0.0,0.0,0.0,0.0,0.0,0.0
Cabo Verde,1982,0.0,0.0,0.0,0.0,0.0,0.0,0.0
Cabo Verde,1983,0.0,0.0,0.0,0.0,0.0,0.0,0.0
Cabo Verde,1984,0.0,0.0,0.0,0.0,0.0,0.0,0.0
Cabo Verde,1985,0.0,0.0,0.0,0.0,0.0,0.0,0.0
Cabo Verde,1986,0.0,0.0,0.0,0.0,0.0,0.0,0.0
Cabo Verde,1987,0.0,0.0,0.0,0.0,0.0,0.0,0.0
Cabo Verde,1988,0.0,0.0,0.0,0.0,0.0,0.0,0.0
Cabo Verde,1989,0.0,0.0,0.0,0.0,0.0,0.0,0.0
Cabo Verde,1990,0.0,0.0,0.0,0.0,0.0,0.0,0.0
Cabo Verde,1991,0.0,0.0,0.0,0.0,0.0,0.0,0.0
Cabo Verde,1992,0.0,0.0,0.0,0.0,0.0,0.0,0.0
Cabo Verde,1993,0.0,0.0,0.0,6.8242832662e-06,0.0,6.8242832662e-06,6.8242832662e-06
Cabo Verde,1994,0.0,0.0,0.0,1.70607081656e-05,0.0,1.70607081656e-05,1.70607081656e-05
Cabo Verde,1995,0.0,0.0,0.0,2.04728497987e-05,0.0,2.04728497987e-05,2.04728497987e-05
Cabo Verde,1996,0.0,0.0,0.0,2.38849914318e-05,0.0,2.38849914318e-05,2.38849914318e-05
Cabo Verde,1997,0.0,0.0,0.0,2.38849914318e-05,0.0,2.38849914318e-05,2.38849914318e-05
Cabo Verde,1998,0.0,0.0,0.0,2.7297133065e-05,0.0,2.7297133065e-05,2.7297133065e-05
Cabo Verde,1999,0.0,0.0,0.0,2.7297133065e-05,0.0,2.7297133065e-05,2.7297133065e-05
Cabo Verde,2000,0.0,0.0,0.0,2.7297133065e-05,0.0,2.7297133065e-05,2.7297133065e-05
Cabo Verde,2001,0.0,0.0,0.0,2.04728497987e-05,0.0,2.04728497987e-05,2.04728497987e-05
Cabo Verde,2002,0.0,0.0,0.0,2.04728497987e-05,0.0,2.04728497987e-05,2.04728497987e-05
Cabo Verde,2003,0.0,0.0,0.0,1.70607081656e-05,0.0,1.70607081656e-05,1.70607081656e-05
Cabo Verde,2004,0.0,0.0,0.0,2.04728497987e-05,0.0,2.04728497987e-05,2.04728497987e-05
Cabo Verde,2005,0.0,0.0,0.0,2.04728497987e-05,0.0,2.04728497987e-05,2.04728497987e-05
Cabo Verde,2006,0.0,0.0,0.0,2.38849914318e-05,0.0,2.38849914318e-05,2.38849914318e-05
Cabo Verde,2007,0.0,0.0,0.0,2.38849914318e-05,0.0,2.38849914318e-05,2.38849914318e-05
Cabo Verde,2008,0.0,0.0,0.0,2.04728497987e-05,0.0,2.04728497987e-05,2.04728497987e-05
Cabo Verde,2009,0.0,0.0,0.0,2.38849914318e-05,0.0,2.38849914318e-05,2.38849914318e-05
Cabo Verde,2010,0.0,0.0,0.0,1.36485665325e-05,0.0,1.36485665325e-05,1.36485665325e-05
Cabo Verde,2011,0.0,0.0,0.0,8.53035408281e-05,0.0,8.53035408281e-05,8.53035408281e-05
Cabo Verde,2012,0.0,0.0,0.0,0.000242262055952,0.0,0.000242262055952,0.000242262055952
Cabo Verde,2013,0.0,0.0,0.0,0.0002832077555496,0.0,0.0002832077555496,0.0002832077555496
Cabo Verde,2014,0.0,0.0,0.0,0.0003070927469815,0.0,0.0003070927469815,0.0003070927469815
Cabo Verde,2015,0.0,0.0,0.0,0.0002900320388158,0.0,0.0002900320388158,0.0002900320388158
Cabo Verde,2016,0.0,0.0,0.0,0.0002832077555496,0.0,0.0002832077555496,0.0002832077555496
Cabo Verde,2017,0.0,0.0,0.0,0.0002559106224845,0.0,0.0002559106224845,0.0002559106224845
Cabo Verde,2018,0.0,0.0,0.0,0.0003036806053483,0.0,0.0003036806053483,0.0003036806053483
Cabo Verde,2019,0.0,0.0,0.0,0.0002832077555496,0.0,0.0002832077555496,0.0002832077555496
Cabo Verde,2020,0.0,0.0,0.0,0.0002490863392183,0.0,0.0002490863392183,0.0002490863392183
Cabo Verde,2021,0.0,0.0,0.0,0.0002832077555496,0.0,0.0002832077555496,0.0002832077555496
Cabo Verde,2022,0.0,0.0,0.0,0.0004981726784366,0.0,0.0004981726784366,0.0004981726784366
Cabo Verde,2023,0.0,0.0,0.0,0.0004981726784366,0.0,0.0004981726784366,0.0004981726784366
Cambodia,1980,0.0,0.0,0.0,0.0001671949400232,0.0,0.0001671949400232,0.0001671949400232
Cambodia,1981,0.0,0.0,0.0,0.0001808435065557,0.0,0.0001808435065557,0.0001808435065557
Cambodia,1982,0.0,0.0,0.0,0.000187667789822,0.0,0.000187667789822,0.000187667789822
Cambodia,1983,0.0,0.0,0.0,0.0001364856653251,0.0,0.0001364856653251,0.0001364856653251
Cambodia,1984,0.0,0.0,0.0,0.0001023642489938,0.0,0.0001023642489938,0.0001023642489938
Cambodia,1985,0.0,0.0,0.0,0.0001194249571594,0.0,0.0001194249571594,0.0001194249571594
Cambodia,1986,0.0,0.0,0.0,0.0001364856653251,0.0,0.0001364856653251,0.0001364856653251
Cambodia,1987,0.0,0.0,0.0,0.0001535463734907,0.0,0.0001535463734907,0.0001535463734907
Cambodia,1988,0.0,0.0,0.0,0.0001706070816563,0.0,0.0001706070816563,0.0001706070816563
Cambodia,1989,0.0,0.0,0.0,0.0001842556481889,0.0,0.0001842556481889,0.0001842556481889
Cambodia,1990,0.0,0.0,0.0,0.0002115527812539,0.0,0.0002115527812539,0.0002115527812539
Cambodia,1991,0.0,0.0,0.0,0.0002183770645201,0.0,0.0002183770645201,0.0002183770645201
Cambodia,1992,0.0,0.0,0.0,0.0002286134894195,0.0,0.0002286134894195,0.0002286134894195
Cambodia,1993,0.0,0.0,0.0,0.0002354377726858,0.0,0.0002354377726858,0.0002354377726858
Cambodia,1994,0.0,0.0,0.0,0.000242262055952,0.0,0.000242262055952,0.000242262055952
Cambodia,1995,0.0,0.0,0.0,0.0002490863392183,0.0,0.0002490863392183,0.0002490863392183
Cambodia,1996,0.0,0.0,0.0,0.0002627349057508,0.0,0.0002627349057508,0.0002627349057508
Cambodia,1997,0.0,0.0,0.0,0.0001944920730882,0.0,0.0001944920730882,0.0001944920730882
Cambodia,1998,0.0,0.0,0.0,0.0001706070816563,0.0,0.0001706070816563,0.0001706070816563
Cambodia,1999,0.0,0.0,0.0,0.0001501342318576,0.0,0.0001501342318576,0.0001501342318576
Cambodia,2000,0.0,0.0,0.0,0.000160370656757,0.0,0.000160370656757,0.000160370656757
Cambodia,2001,0.0,0.0,0.0,0.0001057763906269,0.0,0.0001057763906269,0.0001057763906269
Cambodia,2002,0.0,0.0,0.0,0.0001023642489938,0.0,0.0001023642489938,0.0001023642489938
Cambodia,2003,0.0,0.0,0.0,0.0002141878906335,0.0,0.0002141878906335,0.0002141878906335
Cambodia,2004,0.0,0.0,0.0,0.0002291655123332,0.0,0.0002291655123332,0.0002291655123332
Cambodia,2005,0.0,0.0,0.0,0.0002935381843509,0.0,0.0002935381843509,0.0002935381843509
Cambodia,2006,0.0,0.0,0.0,0.0003193982577656,0.0,0.0003193982577656,0.0003193982577656
Cambodia,2007,0.0,0.0,0.0,0.0003253455046274,0.0,0.0003253455046274,0.0003253455046274
Cambodia,2008,0.0,0.0,0.0,0.0003210713272124,0.0,0.0003210713272124,0.0003210713272124
Cambodia,2009,0.0,0.0,0.0,0.0003195448638511,0.0,0.0003195448638511,0.0003195448638511
Cambodia,2010,0.0,0.0,0.0,0.0003155766991382,0.0,0.0003155766991382,0.0003155766991382
Cambodia,2011,0.0,0.0,0.0,0.0003796073569594,0.0,0.0003796073569594,0.0003796073569594
Cambodia,2012,0.0,0.0,0.0,0.0019622530503227,0.0,0.0019622530503227,0.0019622530503227
Cambodia,2013,0.0,0.0,0.0,0.0035693027566618,0.0,0.0035693027566618,0.0035693027566618
Cambodia,2014,0.0,0.0,0.0,0.0064615138082135,0.0,0.0064615138082135,0.0064615138082135
Cambodia,2015,0.0,0.0,0.0,0.0071726193251883,0.0,0.0071726193251883,0.0071726193251883
Cambodia,2016,0.0,0.0,0.0,0.0093285948166531,0.0,0.0093285948166531,0.0093285948166531
Cambodia,2017,0.0,0.0,0.0,0.0098259754622136,0.0,0.0098259754622136,0.0098259754622136
Cambodia,2018,0.0,0.0,0.0,0.0177176742353633,0.0,0.0177176742353633,0.0177176742353633
Cambodia,2019,0.0,0.0,0.0,0.0157250118227913,0.0,0.0157250118227913,0.0157250118227913
Cambodia,2020,0.0,0.0,0.0,0.0154646051136806,0.0,0.0154646051136806,0.0154646051136806
Cambodia,2021,0.0,0.0,0.0,0.0205342799486454,0.0,0.0205342799486454,0.0205342799486454
Cambodia,2022,0.0013918061778589,0.0,0.0,0.0236008482375172,0.0,0.0236008482375172,0.0249926544153762
Cambodia,2023,0.0003018375951238,0.0,0.0,0.0210110327379731,0.0,0.0210110327379731,0.0213128703330969
Cameroon,1980,0.0,0.0,0.0,0.0046063912047227,0.0,0.0046063912047227,0.0046063912047227
Cameroon,1981,0.0,0.0,0.0,0.006107733523299,0.0,0.006107733523299,0.006107733523299
Cameroon,1982,0.0,0.0,0.0,0.0069198232319834,0.0,0.0069198232319834,0.0069198232319834
Cameroon,1983,0.0,0.0,0.0,0.0068345196911552,0.0,0.0068345196911552,0.0068345196911552
Cameroon,1984,0.0,0.0,0.0,0.0071859702793674,0.3352522962962949,0.0071859702793674,0.3424382665756624
Cameroon,1985,0.0,0.0,0.0,0.0078308650480286,0.3929558918918892,0.0078308650480286,0.4007867569399178
Cameroon,1986,0.0,0.0,0.0,0.0078376893312948,0.379927966101694,0.0078376893312948,0.3877656554329888
Cameroon,1987,0.0,0.0,0.0,0.0078513378978273,0.3582206896551699,0.0078513378978273,0.3660720275529973
Cameroon,1988,0.0,0.0,0.0,0.0084928205248554,0.3722612359550546,0.0084928205248554,0.38075405647991
Cameroon,1989,0.0,0.0,0.0,0.0088783925293989,0.3712441287529916,0.0088783925293989,0.3801225212823905
Cameroon,1990,0.0,0.0,0.0,0.0089022775208307,0.3560470006753837,0.0089022775208307,0.3649492781962145
Cameroon,1991,0.0,0.0,0.0,0.009014878194724,0.3278237628169692,0.009014878194724,0.3368386410116932
Cameroon,1992,0.0,0.0,0.0,0.0089534596453277,0.2982443820224706,0.0089534596453277,0.3071978416677983
Cameroon,1993,0.0,0.0,0.0,0.0089602839285939,0.2822323785841457,0.0089602839285939,0.2911926625127396
Cameroon,1994,0.0,0.0,0.0,0.0090797088857534,0.25183812242893,0.0090797088857534,0.2609178313146834
Cameroon,1995,0.0,0.0,0.0,0.0092980859502736,0.2192133680235761,0.0092980859502736,0.2285114539738497
Cameroon,1996,0.0,0.0,0.0,0.0096870700964502,0.2329353932584259,0.0096870700964502,0.2426224633548762
Cameroon,1997,0.0,0.0,0.0,0.0104445655390046,0.253949660772394,0.0104445655390046,0.2643942263113987
Cameroon,1998,0.0,0.0,0.0,0.0105264569381996,0.2636746331429964,0.0105264569381996,0.274201090081196
Cameroon,1999,0.0,0.0,0.0,0.0112634795309553,0.2474663458586592,0.0112634795309553,0.2587298253896145
Cameroon,2000,0.0,0.0,0.0,0.0116285786857,0.2476873436252829,0.0116285786857,0.2593159223109829
Cameroon,2001,0.0,0.0,0.0,0.0117343550763269,0.2232870191717311,0.0117343550763269,0.235021374248058
Cameroon,2002,0.0,0.0,0.0,0.010748246144353,0.2349232192469444,0.010748246144353,0.2456714653912974
Cameroon,2003,0.0,0.0,0.0,0.0119186107245158,0.2218377365767166,0.0119186107245158,0.2337563473012325
Cameroon,2004,0.0,0.0,0.0,0.0132425216781695,0.2116833308390118,0.0132425216781695,0.2249258525171813
Cameroon,2005,0.0,0.0007394961,0.0,0.0127409368580997,0.1942018692055005,0.0127409368580997,0.2076823021636002
Cameroon,2006,0.0,0.0007394961,0.0,0.0195251634616607,0.1986095121876334,0.0195251634616607,0.2188741717492942
Cameroon,2007,0.0,0.0007394961,0.0,0.013748062662454,0.1878079526616311,0.013748062662454,0.2022955114240852
Cameroon,2008,0.0,0.0007394961,0.0,0.0150556629390747,0.1770420811076311,0.0150556629390747,0.1928372401467059
Cameroon,2009,0.0,0.0007394960999999,0.0,0.0142596638982909,0.1669602290170067,0.0142596638982909,0.1819593890152977
Cameroon,2010,0.0,0.00776470905,0.0,0.0149694061586789,0.1411161892920728,0.0149694061586789,0.1638503045007518
Cameroon,2011,0.0,0.0055462207499999,0.0,0.0154559895560611,0.1338655829802904,0.0154559895560611,0.1548677932863516
Cameroon,2012,0.0,0.01005714696,0.0,0.0149994154043199,0.1371488764044938,0.0149994154043199,0.1622054387688137
Cameroon,2013,0.0,1.8598456108520094e-18,0.0,0.0154380604118479,0.1362447811137711,0.0154380604118479,0.1516828415256191
Cameroon,2014,0.0,0.017341183545,0.0,0.0154842303282952,0.162826372260084,0.0154842303282952,0.1956517861333793
Cameroon,2015,0.0,0.0251428674,0.0,0.015085055959137,0.2127597930865098,0.015085055959137,0.2529877164456469
Cameroon,2016,0.0,0.026621847036,0.0,0.015154728651151,0.2002808988764036,0.015154728651151,0.2420574745635547
Cameroon,2017,0.0,0.0227138242589999,0.0,0.0176015897168607,0.1649093602259463,0.0176015897168607,0.205224774201807
Cameroon,2018,0.0,0.0595127332589998,0.0,0.0173994054244793,0.1494850187265911,0.0173994054244793,0.2263971574100703
Cameroon,2019,0.0,0.0874799040989998,0.0,0.0175845679103098,0.1502651023116589,0.0175845679103098,0.2553295743209686
Cameroon,2020,0.0,0.0882158822789998,0.0,0.0182871972754516,0.156016426791259,0.0182871972754516,0.2625195063457106
Cameroon,2021,0.0,0.0863759368289998,0.0,0.0183080589413896,0.1482197934553998,0.0183080589413896,0.2529037892257893
Cameroon,2022,0.0,0.0889518604589998,0.0,0.0183224751491528,0.1430932670597616,0.0183224751491528,0.2503676026679143
Cameroon,2023,0.0,0.0870973720638298,0.0,0.0184209690924278,0.1380698382243164,0.0184209690924278,0.2435881793805741
Canada,1980,0.7799752371571093,2.805903,0.4159382250019169,1.285208667240134,0.0,0.869270442238217,4.871086904397243
Canada,1981,0.8491246136153494,2.70204,0.4381841964004308,1.3548924553754074,0.0,0.9167082589749764,4.906057068990757
Canada,1982,0.904434344029962,2.785629,0.4192768595838721,1.3112476414257883,0.0,0.8919707818419165,5.001310985455751
Canada,1983,0.936186495125583,2.61222,0.5356658147232405,1.4551386927839485,0.0,0.919472878060708,5.003545187909531
Canada,1984,1.2251175204867115,2.839953,0.5697562347679083,1.5597936098059462,3.2645923711821867,0.990037375038038,8.889456501474845
Canada,1985,1.300619853223264,3.095738,0.659474623850155,1.7023766022224067,3.2528870550645945,1.0429019783722515,9.351621510510263
Canada,1986,1.207520596307717,2.902068,0.7765733844525348,1.8446601752103944,3.207350467931093,1.0680867907578593,9.161599239449204
Canada,1987,1.2936824576748818,3.149545,0.8418913457078571,1.933245326253548,3.412034604554035,1.0913539805456909,9.788507388482463
Canada,1988,1.4947899775022009,3.634758,0.9029702810072636,1.9627011329220307,3.5590003339883665,1.059730851914767,10.651249444412596
Canada,1989,1.4991269979345876,3.779178,0.8703401765782123,1.886143381119049,3.4592315574034984,1.0158032045408367,10.623679936457137
Canada,1990,1.4564175592274302,3.90286572,0.794792666708931,1.8388571623356145,3.447901001079295,1.0440644956266831,10.64604144264234
Canada,1991,1.5244700891276584,4.1183625,0.9261179158325392,2.00953790704966,3.428170590035614,1.0834199912171203,11.080541086212932
Canada,1992,1.370812448762571,4.59712476,0.875779792368898,1.9911002097271655,3.585662160843066,1.1153204173582676,11.544699579332804
Canada,1993,1.4474013607668397,4.99341915,1.0248153706229848,2.1680756357244446,3.7687204287831935,1.14326026510146,12.377616575274478
Canada,1994,1.521156509393676,5.45027895,1.1654285672760352,2.339003672703239,3.947955956528736,1.1735751054272037,13.258395088625653
Canada,1995,1.5744204239683035,5.72063237,1.0544902359122783,2.247951926803254,4.103603157774484,1.193461690890976,13.64660787854604
Canada,1996,1.6003884261842078,5.830823381495,0.9997759058515492,2.262096394972935,4.255646431737596,1.262320489121386,13.94895463438974
Canada,1997,1.655462016807273,5.89488256665,0.8812628611754565,2.136744978445789,4.449128381734852,1.255482117270333,14.136217943637917
Canada,1998,1.5689765270560871,6.1194284032,0.7635487420182216,1.959778093790849,4.582809735107339,1.196229351772628,14.230992759154274
Canada,1999,1.508509809605787,6.40933453545,0.7870069974569153,2.042124405319807,4.380569034606764,1.2551174078628915,14.340537784982358
Canada,2000,1.426008853588012,6.59910216,0.7796009072006819,2.0804583762576208,4.634295827246048,1.300857469056939,14.73986521709168
Canada,2001,1.4471334601959305,6.741972524,0.821298209876188,2.042644510188898,4.595510774852214,1.22134630031271,14.827261269237042
Canada,2002,1.3442643903456917,6.7773426154,0.8088081824729815,2.0918329730736005,4.694548076759585,1.2830247906006191,14.907988055578876
Canada,2003,1.2457222751396215,6.6147996775,0.8020108119638357,2.0418460508278207,4.850080847753664,1.2398352388639848,14.752448851221104
Canada,2004,1.3317780230674094,6.64498870525,0.9679545785726824,2.216269629829993,4.837980211662519,1.2483150512573111,15.03101656980992
Canada,2005,1.4301562879759968,6.737999127405,0.9788100807290796,2.291771759374506,4.854162542972259,1.3129616786454268,15.314089717727764
Canada,2006,1.433636985523292,6.724724854575,1.0435914980612295,2.330888075625125,4.990781545722941,1.2872965775638956,15.48003146144636
Canada,2007,1.5380120811367193,6.59538758704,0.995688530318426,2.342014021582236,5.089281059042464,1.3463254912638094,15.564694748801418
Canada,2008,1.3959554841458377,6.208986713475,0.996885257770874,2.381367245634324,6.471010523516837,1.3844819878634496,16.457319966771998
Canada,2009,1.2754659312133685,5.80830417139,0.9610963330137005,2.341109843665892,6.399420530119609,1.3800135106521916,15.824300476388869
Canada,2010,1.4061276209594398,5.571873642308812,0.965589705901194,2.3080235594191163,6.679306141390847,1.3424338535179223,15.965330964078216
Canada,2011,1.4070267531791023,5.400081129750759,0.996794938717859,2.434644153873672,7.00986048196716,1.4378492151558129,16.251612518770692
Canada,2012,1.3952022718158454,5.281211866173837,1.0119253861371509,2.4725483024061656,7.562017520619024,1.460622916269015,16.71097996101487
Canada,2013,1.4801256470937738,5.349782342905869,1.103425187511819,2.6316837781203657,7.97976808420725,1.5282585906085466,17.44135985232726
Canada,2014,1.4163961269214909,5.598649417116863,1.1444033486810972,2.655272343812723,8.629165327135663,1.5108689951316256,18.29948321498674
Canada,2015,1.2859898619835397,5.7810025144426,1.0860343453820318,2.6160954773255747,8.824457343386554,1.5300611319435429,18.507545197138267
Canada,2016,1.220241720307104,5.8491821943786,1.081974974559799,2.6675514404760423,8.970339938926722,1.5855764659162437,18.707315294088467
Canada,2017,1.2910857269681542,6.547925259425001,1.0805954669266171,2.6903940911614628,9.7027078170654,1.609798624234846,20.232112894620016
Canada,2018,1.2176675877250978,6.829722817402231,1.0745459867319251,2.655096053774758,10.526655655778354,1.5805500670428327,21.22914211468044
Canada,2019,1.1604315941374033,6.39053040997166,1.0795099527234573,2.6395867311757293,10.744366071845963,1.5600767784522718,20.93491480713076
Canada,2020,1.0034639537069865,6.276131299822381,1.0441898490091357,2.6214050411969945,10.273098242073033,1.5772151921878588,20.174098536799395
Canada,2021,1.0452951390365706,6.525499016514561,0.8297925802840168,2.405890858397872,10.84909825009665,1.5760982781138553,20.82578326404565
Canada,2022,0.8850579226934107,6.981014213668444,0.927537881647673,2.545529113171828,11.146676124470584,1.617991231524155,21.558277374004263
Canada,2023,1.045940022322862,7.218853196918869,0.9530625957913904,2.4687772200127647,11.273989793892977,1.5157146242213744,22.007560233147476
Cayman Islands,1980,0.0,0.0,0.0,0.0,0.0,0.0,0.0
Cayman Islands,1981,0.0,0.0,0.0,0.0,0.0,0.0,0.0
Cayman Islands,1982,0.0,0.0,0.0,0.0,0.0,0.0,0.0
Cayman Islands,1983,0.0,0.0,0.0,0.0,0.0,0.0,0.0
Cayman Islands,1984,0.0,0.0,0.0,0.0,0.0,0.0,0.0
Cayman Islands,1985,0.0,0.0,0.0,0.0,0.0,0.0,0.0
Cayman Islands,1986,0.0,0.0,0.0,0.0,0.0,0.0,0.0
Cayman Islands,1987,0.0,0.0,0.0,0.0,0.0,0.0,0.0
Cayman Islands,1988,0.0,0.0,0.0,0.0,0.0,0.0,0.0
Cayman Islands,1989,0.0,0.0,0.0,0.0,0.0,0.0,0.0
Cayman Islands,1990,0.0,0.0,0.0,0.0,0.0,0.0,0.0
Cayman Islands,1991,0.0,0.0,0.0,0.0,0.0,0.0,0.0
Cayman Islands,1992,0.0,0.0,0.0,0.0,0.0,0.0,0.0
Cayman Islands,1993,0.0,0.0,0.0,0.0,0.0,0.0,0.0
Cayman Islands,1994,0.0,0.0,0.0,0.0,0.0,0.0,0.0
Cayman Islands,1995,0.0,0.0,0.0,0.0,0.0,0.0,0.0
Cayman Islands,1996,0.0,0.0,0.0,0.0,0.0,0.0,0.0
Cayman Islands,1997,0.0,0.0,0.0,0.0,0.0,0.0,0.0
Cayman Islands,1998,0.0,0.0,0.0,0.0,0.0,0.0,0.0
Cayman Islands,1999,0.0,0.0,0.0,0.0,0.0,0.0,0.0
Cayman Islands,2000,0.0,0.0,0.0,0.0,0.0,0.0,0.0
Cayman Islands,2001,0.0,0.0,0.0,0.0,0.0,0.0,0.0
Cayman Islands,2002,0.0,0.0,0.0,0.0,0.0,0.0,0.0
Cayman Islands,2003,0.0,0.0,0.0,0.0,0.0,0.0,0.0
Cayman Islands,2004,0.0,0.0,0.0,0.0,0.0,0.0,0.0
Cayman Islands,2005,0.0,0.0,0.0,0.0,0.0,0.0,0.0
Cayman Islands,2006,0.0,0.0,0.0,0.0,0.0,0.0,0.0
Cayman Islands,2007,0.0,0.0,0.0,0.0,0.0,0.0,0.0
Cayman Islands,2008,0.0,0.0,0.0,0.0,0.0,0.0,0.0
Cayman Islands,2009,0.0,0.0,0.0,0.0,0.0,0.0,0.0
Cayman Islands,2010,0.0,0.0,0.0,0.0,0.0,0.0,0.0
Cayman Islands,2011,0.0,0.0,0.0,0.0,0.0,0.0,0.0
Cayman Islands,2012,0.0,0.0,0.0,0.0,0.0,0.0,0.0
Cayman Islands,2013,0.0,0.0,0.0,0.0,0.0,0.0,0.0
Cayman Islands,2014,0.0,0.0,0.0,0.0,0.0,0.0,0.0
Cayman Islands,2015,0.0,0.0,0.0,0.0,0.0,0.0,0.0
Cayman Islands,2016,0.0,0.0,0.0,6.8242832662e-06,0.0,6.8242832662e-06,6.8242832662e-06
Cayman Islands,2017,0.0,0.0,0.0,3.07092746981e-05,0.0,3.07092746981e-05,3.07092746981e-05
Cayman Islands,2018,0.0,0.0,0.0,5.11821244969e-05,0.0,5.11821244969e-05,5.11821244969e-05
Cayman Islands,2019,0.0,0.0,0.0,6.14185493963e-05,0.0,6.14185493963e-05,6.14185493963e-05
Cayman Islands,2020,0.0,0.0,0.0,6.82428326625e-05,0.0,6.82428326625e-05,6.82428326625e-05
Cayman Islands,2021,0.0,0.0,0.0,7.50671159288e-05,0.0,7.50671159288e-05,7.50671159288e-05
Cayman Islands,2022,0.0,0.0,0.0,7.70593494155e-05,0.0,7.70593494155e-05,7.70593494155e-05
Cayman Islands,2023,0.0,0.0,0.0,7.84792575619e-05,0.0,7.84792575619e-05,7.84792575619e-05
Central African Republic,1980,0.0,0.0,0.0,0.0002252013477864,0.0,0.0002252013477864,0.0002252013477864
Central African Republic,1981,0.0,0.0,0.0,0.0002217892061533,0.0,0.0002217892061533,0.0002217892061533
Central African Republic,1982,0.0,0.0,0.0,0.0002320256310526,0.0,0.0002320256310526,0.0002320256310526
Central African Republic,1983,0.0,0.0,0.0,0.0002183770645201,0.0,0.0002183770645201,0.0002183770645201
Central African Republic,1984,0.0,0.0,0.0,0.0002354377726858,0.0,0.0002354377726858,0.0002354377726858
Central African Republic,1985,0.0,0.0,0.0,0.0002047284979876,0.0,0.0002047284979876,0.0002047284979876
Central African Republic,1986,0.0,0.0,0.0,0.0002593227641177,0.0,0.0002593227641177,0.0002593227641177
Central African Republic,1987,0.0,0.0,0.0,0.0002490863392183,0.0,0.0002490863392183,0.0002490863392183
Central African Republic,1988,0.0,0.0,0.0,0.0002524984808514,0.0,0.0002524984808514,0.0002524984808514
Central African Republic,1989,0.0,0.0,0.0,0.0002524984808514,0.0,0.0002524984808514,0.0002524984808514
Central African Republic,1990,0.0,0.0,0.0,0.0002593227641177,0.0,0.0002593227641177,0.0002593227641177
Central African Republic,1991,0.0,0.0,0.0,0.0002559106224845,0.0,0.0002559106224845,0.0002559106224845
Central African Republic,1992,0.0,0.0,0.0,0.0002627349057508,0.0,0.0002627349057508,0.0002627349057508
Central African Republic,1993,0.0,0.0,0.0,0.0002627349057508,0.0,0.0002627349057508,0.0002627349057508
Central African Republic,1994,0.0,0.0,0.0,0.0002695591890171,0.0,0.0002695591890171,0.0002695591890171
Central African Republic,1995,0.0,0.0,0.0,0.0002729713306502,0.0,0.0002729713306502,0.0002729713306502
Central African Republic,1996,0.0,0.0,0.0,0.0002763834722833,0.0,0.0002763834722833,0.0002763834722833
Central African Republic,1997,0.0,0.0,0.0,0.0002832077555496,0.0,0.0002832077555496,0.0002832077555496
Central African Republic,1998,0.0,0.0,0.0,0.0002763834722833,0.0,0.0002763834722833,0.0002763834722833
Central African Republic,1999,0.0,0.0,0.0,0.0002763834722833,0.0,0.0002763834722833,0.0002763834722833
Central African Republic,2000,0.0,0.0,0.0,0.0002832077555496,0.0,0.0002832077555496,0.0002832077555496
Central African Republic,2001,0.0,0.0,0.0,0.0002797956139164,0.0,0.0002797956139164,0.0002797956139164
Central African Republic,2002,0.0,0.0,0.0,0.0002797956139164,0.0,0.0002797956139164,0.0002797956139164
Central African Republic,2003,0.0,0.0,0.0,0.0002832077555496,0.0,0.0002832077555496,0.0002832077555496
Central African Republic,2004,0.0,0.0,0.0,0.0004231055625078,0.0,0.0004231055625078,0.0004231055625078
Central African Republic,2005,0.0,0.0,0.0,0.000453814837206,0.0,0.000453814837206,0.000453814837206
Central African Republic,2006,0.0,0.0,0.0,0.0004742876870047,0.0,0.0004742876870047,0.0004742876870047
Central African Republic,2007,0.0,0.0,0.0,0.0004640512621053,0.0,0.0004640512621053,0.0004640512621053
Central African Republic,2008,0.0,0.0,0.0,0.0004640512621053,0.0,0.0004640512621053,0.0004640512621053
Central African Republic,2009,0.0,0.0,0.0,0.0004606391204722,0.0,0.0004606391204722,0.0004606391204722
Central African Republic,2010,0.0,0.0,0.0,0.0004575681930024,0.0,0.0004575681930024,0.0004575681930024
Central African Republic,2011,0.0,0.0,0.0,0.0004991963209266,0.0,0.0004991963209266,0.0004991963209266
Central African Republic,2012,0.0,0.0,0.0,0.0005097739599893,0.0,0.0005097739599893,0.0005097739599893
Central African Republic,2013,0.0,0.0,0.0,0.0004688282603917,0.0,0.0004688282603917,0.0004688282603917
Central African Republic,2014,0.0,0.0,0.0,0.0005746046510187,0.0,0.0005746046510187,0.0005746046510187
Central African Republic,2015,0.0,0.0,0.0,0.0005746046510187,0.0,0.0005746046510187,0.0005746046510187
Central African Republic,2016,0.0,0.0,0.0,0.0005780167926518,0.0,0.0005780167926518,0.0005780167926518
Central African Republic,2017,0.0,0.0,0.0,0.0005131861016224,0.0,0.0005131861016224,0.0005131861016224
Central African Republic,2018,0.0,0.0,0.0,0.0005118212449691,0.0,0.0005118212449691,0.0005118212449691
Central African Republic,2019,0.0,0.0,0.0,0.0005118212449691,0.0,0.0005118212449691,0.0005118212449691
Central African Republic,2020,0.0,0.0,0.0,0.0005118212449691,0.0,0.0005118212449691,0.0005118212449691
Central African Republic,2021,0.0,0.0,0.0,0.0005118212449691,0.0,0.0005118212449691,0.0005118212449691
Central African Republic,2022,0.0,0.0,0.0,0.000481111970271,0.0,0.000481111970271,0.000481111970271
Central African Republic,2023,0.0,0.0,0.0,0.000481111970271,0.0,0.000481111970271,0.000481111970271
Chad,1980,0.0,0.0,0.0,0.0,0.0,0.0,0.0
Chad,1981,0.0,0.0,0.0,0.0,0.0,0.0,0.0
Chad,1982,0.0,0.0,0.0,0.0,0.0,0.0,0.0
Chad,1983,0.0,0.0,0.0,0.0,0.0,0.0,0.0
Chad,1984,0.0,0.0,0.0,0.0,0.0,0.0,0.0
Chad,1985,0.0,0.0,0.0,0.0,0.0,0.0,0.0
Chad,1986,0.0,0.0,0.0,0.0,0.0,0.0,0.0
Chad,1987,0.0,0.0,0.0,0.0,0.0,0.0,0.0
Chad,1988,0.0,0.0,0.0,0.0,0.0,0.0,0.0
Chad,1989,0.0,0.0,0.0,0.0,0.0,0.0,0.0
Chad,1990,0.0,0.0,0.0,0.0,0.0,0.0,0.0
Chad,1991,0.0,0.0,0.0,0.0,0.0,0.0,0.0
Chad,1992,0.0,0.0,0.0,0.0,0.0,0.0,0.0
Chad,1993,0.0,0.0,0.0,0.0,0.0,0.0,0.0
Chad,1994,0.0,0.0,0.0,0.0,0.0,0.0,0.0
Chad,1995,0.0,0.0,0.0,0.0,0.0,0.0,0.0
Chad,1996,0.0,0.0,0.0,0.0,0.0,0.0,0.0
Chad,1997,0.0,0.0,0.0,0.0,0.0,0.0,0.0
Chad,1998,0.0,0.0,0.0,0.0,0.0,0.0,0.0
Chad,1999,0.0,0.0,0.0,0.0,0.0,0.0,0.0
Chad,2000,0.0,0.0,0.0,0.0,0.0,0.0,0.0
Chad,2001,0.0,0.0,0.0,0.0,0.0,0.0,0.0
Chad,2002,0.0,0.0,0.0,0.0,0.0,0.0,0.0
Chad,2003,0.0,0.0,0.0,0.0,0.0744744,0.0,0.0744744
Chad,2004,0.0,0.0,0.0,0.0,0.3952728,0.0,0.3952728
Chad,2005,0.0,0.0,0.0,0.0,0.387192,0.0,0.387192
Chad,2006,0.0,0.0,0.0,0.0,0.3558672,0.0,0.3558672
Chad,2007,0.0,0.0,0.0,0.0,0.3279744,0.0,0.3279744
Chad,2008,0.0,0.0,0.0,0.0,0.29042208,0.0,0.29042208
Chad,2009,0.0,0.0,0.0,0.0,0.27210768,0.0,0.27210768
Chad,2010,0.0,0.0,0.0,0.0,0.2790528,0.0,0.2790528
Chad,2011,0.0,0.0,0.0,0.0,0.26184288,0.0,0.26184288
Chad,2012,0.0,0.0,0.0,8.56475551077e-05,0.23862384,8.56475551077e-05,0.2387094875551077
Chad,2013,0.0,0.0,0.0,8.62137786108e-05,0.22776,8.62137786108e-05,0.2278462137786108
Chad,2014,0.0,0.0,0.0,8.59347670294e-05,0.2755896,8.59347670294e-05,0.2756755347670295
Chad,2015,0.0,0.0,0.0,8.48981239999e-05,0.2801448,8.48981239999e-05,0.2802296981239999
Chad,2016,0.0,0.0,0.0,0.0001148243661955,0.26035776,0.0001148243661955,0.2604725843661955
Chad,2017,0.0,0.0,0.0,0.0001146533590972,0.2913485808792,0.0001146533590972,0.2914632342382972
Chad,2018,0.0,0.0,0.0,0.0001251651954285,0.2995391095632,0.0001251651954285,0.2996642747586285
Chad,2019,0.0,0.0,0.0,0.000123175112823,0.2915328,0.000123175112823,0.2916559751128231
Chad,2020,0.0,0.0,0.0,0.0001252671996626,0.28035072,0.0001252671996626,0.2804759871996626
Chad,2021,0.0,0.0,0.0,0.0001286793412957,0.24033984,0.0001286793412957,0.2404685193412957
Chad,2022,0.0,0.0,0.0,0.0001299284753395,0.24954384,0.0001299284753395,0.2496737684753395
Chad,2023,0.0,0.0,0.0,0.0001299284753395,0.28244736,0.0001299284753395,0.2825772884753395
Chile,1980,0.0203580913177723,0.085,0.0,0.0260941994619669,0.0,0.0260941994619669,0.1314522907797393
Chile,1981,0.019833848622894,0.085,0.0,0.0269889415475336,0.0,0.0269889415475336,0.1318227901704276
Chile,1982,0.0179116254083404,0.049,0.0,0.0302223830898758,0.0,0.0302223830898758,0.0971340084982163
Chile,1983,0.0179989991908201,0.046,0.0,0.0325637112767664,0.0,0.0325637112767664,0.0965627104675865
Chile,1984,0.0213891019510329,0.048,0.0,0.0338362284935393,0.088466909649123,0.0338362284935393,0.1916922400936953
Chile,1985,0.0231715271136189,0.044,0.0,0.0372757382626795,0.0817342316910196,0.0372757382626795,0.1861814970673182
Chile,1986,0.0291478938352311,0.026,0.0,0.0413564246461456,0.0766950790415373,0.0413564246461456,0.1731993975229141
Chile,1987,0.0279071861240192,0.026,0.0,0.0437122094314089,0.0738368438036531,0.0437122094314089,0.1714562393590813
Chile,1988,0.034267997488542,0.035,0.0,0.0419523533822967,0.0576760196721314,0.0419523533822967,0.1688963705429703
Chile,1989,0.0347223411574365,0.057,0.0,0.0356211225819448,0.0525069229508199,0.0356211225819448,0.1798503866902014
Chile,1990,0.0381473934306411,0.066,0.0,0.0504582444496917,0.0477387434426232,0.0504582444496917,0.2023443813229561
Chile,1991,0.0385842623430397,0.052,0.0,0.0551284403028543,0.043106473770492,0.0551284403028543,0.1888191764163861
Chile,1992,0.0284139540624015,0.05544455,0.0,0.0745592168466488,0.0376153106557379,0.0745592168466488,0.1960330315647883
Chile,1993,0.0236782950520012,0.0618,0.0,0.0761229737559657,0.0366205057377051,0.0761229737559657,0.1982217745456721
Chile,1994,0.0206551621782033,0.06851,0.0,0.0757764173709049,0.0360551628090165,0.0757764173709049,0.2009967423581248
Chile,1995,0.0181387972427877,0.0671,0.0,0.0863096225892161,0.0272044336278689,0.0863096225892161,0.1987528534598727
Chile,1996,0.0175446555219256,0.0671161575,0.0,0.0813692575217151,0.0240380615844263,0.0813692575217151,0.1900681321280671
Chile,1997,0.0182436457817633,0.0789819975,0.0,0.0817933021232011,0.0187500738172132,0.0817933021232011,0.1977690192221777
Chile,1998,0.0164437458626813,0.0737906925,0.0,0.0657373976655288,0.0179670307836066,0.0657373976655288,0.1739388668118168
Chile,1999,0.0084752569005318,0.0444969,0.0,0.0561912844199963,0.0177990660163935,0.0561912844199963,0.1269625073369216
Chile,2000,0.0063957608775147,0.042272055,0.0,0.0763171448157292,0.0169270531860656,0.0763171448157292,0.1419120138793096
Chile,2001,0.0100654597416625,0.0444969,0.0,0.0923420769877861,0.0187861519557377,0.0923420769877861,0.1656905886851864
Chile,2002,0.0075665695627428,0.073164734125,0.0,0.0950114437893911,0.0168265456639344,0.0950114437893911,0.1925692931410685
Chile,2003,0.0100654597416625,0.06112496775,0.0,0.0915348424806341,0.0150585456803279,0.0915348424806341,0.1777838156526246
Chile,2004,0.0040716182635544,0.060569286225,0.0,0.094612015209681,0.0149718950081967,0.094612015209681,0.1742248147064323
Chile,2005,0.0095062675337924,0.07120132607,0.0,0.1073823672887646,0.0135722372221311,0.1073823672887646,0.2016621981146882
Chile,2006,0.0117779858782648,0.06838587301,0.0,0.1126179036084029,0.0205668880647541,0.1126179036084029,0.2133486505614218
Chile,2007,0.0042463658285138,0.06586678343,0.0,0.1048137106674953,0.017952236904918,0.1048137106674953,0.1928790968309273
Chile,2008,0.0116556625827932,0.064199738855,0.0,0.1122350087149825,0.0126172028295082,0.1122350087149825,0.200707612982284
Chile,2009,0.011113945131419,0.0717141705,0.0,0.1274357936778653,0.0138313155573771,0.1274357936778653,0.2240952248666614
Chile,2010,0.010816874270988,0.0690921960003788,0.0,0.0968976300822914,0.0221532483606558,0.0968976300822914,0.1989599487143141
Chile,2011,0.011428490748346,0.0589359397213531,0.0,0.11799806593126,0.022313018852459,0.11799806593126,0.2106755152534183
Chile,2012,0.0124420266251106,0.0464815524594823,0.0,0.115752500721054,0.0217106598360656,0.115752500721054,0.1963867396417126
Chile,2013,0.0529135626697121,0.0362529873945598,0.0,0.1240263171553623,0.0200810377049181,0.1240263171553623,0.2332739049245524
Chile,2014,0.0566248049099462,0.0296162363756988,0.0,0.1350611961974377,0.0171586975409837,0.1350611961974377,0.2384609350240665
Chile,2015,0.0574880399980409,0.0373631617856125,0.0,0.1436133821864688,0.0147227991803279,0.1436133821864688,0.2531873831504503
Chile,2016,0.0460723607804166,0.044739358246843,0.0,0.1500049784925066,0.0108772508196721,0.1500049784925066,0.2516939483394386
Chile,2017,0.044120240373745,0.045369485582727,0.0,0.1524496631678774,0.0113856539762295,0.1524496631678774,0.2533250431005791
Chile,2018,0.0411204650298978,0.046250388956161,0.0,0.1603601663215701,0.0155610868885246,0.1603601663215701,0.2632921071961537
Chile,2019,0.0262204113290431,0.0521809991762454,0.0,0.1620686548384894,0.0197217202229508,0.1620686548384894,0.2601917855667289
Chile,2020,0.0095549345219941,0.0506983466212243,0.0,0.1662380905058116,0.0148309184778688,0.1662380905058116,0.241322290126899
Chile,2021,0.0008566004880087,0.0466210520949162,0.0,0.1770701055272911,0.0140354508983606,0.1770701055272911,0.2385832090085768
Chile,2022,0.0003038015646431,0.0506621995681387,0.0,0.1967943362515497,0.0155775041352459,0.1967943362515497,0.2633378415195776
Chile,2023,0.0024704452316835,0.050477748088474,0.0,0.2201671609935372,0.0172966764781083,0.2201671609935372,0.2904120307918032
China,1980,13.811305016619889,0.581255,0.0,0.1966007766175656,0.0,0.1966007766175656,14.589160793237454
China,1981,13.844489207936878,0.51795,0.0,0.2212603242001812,0.0,0.2212603242001812,14.58369953213706
China,1982,14.839792238259726,0.438531,0.0,0.2513247041296715,0.0,0.2513247041296715,15.529647942389396
China,1983,15.9134901368203,0.496081,0.0,0.2918609467312315,0.0,0.2918609467312315,16.70143208355153
China,1984,17.577153962373966,0.504138,0.0,0.2932121548179501,4.931733135888513,0.2932121548179501,23.30623725308043
China,1985,19.426782887522226,0.526007,0.0,0.3121290680320114,5.375519886123651,0.3121290680320114,25.640438841677888
China,1986,19.91140570997993,0.557084,0.0,0.3192229104872844,5.62383018471191,0.3192229104872844,26.411542805179124
China,1987,20.669742433607112,0.568594,0.0,0.3384776257230253,5.772693893262697,0.3384776257230253,27.349507952592838
China,1988,21.82294876411921,0.565141,0.0,0.3685420056525156,5.895347846257424,0.3685420056525156,28.651979616029152
China,1989,23.477258656537767,0.581255,0.0,0.3999575936687246,5.927153259058091,0.3999575936687246,30.38562450926458
China,1990,24.037381082345068,0.584708,0.0,0.4269954039696304,5.9398283921446415,0.4269954039696304,30.98891287845934
China,1991,24.148292004035177,0.605426,0.0,0.4226278626792266,5.997883558763234,0.4226278626792266,31.17422942547764
China,1992,24.82244332924429,0.6137782315,0.0051697145874721,0.4494373795039961,6.106404097559446,0.444267664916524,31.992063037807736
China,1993,25.64269418186249,0.64263783,0.0252123365280955,0.5343686988818137,6.2489875867747084,0.5091563623537181,33.06868829751902
China,1994,27.38297117427752,0.6775937,0.1371521929917294,0.7050487175657225,6.269760424992342,0.5678965245739931,35.03537401683558
China,1995,28.778711628640007,0.69883842,0.1251098470511414,0.7861390254286356,6.438579264465205,0.6610291783774941,36.70226833853385
China,1996,30.399369632852466,0.82716325671,0.1376410433632105,0.7840787520696297,6.752278719986095,0.6464377087064193,38.76289036161819
China,1997,29.51522250828525,0.9311075207,0.1147008694693421,0.7993178569431173,6.897697417773863,0.6846169874737752,38.14334530370223
China,1998,29.01554430768193,0.95470323795,0.1360241148068145,0.8515706161205535,6.919198135503299,0.7155465013137391,37.74101629725579
China,1999,28.60399351996868,1.03341034349,0.1423806651941463,0.8879914624338888,6.873981791085603,0.7456107972397424,37.39937711697817
China,2000,30.82750790210035,1.00563876875,0.1607125927022861,0.9388964150017968,7.012096343489174,0.7781838222995107,39.78413942934132
China,2001,32.772722716444285,1.11856554425,0.1677260203156538,1.132728502191017,7.054806627143325,0.9650024818753632,42.078823390028624
China,2002,34.52934019971236,1.204552272,0.2543226503141377,1.261392066419431,7.185353954603103,1.007069416105293,44.18063849273489
China,2003,40.86547290032771,1.2658132025,0.420807023601796,1.4254761522393655,7.2029411720810295,1.0046691286375695,50.7597034271481
China,2004,47.273178691195824,1.504214173,0.4841014654627171,1.7295432350281243,7.4750424986910495,1.2454417695654072,57.981978597915
China,2005,52.67473881164038,1.842256416,0.5081924448268776,1.9408910326230675,7.714177973785604,1.43269858779619,64.17206423404905
China,2006,57.231105300105455,2.15955851265,0.5229523677862081,2.124806554047566,7.7764571716437105,1.6018541862613578,69.29192753844673
China,2007,61.46620689632633,2.55635220225,0.5983909449928501,2.404307160922829,7.904899494458705,1.805916215929979,74.33176575395787
China,2008,64.66244859482418,2.806193467,0.6591997922672884,2.9007107183474647,8.159838151839091,2.2415109260801764,78.52919093201074
China,2009,69.38280714625941,3.10888151035,0.6631151312554201,3.1133792866695424,8.149939286451497,2.4502641554141222,83.75500722973045
China,2010,76.76317293270539,3.48412316175,0.7452361819299957,3.7083217359184064,8.757404572272055,2.9630855539884107,92.71302240264583
China,2011,84.28596532650899,3.791940885425,0.8721509958427348,3.89977035607981,8.699481557007404,3.027619360237075,100.6771581250212
China,2012,88.33169189503815,3.8305057483,0.9834571883638832,4.732601694751953,8.770693733149288,3.74914450638807,105.66549307123938
China,2013,88.98534534168142,4.16537423225,1.1310990071750051,5.311182883162172,8.94225764013033,4.180083875987166,107.40416009722392
China,2014,88.09166066805884,4.55611563715,1.3452042975099454,6.191638700471782,9.037614500589765,4.846434402961837,107.87702950627038
China,2015,85.89740069680104,4.90359381215,1.740251545357225,6.95566829297644,9.186617862407306,5.215416747619215,106.9432806643348
China,2016,78.56545149730195,5.0102489679,2.177781296592572,7.893024935689461,8.57872555060691,5.715243639096889,100.04745095149832
China,2017,79.10647705186074,5.384085084467906,2.5353806400308003,8.83410239585793,8.101283103385846,6.298721755827129,101.4259476355724
China,2018,84.35144962903344,5.866574968018889,3.0137827778205626,9.94387738651392,8.033378724310616,6.930094608693358,108.19528070787686
China,2019,89.20599208742307,6.362312406014881,3.568645529381245,11.220361180183875,8.133981122439543,7.651715650802632,114.92264679606136
China,2020,89.81507064963213,6.940324129934494,3.756039301305056,12.144976429020693,8.301516325782757,8.388937127715636,117.20188753437009
China,2021,93.25166111017153,7.520776194205672,4.182328769995975,13.519090741759818,8.50293111615117,9.336761971763844,122.79445916228818
China,2022,92.62763822640149,7.995247819902669,4.287655929853133,14.621917150623588,8.781944751169515,10.334261220770454,124.02674794809724
China,2023,93.80915246296526,8.494122837058917,4.447601733845515,15.720129162939298,8.98264477405702,11.272527429093785,127.00604923702048
Colombia,1980,0.136647035283525,0.1188,0.0,0.0512211068848823,0.0,0.0512211068848823,0.3066681421684074
Colombia,1981,0.1400517939220102,0.1272,0.0,0.0520091237047955,0.0,0.0520091237047955,0.3192609176268057
Colombia,1982,0.149239846461914,0.1272,0.0,0.0652569305277239,0.0,0.0652569305277239,0.3416967769896379
Colombia,1983,0.1598042497791725,0.1224,0.0,0.064613355540945,0.0,0.064613355540945,0.3468176053201175
Colombia,1984,0.1977732385541702,0.1716,0.0,0.0733919503950848,0.3837676484751509,0.0733919503950848,0.826532837424406
Colombia,1985,0.2495551270006855,0.1728,0.0,0.0761676066086117,0.3907221909090918,0.0761676066086117,0.8892449245183891
Colombia,1986,0.2935075701177787,0.1728,0.0,0.0896040593365822,0.6734208031888654,0.0896040593365822,1.2293324326432264
Colombia,1987,0.3620740898120425,0.13006,0.0,0.0756975720981502,0.8543472932182832,0.0756975720981502,1.422178955128476
Colombia,1988,0.4015556278896346,0.135634,0.0,0.0881938848022505,0.8328521419744961,0.0881938848022505,1.4582356546663813
Colombia,1989,0.4805580981453817,0.135634,0.0,0.0954299451607856,0.8968150065209439,0.0954299451607856,1.6084370498271114
Colombia,1990,0.5351332764253107,0.140279,0.0,0.0958243015299555,0.9738735714754064,0.0958243015299555,1.7451101494306729
Colombia,1991,0.5226349494794852,0.143995,0.0,0.0956517743685993,0.9439098369581024,0.0956517743685993,1.7061915608061868
Colombia,1992,0.5837035707104167,0.14008860145,0.0,0.079323976625025,0.9701527529544592,0.079323976625025,1.7732689017399008
Colombia,1993,0.56550749414813,0.145853,0.0,0.0986085821014671,1.000276082422583,0.0986085821014671,1.81024515867218
Colombia,1994,0.6016293659218289,0.15091605,0.0,0.1136734864241386,1.0109946372834937,0.1136734864241386,1.8772135396294607
Colombia,1995,0.6814151951341416,0.14927172,0.0,0.1135547934973646,1.2901342307036747,0.1135547934973646,2.234375939335181
Colombia,1996,0.7720771506505859,0.1555081899,0.0,0.1250178613129447,1.3896226137151133,0.1250178613129447,2.442225815578644
Colombia,1997,0.8414983961654697,0.19586158095,0.0,0.1119685546548548,1.4385853757538745,0.1119685546548548,2.5879139075241997
Colombia,1998,0.8547973484855479,0.2053757951,0.0,0.1094066333131574,1.6332063340619247,0.1094066333131574,2.8027861109606302
Colombia,1999,0.83645831731419,0.1699435493,0.0,0.118652655102322,1.798719224734711,0.118652655102322,2.9237737464512232
Colombia,2000,0.970928907981362,0.1870035195,0.0,0.1134261121559858,1.5130481096101949,0.1134261121559858,2.7844066492475426
Colombia,2001,1.0951603822615268,0.19979849715,0.0,0.112560072207904,1.3302176918058968,0.112560072207904,2.737736643425328
Colombia,2002,1.104909846455291,0.2020950316,0.0,0.1197591220301846,1.2733936616161703,0.1197591220301846,2.7001576617016454
Colombia,2003,1.253800685494476,0.19979849715,0.0,0.1272315842014215,1.1948634876683382,0.1272315842014215,2.775694254514236
Colombia,2004,1.3501090280033945,0.2086565586,0.0,0.1402591139555832,1.1649080956012563,0.1402591139555832,2.863932796160234
Colombia,2005,1.4596470857837376,0.21882692545,0.0,0.1403264742607678,1.158630289806972,0.1403264742607678,2.9774307753014777
Colombia,2006,1.6105526890710624,0.2368711247,0.0,0.1558298213426564,1.1611771976460978,0.1558298213426564,3.1644308327598165
Colombia,2007,1.6135443480779408,0.2506503314,0.0,0.161673732345439,1.1712197275616716,0.161673732345439,3.1970881393850514
Colombia,2008,1.8021564861283468,0.295268715,0.0,0.1679755927796814,1.299679416946651,0.1679755927796814,3.565080210854679
Colombia,2009,1.816890950728036,0.34415209115,0.0,0.1577164143574742,1.4767054679301694,0.1577164143574742,3.79546492416568
Colombia,2010,1.9203540167085091,0.3694139701,0.0,0.1796599803802016,1.7290271935827988,0.1796599803802016,4.19845516077151
Colombia,2011,2.197189755241768,0.35924360325,0.0,0.2092816566501975,2.0138654889164225,0.2092816566501975,4.779580504058388
Colombia,2012,2.290419769442712,0.39139508555,0.0,0.2065700181513914,2.0925029856518687,0.2065700181513914,4.980887858795972
Colombia,2013,2.2089077287422643,0.419937728,0.0,0.2079812256474488,2.2183327755060027,0.2079812256474488,5.055159457895716
Colombia,2014,2.3032605852370693,0.4160008118,0.0,0.2032525448875014,2.1804365983424328,0.2032525448875014,5.102950540267004
Colombia,2015,2.26846482907597,0.3907186249487281,0.0,0.2068493525796794,2.21463011205828,0.2068493525796794,5.080662918662657
Colombia,2016,2.4206623393056685,0.35538510221363,0.0,0.2081404757608935,1.962669483981924,0.2081404757608935,4.946857401262116
Colombia,2017,2.426183153686505,0.3469421303734953,0.0,0.2484902132940433,1.886953948740522,0.2484902132940433,4.908569446094566
Colombia,2018,2.2741500529563616,0.368135648913495,0.0,0.2436333998937153,1.9074551585180568,0.2436333998937153,4.793374260281629
Colombia,2019,2.299906814920843,0.3764520569134949,0.0,0.225852837974686,1.952207896255365,0.225852837974686,4.854419606064389
Colombia,2020,1.416301883839193,0.370890124623495,0.0,0.2133151106690717,1.7266509618638144,0.2133151106690717,3.727158080995574
Colombia,2021,1.6007701157076777,0.374781687136395,0.0,0.261221187071058,1.6272057518869374,0.261221187071058,3.863978741802068
Colombia,2022,1.573432137457616,0.370381891948495,0.0,0.2559737589737629,1.6665921202452914,0.2559737589737629,3.866379908625165
Colombia,2023,1.347127956855645,0.3584698834632951,0.0,0.250494869899344,1.7168881951783603,0.250494869899344,3.6729809053966447
Comoros,1980,0.0,0.0,0.0,6.8242832662e-06,0.0,6.8242832662e-06,6.8242832662e-06
Comoros,1981,0.0,0.0,0.0,6.8242832662e-06,0.0,6.8242832662e-06,6.8242832662e-06
Comoros,1982,0.0,0.0,0.0,6.8242832662e-06,0.0,6.8242832662e-06,6.8242832662e-06
Comoros,1983,0.0,0.0,0.0,6.8242832662e-06,0.0,6.8242832662e-06,6.8242832662e-06
Comoros,1984,0.0,0.0,0.0,6.8242832662e-06,0.0,6.8242832662e-06,6.8242832662e-06
Comoros,1985,0.0,0.0,0.0,6.8242832662e-06,0.0,6.8242832662e-06,6.8242832662e-06
Comoros,1986,0.0,0.0,0.0,6.8242832662e-06,0.0,6.8242832662e-06,6.8242832662e-06
Comoros,1987,0.0,0.0,0.0,6.8242832662e-06,0.0,6.8242832662e-06,6.8242832662e-06
Comoros,1988,0.0,0.0,0.0,6.8242832662e-06,0.0,6.8242832662e-06,6.8242832662e-06
Comoros,1989,0.0,0.0,0.0,6.8242832662e-06,0.0,6.8242832662e-06,6.8242832662e-06
Comoros,1990,0.0,0.0,0.0,6.8242832662e-06,0.0,6.8242832662e-06,6.8242832662e-06
Comoros,1991,0.0,0.0,0.0,6.8242832662e-06,0.0,6.8242832662e-06,6.8242832662e-06
Comoros,1992,0.0,0.0,0.0,6.8242832662e-06,0.0,6.8242832662e-06,6.8242832662e-06
Comoros,1993,0.0,0.0,0.0,6.8242832662e-06,0.0,6.8242832662e-06,6.8242832662e-06
Comoros,1994,0.0,0.0,0.0,6.8242832662e-06,0.0,6.8242832662e-06,6.8242832662e-06
Comoros,1995,0.0,0.0,0.0,6.8242832662e-06,0.0,6.8242832662e-06,6.8242832662e-06
Comoros,1996,0.0,0.0,0.0,6.8242832662e-06,0.0,6.8242832662e-06,6.8242832662e-06
Comoros,1997,0.0,0.0,0.0,6.8242832662e-06,0.0,6.8242832662e-06,6.8242832662e-06
Comoros,1998,0.0,0.0,0.0,6.8242832662e-06,0.0,6.8242832662e-06,6.8242832662e-06
Comoros,1999,0.0,0.0,0.0,6.8242832662e-06,0.0,6.8242832662e-06,6.8242832662e-06
Comoros,2000,0.0,0.0,0.0,6.8242832662e-06,0.0,6.8242832662e-06,6.8242832662e-06
Comoros,2001,0.0,0.0,0.0,6.8242832662e-06,0.0,6.8242832662e-06,6.8242832662e-06
Comoros,2002,0.0,0.0,0.0,1.02364248993e-05,0.0,1.02364248993e-05,1.02364248993e-05
Comoros,2003,0.0,0.0,0.0,1.36485665325e-05,0.0,1.36485665325e-05,1.36485665325e-05
Comoros,2004,0.0,0.0,0.0,1.70607081656e-05,0.0,1.70607081656e-05,1.70607081656e-05
Comoros,2005,0.0,0.0,0.0,1.70607081656e-05,0.0,1.70607081656e-05,1.70607081656e-05
Comoros,2006,0.0,0.0,0.0,1.70607081656e-05,0.0,1.70607081656e-05,1.70607081656e-05
Comoros,2007,0.0,0.0,0.0,1.70607081656e-05,0.0,1.70607081656e-05,1.70607081656e-05
Comoros,2008,0.0,0.0,0.0,1.70607081656e-05,0.0,1.70607081656e-05,1.70607081656e-05
Comoros,2009,0.0,0.0,0.0,1.70607081656e-05,0.0,1.70607081656e-05,1.70607081656e-05
Comoros,2010,0.0,0.0,0.0,1.70607081656e-05,0.0,1.70607081656e-05,1.70607081656e-05
Comoros,2011,0.0,0.0,0.0,1.70607081656e-05,0.0,1.70607081656e-05,1.70607081656e-05
Comoros,2012,0.0,0.0,0.0,1.02364248993e-05,0.0,1.02364248993e-05,1.02364248993e-05
Comoros,2013,0.0,0.0,0.0,6.8242832662e-06,0.0,6.8242832662e-06,6.8242832662e-06
Comoros,2014,0.0,0.0,0.0,6.8242832662e-06,0.0,6.8242832662e-06,6.8242832662e-06
Comoros,2015,0.0,0.0,0.0,6.8242832662e-06,0.0,6.8242832662e-06,6.8242832662e-06
Comoros,2016,0.0,0.0,0.0,6.8242832662e-06,0.0,6.8242832662e-06,6.8242832662e-06
Comoros,2017,0.0,0.0,0.0,1.3648566532e-06,0.0,1.3648566532e-06,1.3648566532e-06
Comoros,2018,0.0,0.0,0.0,1.3648566532e-06,0.0,1.3648566532e-06,1.3648566532e-06
Comoros,2019,0.0,0.0,0.0,1.3648566532e-06,0.0,1.3648566532e-06,1.3648566532e-06
Comoros,2020,0.0,0.0,0.0,0.0,0.0,0.0,0.0
Comoros,2021,0.0,0.0,0.0,0.0,0.0,0.0,0.0
Comoros,2022,0.0,0.0,0.0,0.0,0.0,0.0,0.0
Comoros,2023,0.0,0.0,0.0,0.0,0.0,0.0,0.0
Congo-Brazzaville,1980,0.0,0.0005235,0.0,0.0003378020216796,0.0,0.0003378020216796,0.0008613020216796
Congo-Brazzaville,1981,0.0,0.0006282,0.0,0.000348038446579,0.0,0.000348038446579,0.000976238446579
Congo-Brazzaville,1982,0.0,0.0006282,0.0,0.0005937126441642,0.0,0.0005937126441642,0.0012219126441642
Congo-Brazzaville,1983,0.0,0.0007329,0.0,0.0007813804339862,0.0,0.0007813804339862,0.0015142804339862
Congo-Brazzaville,1984,0.0,0.0007329,0.0,0.0008462111250157,0.2475081818181818,0.0008462111250157,0.2490872929431975
Congo-Brazzaville,1985,0.0,0.002094,0.0,0.0009826967903408,0.2383923333333338,0.0009826967903408,0.2414690301236747
Congo-Brazzaville,1986,0.0,0.0004188,0.0,0.0009042175327789,0.2447210084033618,0.0009042175327789,0.2460440259361407
Congo-Brazzaville,1987,0.0,0.002094,0.0,0.0009383389491101,0.2594899999999986,0.0009383389491101,0.2625223389491087
Congo-Brazzaville,1988,0.0,0.0,0.0,0.0009758725070745,0.2898209629629624,0.0009758725070745,0.290796835470037
Congo-Brazzaville,1989,0.0,0.0,0.0,0.0013409716618192,0.3270037290022257,0.0013409716618192,0.328344700664045
Congo-Brazzaville,1990,0.0,0.0,0.0,0.001654888692067,0.3291134304796594,0.001654888692067,0.3307683191717264
Congo-Brazzaville,1991,0.0,0.0,0.0,0.0016173551341026,0.3312231319570931,0.0016173551341026,0.3328404870911957
Congo-Brazzaville,1992,0.0,0.0,0.0,0.0014365116275468,0.3729258611617074,0.0014365116275468,0.3743623727892543
Congo-Brazzaville,1993,0.0,0.0,0.0,0.0012113102797604,0.3982711789111509,0.0012113102797604,0.3994824891909113
Congo-Brazzaville,1994,0.0,0.0,0.0,0.0010884731809678,0.3713074600283336,0.0010884731809678,0.3723959332093015
Congo-Brazzaville,1995,0.0,0.0,0.0,0.0011874252883285,0.3807577666464271,0.0011874252883285,0.3819451919347557
Congo-Brazzaville,1996,0.0,0.0,0.0,0.0015388758765407,0.4240962369965586,0.0015388758765407,0.4256351128730993
Congo-Brazzaville,1997,0.0,0.0,0.0,0.001521815168375,0.4750007326452126,0.001521815168375,0.4765225478135877
Congo-Brazzaville,1998,0.0,0.0,0.0,0.0011567160136303,0.5205163422890094,0.0011567160136303,0.5216730583026398
Congo-Brazzaville,1999,0.0,0.0,0.0,0.0008530354082819,0.5575430539989871,0.0008530354082819,0.558396089407269
Congo-Brazzaville,2000,0.0,0.0,0.0,0.0009963453568733,0.5562749053472972,0.0009963453568733,0.5572712507041705
Congo-Brazzaville,2001,0.0,0.0,0.0,0.0011294188805653,0.5160144014043707,0.0011294188805653,0.517143820284936
Congo-Brazzaville,2002,0.0,0.0,0.0,0.0013375595201861,0.4972935807460019,0.0013375595201861,0.4986311402661881
Congo-Brazzaville,2003,0.0,0.0,0.0,0.0011567160136303,0.4528520713072244,0.0011567160136303,0.4540087873208548
Congo-Brazzaville,2004,0.0,0.0,0.0,0.0011157703140328,0.4720202023416304,0.0011157703140328,0.4731359726556632
Congo-Brazzaville,2005,0.0,0.0044369766,0.0,0.0011976617132279,0.516598682943634,0.0011976617132279,0.5222333212568618
Congo-Brazzaville,2006,0.0,0.0066554649,0.0,0.001385717620991,0.5833877394763195,0.001385717620991,0.5914289219973106
Congo-Brazzaville,2007,0.0,0.01072269345,0.0,0.0011328310221984,0.4708567016274025,0.0011328310221984,0.4827122260996009
Congo-Brazzaville,2008,0.0,0.01368067785,0.0,0.0012659045458904,0.5046241055859129,0.0012659045458904,0.5195706879818034
Congo-Brazzaville,2009,0.0,0.01959664665,0.0,0.0011157703140328,0.5762194657457994,0.0011157703140328,0.5969318827098322
Congo-Brazzaville,2010,0.0,0.03438656865,0.0,0.0014535723357125,0.7269436022305188,0.0014535723357125,0.7627837432162313
Congo-Brazzaville,2011,0.0,0.04252102575,0.0,0.0026720481129024,0.6202113253215937,0.0026720481129024,0.6654043991844962
Congo-Brazzaville,2012,0.0,0.043223547045,0.0,0.0033340035897293,0.5666822550257022,0.0033340035897293,0.6132398056604316
Congo-Brazzaville,2013,0.0,0.06100842825,0.0,0.0032800917519258,0.5191445330121424,0.0032800917519258,0.5834330530140682
Congo-Brazzaville,2014,0.0,0.0554622075,0.0,0.0032152610608964,0.5048584031194081,0.0032152610608964,0.5635358716803046
Congo-Brazzaville,2015,0.0,0.0554622075,0.0,0.0037124100968431,0.5142324828160282,0.0037124100968431,0.5734071004128715
Congo-Brazzaville,2016,0.0,0.05176475841,0.0,0.0038113622042039,0.4300022592278883,0.0038113622042039,0.4855783798420922
Congo-Brazzaville,2017,0.0,0.03180246389811,0.0,0.0040672728266885,0.5292547908787566,0.0040672728266885,0.5651245276035551
Congo-Brazzaville,2018,0.0,0.0320568836103,0.0,0.0035725122898849,0.7294452662205461,0.0035725122898849,0.765074662120731
Congo-Brazzaville,2019,0.0,0.02145575288055,0.0,0.0035725122898849,0.70510735029056,0.0035725122898849,0.7301356154609949
Congo-Brazzaville,2020,0.0,0.0149676995637,0.0,0.0035725122898849,0.6085796415930662,0.0035725122898849,0.6271198534466512
Congo-Brazzaville,2021,0.0,0.0153444137235,0.0,0.0035731947182115,0.5690465041551716,0.0035731947182115,0.5879641125968831
Congo-Brazzaville,2022,0.0,0.0156402096507,0.0,0.0035731947182115,0.5871818556466292,0.0035731947182115,0.6063952600155408
Congo-Brazzaville,2023,0.0,0.0157141586325,0.0,0.0036734084779416,0.5606516370673943,0.0036734084779416,0.5800392041778359
Congo-Kinshasa,1980,0.0035522432861255,0.0,0.0,0.0143275827175042,0.0,0.0143275827175042,0.0178798260036297
Congo-Kinshasa,1981,0.0036036167756698,0.0,0.0,0.0140784963782858,0.0,0.0140784963782858,0.0176821131539557
Congo-Kinshasa,1982,0.0031660080510971,0.0,0.0,0.0139215378631619,0.0,0.0139215378631619,0.0170875459142591
Congo-Kinshasa,1983,0.0029086735716526,0.0,0.0,0.015122611718023,0.0,0.015122611718023,0.0180312852896756
Congo-Kinshasa,1984,0.0031146345615528,0.0,0.0,0.0158528100275124,0.0597146772540986,0.0158528100275124,0.0786821218431639
Congo-Kinshasa,1985,0.0027979870532708,0.0,0.0,0.0169754046248115,0.0643727272727275,0.0169754046248115,0.0841461189508098
Congo-Kinshasa,1986,0.0030632610720086,0.0,0.0,0.0177567850587978,0.0643781249999999,0.0177567850587978,0.0851981711308063
Congo-Kinshasa,1987,0.003140321306325,0.0,0.0,0.0176987786510346,0.0665064246575341,0.0176987786510346,0.0873455246148938
Congo-Kinshasa,1988,0.0031661044931479,0.0,0.0,0.0177294879257327,0.0623983333333328,0.0177294879257327,0.0832939257522136
Congo-Kinshasa,1989,0.0032175858670203,0.0,0.0,0.0199132585709346,0.0600820582877955,0.0199132585709346,0.0832129027257505
Congo-Kinshasa,1990,0.0032433265539564,0.0,0.0,0.0190022167548894,0.0622278460837882,0.0190022167548894,0.0844733893926342
Congo-Kinshasa,1991,0.0,0.0,0.0,0.017763609342064,0.0579362704918028,0.017763609342064,0.0756998798338669
Congo-Kinshasa,1992,0.0,0.0,0.0,0.0204489648073357,0.0516399999999996,0.0204489648073357,0.0720889648073353
Congo-Kinshasa,1993,0.0,0.0,0.0,0.0186746511581092,0.049353119307832,0.0186746511581092,0.0680277704659412
Congo-Kinshasa,1994,0.0,0.0,0.0,0.0178830342992235,0.0536446948998174,0.0178830342992235,0.071527729199041
Congo-Kinshasa,1995,0.0,0.0,0.0,0.020803827537181,0.0600820582877955,0.020803827537181,0.0808858858249766
Congo-Kinshasa,1996,0.0,0.0,0.0,0.0205752140477614,0.0623983333333328,0.0205752140477614,0.0829735473810943
Congo-Kinshasa,1997,0.0,0.0,0.0,0.0169719924831783,0.0600820582877955,0.0169719924831783,0.0770540507709739
Congo-Kinshasa,1998,0.0,0.0,0.0,0.0159074042936424,0.0557904826958101,0.0159074042936424,0.0716978869894526
Congo-Kinshasa,1999,0.0,0.0,0.0,0.0179035071490223,0.0557904826958101,0.0179035071490223,0.0736939898448324
Congo-Kinshasa,2000,0.0,0.0,0.0,0.0202647091591468,0.0494883333333329,0.0202647091591468,0.0697530424924798
Congo-Kinshasa,2001,0.0,0.0,0.0,0.0201794056183186,0.0536446948998174,0.0201794056183186,0.0738241005181361
Congo-Kinshasa,2002,0.0,0.0,0.0,0.0206400447387909,0.049353119307832,0.0206400447387909,0.0699931640466229
Congo-Kinshasa,2003,0.0,0.0,0.0,0.0208072396788141,0.0536446948998174,0.0208072396788141,0.0744519345786316
Congo-Kinshasa,2004,0.0,0.0,0.0,0.0239088764233274,0.0580949999999995,0.0239088764233274,0.082003876423327
Congo-Kinshasa,2005,0.0,0.0,0.0,0.0249734646128633,0.0536446948998174,0.0249734646128633,0.0786181595126808
Congo-Kinshasa,2006,0.0,0.0,0.0,0.0254033944586375,0.0514989071038247,0.0254033944586375,0.0769023015624622
Congo-Kinshasa,2007,0.0,0.0,0.0,0.0264168005236765,0.0514989071038247,0.0264168005236765,0.0779157076275012
Congo-Kinshasa,2008,0.0,0.0,0.0,0.0252771452182117,0.0429422108378867,0.0252771452182117,0.0682193560560985
Congo-Kinshasa,2009,0.0,0.0,0.0,0.0263485576910139,0.0472073315118393,0.0263485576910139,0.0735558892028533
Congo-Kinshasa,2010,0.0,0.0,0.0,0.0264133883820433,0.0450615437158466,0.0264133883820433,0.07147493209789
Congo-Kinshasa,2011,0.0,0.0,0.0,0.0263860912489783,0.0432626092896171,0.0263860912489783,0.0696487005385955
Congo-Kinshasa,2012,0.0,0.0,0.0,0.0270529841307498,0.043033333333333,0.0270529841307498,0.0700863174640828
Congo-Kinshasa,2013,0.0,0.0,0.0,0.0292810464144343,0.0429157559198539,0.0292810464144343,0.0721968023342883
Congo-Kinshasa,2014,0.0,0.0,0.0,0.0313198960441718,0.0429157559198539,0.0313198960441718,0.0742356519640257
Congo-Kinshasa,2015,0.0,0.0,0.0,0.0316600851649365,0.0429157559198539,0.0316600851649365,0.0745758410847905
Congo-Kinshasa,2016,0.0,0.0,0.0,0.0323231376873001,0.043033333333333,0.0323231376873001,0.0753564710206331
Congo-Kinshasa,2017,0.0,1.414596456e-05,0.0,0.0335738666032718,0.0407699681238612,0.0335738666032718,0.0743579806916931
Congo-Kinshasa,2018,0.0,1.396320016e-05,0.0,0.0380021806162646,0.0536446948998174,0.0380021806162646,0.091660838716242
Congo-Kinshasa,2019,0.0,1.396320016e-05,0.0,0.0423940737174772,0.0514989071038247,0.0423940737174772,0.093906944021462
Congo-Kinshasa,2020,0.0,0.0,0.0,0.0427862869976906,0.0494883333333329,0.0427862869976906,0.0922746203310235
Congo-Kinshasa,2021,0.0,0.0,0.0,0.0486415220401381,0.0472073315118393,0.0486415220401381,0.0958488535519775
Congo-Kinshasa,2022,0.0,0.0,0.0,0.0524631206692414,0.0450615437158466,0.0524631206692414,0.0975246643850881
Congo-Kinshasa,2023,0.0,0.0,0.0,0.0543841564086924,0.0407699681238612,0.0543841564086924,0.0951541245325537
Cook Islands,1980,0.0,0.0,0.0,0.0,0.0,0.0,0.0
Cook Islands,1981,0.0,0.0,0.0,0.0,0.0,0.0,0.0
Cook Islands,1982,0.0,0.0,0.0,0.0,0.0,0.0,0.0
Cook Islands,1983,0.0,0.0,0.0,0.0,0.0,0.0,0.0
Cook Islands,1984,0.0,0.0,0.0,0.0,0.0,0.0,0.0
Cook Islands,1985,0.0,0.0,0.0,0.0,0.0,0.0,0.0
Cook Islands,1986,0.0,0.0,0.0,0.0,0.0,0.0,0.0
Cook Islands,1987,0.0,0.0,0.0,0.0,0.0,0.0,0.0
Cook Islands,1988,0.0,0.0,0.0,0.0,0.0,0.0,0.0
Cook Islands,1989,0.0,0.0,0.0,0.0,0.0,0.0,0.0
Cook Islands,1990,0.0,0.0,0.0,0.0,0.0,0.0,0.0
Cook Islands,1991,0.0,0.0,0.0,0.0,0.0,0.0,0.0
Cook Islands,1992,0.0,0.0,0.0,3.41214163312794e-07,0.0,3.41214163312794e-07,3.41214163312794e-07
Cook Islands,1993,0.0,0.0,0.0,3.41214163312794e-07,0.0,3.41214163312794e-07,3.41214163312794e-07
Cook Islands,1994,0.0,0.0,0.0,3.41214163312794e-07,0.0,3.41214163312794e-07,3.41214163312794e-07
Cook Islands,1995,0.0,0.0,0.0,3.41214163312794e-07,0.0,3.41214163312794e-07,3.41214163312794e-07
Cook Islands,1996,0.0,0.0,0.0,3.41214163312794e-07,0.0,3.41214163312794e-07,3.41214163312794e-07
Cook Islands,1997,0.0,0.0,0.0,3.41214163312794e-07,0.0,3.41214163312794e-07,3.41214163312794e-07
Cook Islands,1998,0.0,0.0,0.0,3.41214163312794e-07,0.0,3.41214163312794e-07,3.41214163312794e-07
Cook Islands,1999,0.0,0.0,0.0,3.41214163312794e-07,0.0,3.41214163312794e-07,3.41214163312794e-07
Cook Islands,2000,0.0,0.0,0.0,3.41214163312794e-07,0.0,3.41214163312794e-07,3.41214163312794e-07
Cook Islands,2001,0.0,0.0,0.0,3.41214163312794e-07,0.0,3.41214163312794e-07,3.41214163312794e-07
Cook Islands,2002,0.0,0.0,0.0,3.41214163312794e-07,0.0,3.41214163312794e-07,3.41214163312794e-07
Cook Islands,2003,0.0,0.0,0.0,3.41214163312794e-07,0.0,3.41214163312794e-07,3.41214163312794e-07
Cook Islands,2004,0.0,0.0,0.0,3.41214163312794e-07,0.0,3.41214163312794e-07,3.41214163312794e-07
Cook Islands,2005,0.0,0.0,0.0,3.41214163312794e-07,0.0,3.41214163312794e-07,3.41214163312794e-07
Cook Islands,2006,0.0,0.0,0.0,3.41214163312794e-07,0.0,3.41214163312794e-07,3.41214163312794e-07
Cook Islands,2007,0.0,0.0,0.0,3.41214163312794e-07,0.0,3.41214163312794e-07,3.41214163312794e-07
Cook Islands,2008,0.0,0.0,0.0,3.41214163312794e-07,0.0,3.41214163312794e-07,3.41214163312794e-07
Cook Islands,2009,0.0,0.0,0.0,3.41214163312794e-07,0.0,3.41214163312794e-07,3.41214163312794e-07
Cook Islands,2010,0.0,0.0,0.0,3.41214163312794e-07,0.0,3.41214163312794e-07,3.41214163312794e-07
Cook Islands,2011,0.0,0.0,0.0,3.41214163312794e-07,0.0,3.41214163312794e-07,3.41214163312794e-07
Cook Islands,2012,0.0,0.0,0.0,3.41214163312794e-07,0.0,3.41214163312794e-07,3.41214163312794e-07
Cook Islands,2013,0.0,0.0,0.0,2.7297133065e-06,0.0,2.7297133065e-06,2.7297133065e-06
Cook Islands,2014,0.0,0.0,0.0,4.7769982863e-06,0.0,4.7769982863e-06,4.7769982863e-06
Cook Islands,2015,0.0,0.0,0.0,1.19424957159e-05,0.0,1.19424957159e-05,1.19424957159e-05
Cook Islands,2016,0.0,0.0,0.0,1.60370656757e-05,0.0,1.60370656757e-05,1.60370656757e-05
Cook Islands,2017,0.0,0.0,0.0,2.38849914318e-05,0.0,2.38849914318e-05,2.38849914318e-05
Cook Islands,2018,0.0,0.0,0.0,5.459426613e-05,0.0,5.459426613e-05,5.459426613e-05
Cook Islands,2019,0.0,0.0,0.0,5.11821244969e-05,0.0,5.11821244969e-05,5.11821244969e-05
Cook Islands,2020,0.0,0.0,0.0,4.43578412306e-05,0.0,4.43578412306e-05,4.43578412306e-05
Cook Islands,2021,0.0,0.0,0.0,5.42530519667e-05,0.0,5.42530519667e-05,5.42530519667e-05
Cook Islands,2022,0.0,0.0,0.0,5.42530519667e-05,0.0,5.42530519667e-05,5.42530519667e-05
Cook Islands,2023,0.0,0.0,0.0,5.42530519667e-05,0.0,5.42530519667e-05,5.42530519667e-05
Costa Rica,1980,0.0,0.0,0.0,0.0072284360749619,0.0,0.0072284360749619,0.0072284360749619
Costa Rica,1981,0.0,0.0,0.0,0.0077852651814432,0.0,0.0077852651814432,0.0077852651814432
Costa Rica,1982,0.0,0.0,0.0,0.0081299015069051,0.0,0.0081299015069051,0.0081299015069051
Costa Rica,1983,0.0,0.0,0.0,0.0096421404134832,0.0,0.0096421404134832,0.0096421404134832
Costa Rica,1984,0.0,0.0,0.0,0.0102350528424316,0.0,0.0102350528424316,0.0102350528424316
Costa Rica,1985,0.0,0.0,0.0,0.0094503302697179,0.0,0.0094503302697179,0.0094503302697179
Costa Rica,1986,0.0,0.0,0.0,0.0098495408403788,0.0,0.0098495408403788,0.0098495408403788
Costa Rica,1987,0.0,0.0,0.0,0.0102177821255488,0.0,0.0102177821255488,0.0102177821255488
Costa Rica,1988,0.0,0.0,0.0,0.0103737906012379,0.0,0.0103737906012379,0.0103737906012379
Costa Rica,1989,0.0,0.0,0.0,0.0112157095480915,0.0,0.0112157095480915,0.0112157095480915
Costa Rica,1990,0.0,0.0,0.0,0.0114238501877123,0.0,0.0114238501877123,0.0114238501877123
Costa Rica,1991,0.0,0.0,0.0,0.0124529049023044,0.0,0.0124529049023044,0.0124529049023044
Costa Rica,1992,0.0,0.0,0.0,0.0137445305158397,0.0,0.0137445305158397,0.0137445305158397
Costa Rica,1993,0.0,0.0,0.0,0.0149931693450549,0.0,0.0149931693450549,0.0149931693450549
Costa Rica,1994,0.0,0.0,0.0,0.0149488325046959,0.0,0.0149488325046959,0.0149488325046959
Costa Rica,1995,0.0,0.0,0.0,0.0137761078265687,0.0,0.0137761078265687,0.0137761078265687
Costa Rica,1996,0.0,0.0,0.0,0.0147859537438311,0.0,0.0147859537438311,0.0147859537438311
Costa Rica,1997,0.0,0.0,0.0,0.0184935316400965,0.0,0.0184935316400965,0.0184935316400965
Costa Rica,1998,0.0,0.0,0.0,0.0167568715538157,0.0,0.0167568715538157,0.0167568715538157
Costa Rica,1999,0.0,0.0,0.0,0.0204762219387403,0.0,0.0204762219387403,0.0204762219387403
Costa Rica,2000,0.0,0.0,0.0,0.0232940959046658,0.0,0.0232940959046658,0.0232940959046658
Costa Rica,2001,0.0,0.0,0.0,0.023258709435824,0.0,0.023258709435824,0.023258709435824
Costa Rica,2002,0.0,0.0,0.0,0.0263210263628751,0.0,0.0263210263628751,0.0263210263628751
Costa Rica,2003,0.0,0.0,0.0,0.0259785993528806,0.0,0.0259785993528806,0.0259785993528806
Costa Rica,2004,0.0,0.0,0.0,0.0288235654565912,0.0,0.0288235654565912,0.0288235654565912
Costa Rica,2005,0.0,0.0,0.0,0.0302399583559493,0.0,0.0302399583559493,0.0302399583559493
Costa Rica,2006,0.0,0.0,0.0,0.0308441004330244,0.0,0.0308441004330244,0.0308441004330244
Costa Rica,2007,0.0,0.0,0.0,0.0324670346133527,0.0,0.0324670346133527,0.0324670346133527
Costa Rica,2008,0.0,0.0,0.0,0.0334255287349726,0.0,0.0334255287349726,0.0334255287349726
Costa Rica,2009,0.0,0.0,0.0,0.030766737083333,0.0,0.030766737083333,0.030766737083333
Costa Rica,2010,0.0,0.0,0.0,0.0311856144703353,0.0,0.0311856144703353,0.0311856144703353
Costa Rica,2011,0.0,0.0,0.0,0.0312375286252178,0.0,0.0312375286252178,0.0312375286252178
Costa Rica,2012,0.0,0.0,0.0,0.0344108337054927,0.0,0.0344108337054927,0.0344108337054927
Costa Rica,2013,0.0,0.0,0.0,0.0334926844073211,0.0,0.0334926844073211,0.0334926844073211
Costa Rica,2014,0.0,0.0,0.0,0.0339676995050728,0.0,0.0339676995050728,0.0339676995050728
Costa Rica,2015,0.0,0.0,0.0,0.0393134299826848,0.0,0.0393134299826848,0.0393134299826848
Costa Rica,2016,0.0,0.0,0.0,0.0395565200957348,0.0,0.0395565200957348,0.0395565200957348
Costa Rica,2017,0.0,0.0,0.0,0.0394714314027672,0.0,0.0394714314027672,0.0394714314027672
Costa Rica,2018,0.0,0.0,0.0,0.0395861943664139,0.0,0.0395861943664139,0.0395861943664139
Costa Rica,2019,0.0,0.0,0.0,0.0396722951403342,0.0,0.0396722951403342,0.0396722951403342
Costa Rica,2020,0.0,0.0,0.0,0.0409748574078343,0.0,0.0409748574078343,0.0409748574078343
Costa Rica,2021,0.0,0.0,0.0,0.0444750823971766,0.0,0.0444750823971766,0.0444750823971766
Costa Rica,2022,0.0,0.0,0.0,0.0428031525701564,0.0,0.0428031525701564,0.0428031525701564
Costa Rica,2023,0.0,0.0,0.0,0.0402968768754303,0.0,0.0402968768754303,0.0402968768754303
Cote d'Ivoire,1980,0.0,0.0,0.0,0.004589330496557,0.0,0.004589330496557,0.004589330496557
Cote d'Ivoire,1981,0.0,0.0,0.0,0.0058893564587788,0.0,0.0058893564587788,0.0058893564587788
Cote d'Ivoire,1982,0.0,0.0,0.0,0.0059064171669444,0.0,0.0059064171669444,0.0059064171669444
Cote d'Ivoire,1983,0.0,0.0,0.0,0.0036407551225475,0.0,0.0036407551225475,0.0036407551225475
Cote d'Ivoire,1984,0.0,0.0,0.0,0.0012590802626242,0.0431851851851852,0.0012590802626242,0.0444442654478094
Cote d'Ivoire,1985,0.0,0.0,0.0,0.0045859183549239,0.0430714285714282,0.0045859183549239,0.0476573469263522
Cote d'Ivoire,1986,0.0,0.0,0.0,0.0040229149854578,0.0409165,0.0040229149854578,0.0449394149854578
Cote d'Ivoire,1987,0.0,0.0,0.0,0.0041491642258835,0.0344533333333331,0.0041491642258835,0.0386024975592167
Cote d'Ivoire,1988,0.0,0.0,0.0,0.0041866977838479,0.0215916666666665,0.0041866977838479,0.0257783644505145
Cote d'Ivoire,1989,0.0,0.0,0.0,0.0042651770414099,0.0043065346083788,0.0042651770414099,0.0085717116497887
Cote d'Ivoire,1990,0.0,0.0,0.0,0.0044664933977644,0.0043065346083788,0.0044664933977644,0.0087730280061433
Cote d'Ivoire,1991,0.0,0.0,0.0,0.0042378799083449,0.0021532673041894,0.0042378799083449,0.0063911472125343
Cote d'Ivoire,1992,0.0,0.0,0.0,0.0035418030151868,0.0129549999999999,0.0035418030151868,0.0164968030151867
Cote d'Ivoire,1993,0.0,0.0,0.0,0.00370899795521,0.0129196038251365,0.00370899795521,0.0166286017803466
Cote d'Ivoire,1994,0.0,0.0,0.0,0.0039649085776946,0.0150728711293259,0.0039649085776946,0.0190377797070206
Cote d'Ivoire,1995,0.0,0.00147627,0.0,0.0060258421241039,0.0150728711293259,0.0060258421241039,0.0225749832534299
Cote d'Ivoire,1996,0.0,0.0133109298,0.0,0.0060190178408376,0.0345466666666664,0.0060190178408376,0.0538766143075041
Cote d'Ivoire,1997,0.0,0.022184883,0.0,0.0063465834376179,0.0301457422586519,0.0063465834376179,0.0586772086962699
Cote d'Ivoire,1998,0.0,0.029579844,0.0,0.0046507490459533,0.0215326730418942,0.0046507490459533,0.0557632660878476
Cote d'Ivoire,1999,0.0,0.0495462387,0.0,0.0059234778751101,0.0215326730418942,0.0059234778751101,0.0770023896170043
Cote d'Ivoire,2000,0.0,0.04991598675,0.0,0.0059575992914413,0.0151141666666665,0.0059575992914413,0.0709877527081079
Cote d'Ivoire,2001,0.0,0.04991598675,0.0,0.0060804363902339,0.0129196038251365,0.0060804363902339,0.0689160269653705
Cote d'Ivoire,2002,0.0,0.0473694221,0.0,0.005841586475915,0.0341573087431692,0.005841586475915,0.0873683173190842
Cote d'Ivoire,2003,0.0,0.0473694221,0.0,0.006189624922494,0.0452186133879779,0.006189624922494,0.0987776604104719
Cote d'Ivoire,2004,0.0,0.0459554095,0.0,0.0069781736540261,0.0539791666666664,0.0069781736540261,0.1069127498206925
Cote d'Ivoire,2005,0.0,0.0459554095,0.0,0.0059557544148631,0.0861306921675769,0.0059557544148631,0.1380418560824401
Cote d'Ivoire,2006,0.0,0.0459554095,0.0,0.0061036947556555,0.1335025728597443,0.0061036947556555,0.1855616771153998
Cote d'Ivoire,2007,0.0,0.0530254725,0.0,0.0072075895767536,0.1033568306010923,0.0072075895767536,0.163589892677846
Cote d'Ivoire,2008,0.0,0.056560504,0.0,0.0075749168239832,0.1277471548269574,0.0075749168239832,0.1918825756509407
Cote d'Ivoire,2009,0.0,0.056560504,0.0,0.0079040740868313,0.1244960161657553,0.0079040740868313,0.1889605942525866
Cote d'Ivoire,2010,0.0,0.058504771325,0.0,0.0061462671227737,0.0943839002732235,0.0061462671227737,0.1590349387209972
Cote d'Ivoire,2011,0.0,0.05762101345,0.0,0.0066203948031368,0.0852457877959922,0.0066203948031368,0.1494871960491291
Cote d'Ivoire,2012,0.0,0.0629235607,0.0,0.0066778091863259,0.0818654530965387,0.0066778091863259,0.1514668229828646
Cote d'Ivoire,2013,0.0,0.07225604386,0.0,0.0060809444113212,0.0796708902550087,0.0060809444113212,0.1580078785263299
Cote d'Ivoire,2014,0.0,0.072856999215,0.0,0.0071385603114473,0.0775176229508192,0.0071385603114473,0.1575131824772666
Cote d'Ivoire,2015,0.0,0.072927699845,0.0,0.0055576296892742,0.0637072153916208,0.0055576296892742,0.142192544925895
Cote d'Ivoire,2016,0.0,0.0816591534759,0.0,0.0067792217958185,0.0874993442622946,0.0067792217958185,0.1759377195340132
Cote d'Ivoire,2017,0.0,0.0816591534759,0.0,0.0079244219314412,0.0818749229891617,0.0079244219314412,0.1714584983965029
Cote d'Ivoire,2018,0.0,0.07551138992397,0.0,0.0105850161689097,0.0796156804813292,0.0105850161689097,0.165712086574209
Cote d'Ivoire,2019,0.0,0.0806018947734,0.0,0.0124080035385129,0.0846541730911539,0.0124080035385129,0.1776640714030669
Cote d'Ivoire,2020,0.0,0.08268914600947,0.0,0.0121374238071345,0.0793796840113918,0.0121374238071345,0.1742062538279964
Cote d'Ivoire,2021,0.0,0.08821330600082,0.0,0.0096392451113033,0.0710183578380288,0.0096392451113033,0.1688709089501522
Cote d'Ivoire,2022,0.0,0.09448061849226,0.0,0.0122339308130026,0.0652401946710364,0.0122339308130026,0.171954743976299
Cote d'Ivoire,2023,0.0,0.08743929876682,0.0,0.0122743104058348,0.063313138137697,0.0122743104058348,0.1630267473103518
Croatia,1992,0.0030368024419604,0.067293831,0.0,0.0147274393149807,0.0726242249508193,0.0147274393149807,0.1576822977077605
Croatia,1993,0.0029355756938951,0.07646389674,0.0,0.0148646030084498,0.0812362299180324,0.0148646030084498,0.1755003053603773
Croatia,1994,0.0026065887626827,0.06655779,0.0,0.0167165618806187,0.0786071309081963,0.0167165618806187,0.1644880715514978
Croatia,1995,0.0020751483353396,0.07283979,0.0,0.0178356443321336,0.0769983835245898,0.0178356443321336,0.1697489661920631
Croatia,1996,0.0016702413430782,0.06655779,0.0,0.024520689818828,0.0732551105704914,0.024520689818828,0.1660038317323978
Croatia,1997,0.0012400276638005,0.059159688,0.0,0.0178795761556809,0.0752432063967209,0.0178795761556809,0.1535224982162024
Croatia,1998,0.0012906410378331,0.05805044385,0.0,0.0184867883601926,0.0685848639147537,0.0184867883601926,0.1464127371627796
Croatia,1999,0.000379600305245,0.05731094775,0.0,0.0222812648634952,0.0642693760721308,0.0222812648634952,0.1442411889908711
Croatia,2000,0.0,0.0613781763,0.0,0.0197801500457898,0.0570534428459013,0.0197801500457898,0.1382117691916912
Croatia,2001,0.0,0.0650756568,0.0,0.0221175020659353,0.0548223080065571,0.0221175020659353,0.1420154668724924
Croatia,2002,0.0,0.055833015,0.0,0.0181218842135424,0.0508171173672128,0.0181218842135424,0.1247720165807553
Croatia,2003,0.0,0.066639405,0.0,0.0164704076631085,0.046928385744262,0.0164704076631085,0.1300381984073706
Croatia,2004,0.0,0.0588432656,0.0,0.0235497215153199,0.0448635585836063,0.0235497215153199,0.1272565456989263
Croatia,2005,0.0,0.0552008765,0.0,0.0214582477012277,0.0407049498360653,0.0214582477012277,0.1173640740372931
Croatia,2006,0.0,0.0565788678,0.0,0.0203825490505124,0.039645172786885,0.0203825490505124,0.1166065896373975
Croatia,2007,0.0,0.07294376817,0.0,0.0146160829973613,0.0398315072131145,0.0146160829973613,0.1273913583804759
Croatia,2008,0.0,0.073087747425,0.0,0.0179137914568827,0.0370850699999998,0.0179137914568827,0.1280866088818825
Croatia,2009,0.0,0.0711124029,0.0,0.0231832883918468,0.0410520463114752,0.0231832883918468,0.135347737603322
Croatia,2010,0.0,0.0682243422,0.0,0.031879733149424,0.0389324922131145,0.031879733149424,0.1390365675625386
Croatia,2011,0.0,0.0650184465,0.0,0.0181860236433868,0.0352783408360654,0.0181860236433868,0.1184828109794522
Croatia,2012,0.0,0.0610921248,0.0,0.0192012717770579,0.0315861359999998,0.0192012717770579,0.1118795325770578
Croatia,2013,0.0,0.053311524,0.0,0.0325588087730586,0.0318482416393441,0.0325588087730586,0.1177185744124027
Croatia,2014,0.0,0.0503217561,0.0,0.0347483850300901,0.0307884645901638,0.0347483850300901,0.1158586057202539
Croatia,2015,0.0,0.0485927337,0.0,0.0265934014060514,0.0295702060655736,0.0265934014060514,0.104756341171625
Croatia,2016,0.0,0.043621836528,0.0,0.0292745775005191,0.03053762252459,0.0292745775005191,0.1034340365531091
Croatia,2017,0.0,0.037750414506,0.0,0.0249146091198673,0.0310896098918031,0.0249146091198673,0.0937546335176704
Croatia,2018,0.0,0.044099011194,0.0,0.0339267364476908,0.0310463453672129,0.0339267364476908,0.1090720930089038
Croatia,2019,0.0,0.036886003266,0.0,0.0297547358934842,0.0301820156622949,0.0297547358934842,0.0968227548217792
Croatia,2020,0.0,0.030653855949,0.0,0.0309508481785457,0.0268388919428523,0.0309508481785457,0.088443596070398
Croatia,2021,0.0,0.026740470246,0.0,0.0380945214830252,0.0255221942432621,0.0380945214830252,0.0903571859722874
Croatia,2022,0.0,0.0267079543494,0.0,0.0330308204814977,0.0247782878722621,0.0330308204814977,0.0845170627031598
Croatia,2023,0.0,0.0260154410574,0.0,0.0436259434028834,0.0233288700634261,0.0436259434028834,0.0929702545237095
Cuba,1980,0.0,0.0006282,0.0,0.009677156645957,0.0,0.009677156645957,0.010305356645957
Cuba,1981,0.0,0.0003141,0.0,0.0096094092308585,0.0,0.0096094092308585,0.0099235092308585
Cuba,1982,0.0,0.0003141,0.0,0.0106011606690449,0.0,0.0106011606690449,0.0109152606690449
Cuba,1983,0.0,0.0003141,0.0,0.0107320076703171,0.0,0.0107320076703171,0.0110461076703171
Cuba,1984,0.0,0.0001047,0.0,0.0106758711401699,0.0327599999999999,0.0106758711401699,0.0435405711401698
Cuba,1985,0.0,0.0002094,0.0,0.0106282771646119,0.0350029411764706,0.0106282771646119,0.0458406183410826
Cuba,1986,0.0,0.0002094,0.0,0.0116889811929218,0.0396761111111113,0.0116889811929218,0.0515744923040332
Cuba,1987,0.0,0.0008376,0.0,0.0116115099772022,0.0373422222222224,0.0116115099772022,0.0497913321994247
Cuba,1988,0.0,0.0007329,0.0,0.0126349884603329,0.0304199999999999,0.0126349884603329,0.0437878884603329
Cuba,1989,0.0,0.0011517,0.0,0.0127953031147654,0.0303368852459015,0.0127953031147654,0.0442838883606669
Cuba,1990,0.0,0.00119358,0.0,0.0177654652520567,0.0280032786885245,0.0177654652520567,0.0469623239405812
Cuba,1991,0.0,0.00123546,0.0,0.0157573557964691,0.0210024590163933,0.0157573557964691,0.0379952748128625
Cuba,1992,0.0,0.00127734,0.0,0.0161872921040484,0.0374399999999998,0.0161872921040484,0.0549046321040483
Cuba,1993,0.0,0.00130875,0.0,0.0109814400458699,0.0466721311475408,0.0109814400458699,0.0589623211934107
Cuba,1994,0.0,0.00127734,0.0,0.0109816250535493,0.0536729508196719,0.0109816250535493,0.0659319158732213
Cuba,1995,0.0,0.00151648,0.0,0.008795206196593,0.060673770491803,0.008795206196593,0.0709854566883961
Cuba,1996,0.0,0.001589916615,0.0,0.0112890808510851,0.0608399999999998,0.0112890808510851,0.0737189974660849
Cuba,1997,0.0,0.02773110375,0.0,0.0107563896025164,0.060673770491803,0.0107563896025164,0.0991612638443195
Cuba,1998,0.0,0.014789922,0.0,0.0094418038322759,0.0700081967213112,0.0094418038322759,0.0942399225535872
Cuba,1999,0.0,0.0184874025,0.0,0.0105283051313938,0.0886770491803276,0.0105283051313938,0.1176927568117214
Cuba,2000,0.0,0.022184883,0.0,0.0113686293530298,0.1196465399999996,0.0113686293530298,0.1532000523530295
Cuba,2001,0.0,0.0110924415,0.0,0.0111668357377186,0.1278723049180324,0.0111668357377186,0.150131582155751
Cuba,2002,0.0,0.01294118175,0.0,0.0112153667521717,0.1541113770491798,0.0112153667521717,0.1782679255513516
Cuba,2003,0.0,0.01368067785,0.0,0.0090278929532572,0.1516844262295077,0.0090278929532572,0.1743929970327649
Cuba,2004,0.0,0.01368067785,0.0,0.0095065960756453,0.1333799999999995,0.0095065960756453,0.1565672739256449
Cuba,2005,0.0,0.014789922,0.0,0.0054759293126555,0.1190139344262291,0.0054759293126555,0.1392797857388847
Cuba,2006,0.0,0.014789922,0.0,0.0050003172651856,0.1190139344262291,0.0050003172651856,0.1388041736914148
Cuba,2007,0.0,0.021019488,0.0,0.0050197643705763,0.1190139344262291,0.0050197643705763,0.1450531867968055
Cuba,2008,0.0,0.0406376768,0.0,0.0063453205463213,0.1222556399999996,0.0063453205463213,0.169238637346321
Cuba,2009,0.0,0.0406376768,0.0,0.0125218485759672,0.1125615122950816,0.0125218485759672,0.1657210376710488
Cuba,2010,0.0,0.0374847536,0.0,0.0116383374766869,0.1236811475409832,0.0116383374766869,0.1728042386176701
Cuba,2011,0.0,0.0360834544,0.0,0.0115027596164788,0.1236811475409832,0.0115027596164788,0.171267361557462
Cuba,2012,0.0,0.03622358432,0.0,0.0126503559581127,0.1216799999999996,0.0126503559581127,0.1705539402781123
Cuba,2013,0.0,0.03734462368,0.0,0.0138620599469349,0.1190139344262291,0.0138620599469349,0.170220618053164
Cuba,2014,0.0,0.042038976,0.0,0.0132141503939088,0.1190139344262291,0.0132141503939088,0.174267060820138
Cuba,2015,0.0,0.0437906,0.0,0.0101259433364733,0.114346721311475,0.0101259433364733,0.1682632646479483
Cuba,2016,0.0,0.041688669056,0.0,0.0094640231440464,0.1076399999999996,0.0094640231440464,0.1587926922000461
Cuba,2017,0.0,0.0370096754752,0.0,0.0063467520446166,0.1026786885245898,0.0063467520446166,0.1460351160444064
Cuba,2018,0.0,0.0341960034784,0.0,0.0050250405822607,0.1003450819672128,0.0050250405822607,0.1395661260278735
Cuba,2019,0.0,0.0335324022512,0.0,0.005857082119117,0.0886770491803276,0.005857082119117,0.1280665335506446
Cuba,2020,0.0,0.03157147858176,0.0,0.0059852369386406,0.0852118032786882,0.0059852369386406,0.1227685187990889
Cuba,2021,0.0,0.03047930664,0.0,0.0052994535875676,0.079138032786885,0.0052994535875676,0.1149167930144526
Cuba,2022,0.0,0.02978199016,0.0,0.0040585110905934,0.0748608196721309,0.0040585110905934,0.1087013209227243
Cuba,2023,0.0,0.02978199016,0.0,0.004523445951346,0.0710106866065571,0.004523445951346,0.1053161227179031
Cyprus,1980,0.0,0.0,0.0,0.0,0.0,0.0,0.0
Cyprus,1981,0.0,0.0,0.0,0.0,0.0,0.0,0.0
Cyprus,1982,0.0,0.0,0.0,0.0,0.0,0.0,0.0
Cyprus,1983,0.0,0.0,0.0,0.0,0.0,0.0,0.0
Cyprus,1984,0.0,0.0,0.0,0.0,0.0,0.0,0.0
Cyprus,1985,0.0,0.0,0.0,0.0,0.0,0.0,0.0
Cyprus,1986,0.0,0.0,0.0,0.0,0.0,0.0,0.0
Cyprus,1987,0.0,0.0,0.0,0.0,0.0,0.0,0.0
Cyprus,1988,0.0,0.0,0.0,0.0,0.0,0.0,0.0
Cyprus,1989,0.0,0.0,0.0,0.0,0.0,0.0,0.0
Cyprus,1990,0.0,0.0,0.0,0.0,0.0,0.0,0.0
Cyprus,1991,0.0,0.0,0.0,0.0,0.0,0.0,0.0
Cyprus,1992,0.0,0.0,0.0,0.0,0.0,0.0,0.0
Cyprus,1993,0.0,0.0,0.0,0.0,0.0,0.0,0.0
Cyprus,1994,0.0,0.0,0.0,0.0,0.0,0.0,0.0
Cyprus,1995,0.0,0.0,0.0,0.0,0.0,0.0,0.0
Cyprus,1996,0.0,0.0,0.0,0.0,0.0,0.0,0.0
Cyprus,1997,0.0,0.0,0.0,0.0,0.0,0.0,0.0
Cyprus,1998,0.0,0.0,0.0,0.0,0.0,0.0,0.0
Cyprus,1999,0.0,0.0,0.0,0.0,0.0,0.0,0.0
Cyprus,2000,0.0,0.0,0.0,0.0,0.0,0.0,0.0
Cyprus,2001,0.0,0.0,0.0,0.0,0.0,0.0,0.0
Cyprus,2002,0.0,0.0,0.0,0.0,0.0,0.0,0.0
Cyprus,2003,0.0,0.0,0.0,0.0,0.0,0.0,0.0
Cyprus,2004,0.0,0.0,0.0,0.0,0.0,0.0,0.0
Cyprus,2005,0.0,0.0,0.0,3.4121416331e-06,0.0,3.4121416331e-06,3.4121416331e-06
Cyprus,2006,0.0,0.0,0.0,3.4121416331e-06,0.0,3.4121416331e-06,3.4121416331e-06
Cyprus,2007,0.0,0.0,0.0,1.6708693554e-05,0.0,1.6708693554e-05,1.6708693554e-05
Cyprus,2008,0.0,0.0,0.0,0.0003834705534087,0.0,0.0003834705534087,0.0003834705534087
Cyprus,2009,0.0,0.0,0.0,0.0005509402958205,0.0,0.0005509402958205,0.0005509402958205
Cyprus,2010,0.0,0.0,0.0,0.0007091995245024,0.0,0.0007091995245024,0.0007091995245024
Cyprus,2011,0.0,0.0,0.0,0.0011732467864418,0.0,0.0011732467864418,0.0011732467864418
Cyprus,2012,0.0,0.0,0.0,0.001319387497988,0.0,0.001319387497988,0.001319387497988
Cyprus,2013,0.0,0.0,0.0,0.0014913902053456,0.0,0.0014913902053456,0.0014913902053456
Cyprus,2014,0.0,0.0,0.0,0.001382423382421,0.0,0.001382423382421,0.001382423382421
Cyprus,2015,0.0,0.0,0.0,0.0016909913018649,0.0,0.0016909913018649,0.0016909913018649
Cyprus,2016,0.0,0.0,0.0,0.0017684579001019,0.0,0.0017684579001019,0.0017684579001019
Cyprus,2017,0.0,0.0,0.0,0.0018364983122406,0.0,0.0018364983122406,0.0018364983122406
Cyprus,2018,0.0,0.0,0.0,0.0019528446597939,0.0,0.0019528446597939,0.0019528446597939
Cyprus,2019,0.0,0.0,0.0,0.0020746284148637,0.0,0.0020746284148637,0.0020746284148637
Cyprus,2020,0.0,0.0,0.0,0.0023605737840477,0.0,0.0023605737840477,0.0023605737840477
Cyprus,2021,0.0,0.0,0.0,0.0029355712513717,0.0,0.0029355712513717,0.0029355712513717
Cyprus,2022,0.0,0.0,0.0,0.0033336405894616,0.0,0.0033336405894616,0.0033336405894616
Cyprus,2023,0.0,0.0,0.0,0.0039866267815863,0.0,0.0039866267815863,0.0039866267815863
Czechia,1993,1.39680531643822,0.008295735,0.1451758775434204,0.1527369315919796,0.0,0.0075610540485592,1.5578379830301998
Czechia,1994,1.260875752507918,0.00980712,0.1491626635292151,0.158415199788786,0.0058324230054644,0.009252536259571,1.4349304953021684
Czechia,1995,1.2273972595471454,0.00872781,0.1321522415778843,0.1432663631092023,0.0066963145173042,0.0111141215313179,1.386087747173652
Czechia,1996,1.2641695249431186,0.00802596942,0.1388514127879173,0.1495137633668681,0.0069259708743169,0.0106623505789507,1.4286352286043038
Czechia,1997,1.2128948286757388,0.00720086976,0.1420588258290537,0.1531907700201649,0.0074292284881603,0.0111319441911111,1.380715696944064
Czechia,1998,1.1065928297347056,0.00746403714,0.1423886661772557,0.1532023050359669,0.0081557324043716,0.0108136388587112,1.275414904315044
Czechia,1999,0.9690081861230336,0.00772444995,0.1443222130460258,0.1585084018944724,0.00832948712204,0.0141861888484465,1.1435705250895465
Czechia,2000,1.06780497225152,0.007463295525,0.1463657395168922,0.1603332528269252,0.0079748719672131,0.0139675133100329,1.2435763925706582
Czechia,2001,1.083274231847687,0.0053735304,0.1588472420502435,0.1739981858132586,0.0083355058652094,0.015150943763015,1.270981453926155
Czechia,2002,1.0382101811173274,0.00505739052,0.2013554689780576,0.2190276579074947,0.0120685428051002,0.017672188929437,1.2743637723499224
Czechia,2003,1.0472229912633992,0.00577866408,0.2780019864655762,0.292114246774781,0.0144351697632058,0.0141122603092048,1.359551071881386
Czechia,2004,1.0500087689449125,0.007159939675,0.2828885412994912,0.3002404786970037,0.0139439993260473,0.0173519373975124,1.3713531866429636
Czechia,2005,1.0164155674913715,0.006793087455,0.2630482237562345,0.2834741104835251,0.0142610920582878,0.0204258867272906,1.3209438574881849
Czechia,2006,1.030786902942472,0.00649485228,0.277119691842786,0.2997555560316453,0.0120747044080145,0.0226358641888593,1.349112015662132
Czechia,2007,1.0262477240143593,0.00722608467,0.2786580516979074,0.3019877218587983,0.0111992350455373,0.0233296701608909,1.346660765588695
Czechia,2008,0.9864930378064132,0.00706985111,0.2829903445251978,0.3097530264413116,0.011174116575592,0.0267626819161138,1.3144900319333168
Czechia,2009,0.9245012909289768,0.008009442,0.2903088653065473,0.326499114254672,0.009639927140255,0.0361902489481247,1.268649774323904
Czechia,2010,0.9047058824626956,0.008934432755189,0.2980119760516772,0.342438459688913,0.0081430054644808,0.0444264836372357,1.2642217803712783
Czechia,2011,0.951457786729501,0.0083509525163491,0.3009077122495527,0.352936779415763,0.0069939162112932,0.0520290671662102,1.3197394348729066
Czechia,2012,0.9152426768698304,0.0094304606198464,0.3235419627649785,0.380775342478523,0.00682,0.0572333797135445,1.3122684799681998
Czechia,2013,0.8026153238990085,0.0090787830537389,0.3280439276351131,0.3941706799827097,0.0068013661202185,0.0661267523475966,1.212666153055676
Czechia,2014,0.7109450231699093,0.0093442270874798,0.323881306850667,0.3945332936684335,0.0068013661202185,0.0706519868177664,1.1216239100460412
Czechia,2015,0.7105880862270865,0.0090313837550942,0.2865760803639733,0.3561498870035662,0.0064286885245901,0.0695738066395929,1.0821980455103373
Czechia,2016,0.6703307850648415,0.0079710278685435,0.2570757678481161,0.3255334100069482,0.0053044444444444,0.068457642158832,1.0091396673847777
Czechia,2017,0.643560943116531,0.008373231825511,0.3029844980539666,0.3734589831673781,0.0049193132058287,0.0704744851134114,1.030312471315249
Czechia,2018,0.6085921210521145,0.0079634399419429,0.319577292697184,0.3885624031945016,0.0050000227504553,0.0689851104973175,1.0101179869390144
Czechia,2019,0.5618048530982979,0.0076450606515303,0.3232750120842368,0.396974363491977,0.0036849056284153,0.0736993514077402,0.9701091828702206
Czechia,2020,0.4256639836679485,0.0069172533811848,0.3199069300679393,0.3950975941198649,0.004189007978142,0.0751906640519255,0.8318678391471404
Czechia,2021,0.4256044600829247,0.007455867151604,0.3275218554945346,0.4044444645404861,0.0038243740072859,0.0769226090459514,0.8413291657823009
Czechia,2022,0.4535595071474249,0.0082168260431137,0.3498039414458929,0.4269180197729429,0.0034602804189435,0.0771140783270501,0.8921546333824252
Czechia,2023,0.3868650786960358,0.0059720864695506,0.3429253622807468,0.4219646850888565,0.0031417280327868,0.0790393228081096,0.81794357828723
Denmark,1980,0.0,0.0,0.0,0.0001398978069582,0.0,0.0001398978069582,0.0001398978069582
Denmark,1981,0.0,0.0,0.0,0.0001433099485913,0.0,0.0001433099485913,0.0001433099485913
Denmark,1982,0.0,0.0,0.0,0.000160370656757,0.0,0.000160370656757,0.000160370656757
Denmark,1983,0.0,0.001653,0.0,0.000214964922887,0.0,0.000214964922887,0.001867964922887
Denmark,1984,0.0,0.012122,0.0,0.0002081406396208,0.0955800000000006,0.0002081406396208,0.1079101406396214
Denmark,1985,0.0,0.047386,0.0,0.0002661470473839,0.122439406707605,0.0002661470473839,0.170091553754989
Denmark,1986,0.0,0.079344,0.0,0.0005288819531348,0.153988644556596,0.0005288819531348,0.2338615265097308
Denmark,1987,0.0,0.101384,0.0,0.0006926647515249,0.1918048052534937,0.0006926647515249,0.2938814700050187
Denmark,1988,0.0,0.102486,0.0,0.0011055338891334,0.1996346354166654,0.0011055338891334,0.3032261693057989
Denmark,1989,0.0,0.120118,0.0,0.0016037065675701,0.229484739583332,0.0016037065675701,0.3512064461509021
Denmark,1990,0.0,0.122322,0.0,0.0044262877288845,0.2521022395833318,0.0044262877288845,0.3788505273122164
Denmark,1991,0.0,0.153178,0.0,0.0063290707106896,0.2950607291666649,0.0063290707106896,0.4545677998773546
Denmark,1992,0.0,0.15983408,0.0,0.0086267400836651,0.3258078124999981,0.0086267400836651,0.4942686325836632
Denmark,1993,0.0,0.177184502,0.0,0.0111461646613825,0.3471593229166646,0.0111461646613825,0.5354899895780472
Denmark,1994,0.0,0.19146974,0.0,0.0122866139998064,0.3832393447916644,0.0122866139998064,0.5869956987914708
Denmark,1995,0.0,0.20751258,0.0,0.0135337017646392,0.3854235742187477,0.0135337017646392,0.606469855983387
Denmark,1996,0.0,0.2518884753,0.0,0.0164015328042115,0.4318036248958308,0.0164015328042115,0.7000936330000423
Denmark,1997,0.0,0.30547015905,0.0,0.0205541691742188,0.4772732530729138,0.0205541691742188,0.8032975812971327
Denmark,1998,0.0,0.3019517256,0.0,0.0247036581735832,0.4928767563541638,0.0247036581735832,0.819532140127747
Denmark,1999,0.0,0.3100692315,0.0,0.0288623560351944,0.6213977139583297,0.0288623560351944,0.960329301493524
Denmark,2000,0.0,0.32827587975,0.0,0.0335105109734701,0.7543142384895789,0.0335105109734701,1.116100629213049
Denmark,2001,0.0,0.334411861,0.0,0.0374905190818145,0.7210960683854124,0.0374905190818145,1.092998448467227
Denmark,2002,0.0,0.33508369356,0.0,0.0437723459738146,0.7683076982291621,0.0437723459738146,1.1471637377629769
Denmark,2003,0.0,0.317569607775,0.0,0.0528405347621632,0.7756344170833288,0.0528405347621632,1.146044559620492
Denmark,2004,0.0,0.3743149858,0.0,0.0607192507303493,0.8615555461979116,0.0607192507303493,1.296589782728261
Denmark,2005,0.0,0.413577037405,0.0,0.0652988843324357,0.804255574635412,0.0652988843324357,1.2831314963728475
Denmark,2006,0.0,0.41116731838,0.0,0.0622910244804673,0.7224385226041624,0.0622910244804673,1.1958968654646298
Denmark,2007,0.0,0.364469764155,0.0,0.0658681569621299,0.6573740609374962,0.0658681569621299,1.087711982054626
Denmark,2008,0.0,0.3974653809,0.0,0.0669803391772202,0.5953200600520798,0.0669803391772202,1.0597657801293
Denmark,2009,0.0,0.331508438275,0.0,0.0665250731135717,0.5387151848958301,0.0665250731135717,0.936748696284402
Denmark,2010,0.0,0.3237667491233063,0.0,0.0819369850704209,0.508417964999997,0.0819369850704209,0.9141216991937244
Denmark,2011,0.0,0.2600789593403476,0.0,0.0867699760715869,0.458245174166664,0.0867699760715869,0.8050941095785985
Denmark,2012,0.0,0.2274818595393807,0.0,0.0855930830776316,0.4202296472395808,0.0855930830776316,0.7333045898565932
Denmark,2013,0.0,0.1888078532840492,0.0,0.0877375318596914,0.3634549705208312,0.0877375318596914,0.6400003556645718
Denmark,2014,0.0,0.1824794919912802,0.0,0.0944431842017469,0.3424197815104146,0.0944431842017469,0.6193424577034419
Denmark,2015,0.0,0.1827197858022942,0.0,0.0963293692945974,0.3239091119791648,0.0963293692945974,0.6029582670760565
Denmark,2016,0.0,0.17876313284425,0.0,0.0974472704970804,0.2922165104166649,0.0974472704970804,0.5684269137579954
Denmark,2017,0.0,0.19134528925083,0.0,0.1172878507512418,0.2840772391919471,0.1172878507512418,0.5927103791940189
Denmark,2018,0.0,0.1704085744184697,0.0,0.1107715623694139,0.2388358383593403,0.1107715623694139,0.5200159751472241
Denmark,2019,0.0,0.1341495144886666,0.0,0.1184520364749292,0.2114967062183923,0.1184520364749292,0.4640982571819882
Denmark,2020,0.0,0.0717035280852354,0.0,0.1185581692803504,0.14838139420139,0.1185581692803504,0.3386430915669759
Denmark,2021,0.0,0.0743647205399751,0.0,0.1427630112887868,0.1328741857840508,0.1427630112887868,0.3500019176128129
Denmark,2022,0.0,0.0771688121670119,0.0,0.1433053295292428,0.1342547307474016,0.1433053295292428,0.3547288724436565
Denmark,2023,0.0,0.079957129392777,0.0,0.1413222600584601,0.1231747087187939,0.1413222600584601,0.3444540981700311
Djibouti,1980,0.0,0.0,0.0,0.0,0.0,0.0,0.0
Djibouti,1981,0.0,0.0,0.0,0.0,0.0,0.0,0.0
Djibouti,1982,0.0,0.0,0.0,0.0,0.0,0.0,0.0
Djibouti,1983,0.0,0.0,0.0,0.0,0.0,0.0,0.0
Djibouti,1984,0.0,0.0,0.0,0.0,0.0,0.0,0.0
Djibouti,1985,0.0,0.0,0.0,0.0,0.0,0.0,0.0
Djibouti,1986,0.0,0.0,0.0,0.0,0.0,0.0,0.0
Djibouti,1987,0.0,0.0,0.0,0.0,0.0,0.0,0.0
Djibouti,1988,0.0,0.0,0.0,0.0,0.0,0.0,0.0
Djibouti,1989,0.0,0.0,0.0,0.0,0.0,0.0,0.0
Djibouti,1990,0.0,0.0,0.0,0.0,0.0,0.0,0.0
Djibouti,1991,0.0,0.0,0.0,0.0,0.0,0.0,0.0
Djibouti,1992,0.0,0.0,0.0,0.0,0.0,0.0,0.0
Djibouti,1993,0.0,0.0,0.0,0.0,0.0,0.0,0.0
Djibouti,1994,0.0,0.0,0.0,0.0,0.0,0.0,0.0
Djibouti,1995,0.0,0.0,0.0,0.0,0.0,0.0,0.0
Djibouti,1996,0.0,0.0,0.0,0.0,0.0,0.0,0.0
Djibouti,1997,0.0,0.0,0.0,0.0,0.0,0.0,0.0
Djibouti,1998,0.0,0.0,0.0,0.0,0.0,0.0,0.0
Djibouti,1999,0.0,0.0,0.0,0.0,0.0,0.0,0.0
Djibouti,2000,0.0,0.0,0.0,0.0,0.0,0.0,0.0
Djibouti,2001,0.0,0.0,0.0,0.0,0.0,0.0,0.0
Djibouti,2002,0.0,0.0,0.0,0.0,0.0,0.0,0.0
Djibouti,2003,0.0,0.0,0.0,0.0,0.0,0.0,0.0
Djibouti,2004,0.0,0.0,0.0,0.0,0.0,0.0,0.0
Djibouti,2005,0.0,0.0,0.0,0.0,0.0,0.0,0.0
Djibouti,2006,0.0,0.0,0.0,0.0,0.0,0.0,0.0
Djibouti,2007,0.0,0.0,0.0,0.0,0.0,0.0,0.0
Djibouti,2008,0.0,0.0,0.0,0.0,0.0,0.0,0.0
Djibouti,2009,0.0,0.0,0.0,0.0,0.0,0.0,0.0
Djibouti,2010,0.0,0.0,0.0,0.0,0.0,0.0,0.0
Djibouti,2011,0.0,0.0,0.0,0.0,0.0,0.0,0.0
Djibouti,2012,0.0,0.0,0.0,1.7060708165e-06,0.0,1.7060708165e-06,1.7060708165e-06
Djibouti,2013,0.0,0.0,0.0,1.7060708165e-06,0.0,1.7060708165e-06,1.7060708165e-06
Djibouti,2014,0.0,0.0,0.0,1.7060708165e-06,0.0,1.7060708165e-06,1.7060708165e-06
Djibouti,2015,0.0,0.0,0.0,1.7060708165e-06,0.0,1.7060708165e-06,1.7060708165e-06
Djibouti,2016,0.0,0.0,0.0,1.7060708165e-06,0.0,1.7060708165e-06,1.7060708165e-06
Djibouti,2017,0.0,0.0,0.0,1.7060708165e-06,0.0,1.7060708165e-06,1.7060708165e-06
Djibouti,2018,0.0,0.0,0.0,3.4121416331e-06,0.0,3.4121416331e-06,3.4121416331e-06
Djibouti,2019,0.0,0.0,0.0,3.4121416331e-06,0.0,3.4121416331e-06,3.4121416331e-06
Djibouti,2020,0.0,0.0,0.0,3.4121416331e-06,0.0,3.4121416331e-06,3.4121416331e-06
Djibouti,2021,0.0,0.0,0.0,0.0002395323426455,0.0,0.0002395323426455,0.0002395323426455
Djibouti,2022,0.0,0.0,0.0,0.0002396551797443,0.0,0.0002396551797443,0.0002396551797443
Djibouti,2023,0.0,0.0,0.0,0.0002388499143189,0.0,0.0002388499143189,0.0002388499143189
Dominica,1980,0.0,0.0,0.0,3.07092746981e-05,0.0,3.07092746981e-05,3.07092746981e-05
Dominica,1981,0.0,0.0,0.0,3.41214163312e-05,0.0,3.41214163312e-05,3.41214163312e-05
Dominica,1982,0.0,0.0,0.0,3.07092746981e-05,0.0,3.07092746981e-05,3.07092746981e-05
Dominica,1983,0.0,0.0,0.0,5.11821244969e-05,0.0,5.11821244969e-05,5.11821244969e-05
Dominica,1984,0.0,0.0,0.0,5.459426613e-05,0.0,5.459426613e-05,5.459426613e-05
Dominica,1985,0.0,0.0,0.0,4.77699828637e-05,0.0,4.77699828637e-05,4.77699828637e-05
Dominica,1986,0.0,0.0,0.0,4.43578412306e-05,0.0,4.43578412306e-05,4.43578412306e-05
Dominica,1987,0.0,0.0,0.0,4.77699828637e-05,0.0,4.77699828637e-05,4.77699828637e-05
Dominica,1988,0.0,0.0,0.0,5.459426613e-05,0.0,5.459426613e-05,5.459426613e-05
Dominica,1989,0.0,0.0,0.0,5.459426613e-05,0.0,5.459426613e-05,5.459426613e-05
Dominica,1990,0.0,0.0,0.0,5.459426613e-05,0.0,5.459426613e-05,5.459426613e-05
Dominica,1991,0.0,0.0,0.0,5.459426613e-05,0.0,5.459426613e-05,5.459426613e-05
Dominica,1992,0.0,0.0,0.0,5.459426613e-05,0.0,5.459426613e-05,5.459426613e-05
Dominica,1993,0.0,0.0,0.0,5.459426613e-05,0.0,5.459426613e-05,5.459426613e-05
Dominica,1994,0.0,0.0,0.0,5.80064077631e-05,0.0,5.80064077631e-05,5.80064077631e-05
Dominica,1995,0.0,0.0,0.0,6.48306910294e-05,0.0,6.48306910294e-05,6.48306910294e-05
Dominica,1996,0.0,0.0,0.0,6.48306910294e-05,0.0,6.48306910294e-05,6.48306910294e-05
Dominica,1997,0.0,0.0,0.0,6.82428326625e-05,0.0,6.82428326625e-05,6.82428326625e-05
Dominica,1998,0.0,0.0,0.0,9.21278240944e-05,0.0,9.21278240944e-05,9.21278240944e-05
Dominica,1999,0.0,0.0,0.0,0.00010918853226,0.0,0.00010918853226,0.00010918853226
Dominica,2000,0.0,0.0,0.0,0.00010918853226,0.0,0.00010918853226,0.00010918853226
Dominica,2001,0.0,0.0,0.0,9.21278240944e-05,0.0,9.21278240944e-05,9.21278240944e-05
Dominica,2002,0.0,0.0,0.0,0.0001023642489938,0.0,0.0001023642489938,0.0001023642489938
Dominica,2003,0.0,0.0,0.0,9.89521073607e-05,0.0,9.89521073607e-05,9.89521073607e-05
Dominica,2004,0.0,0.0,0.0,0.0001160128155263,0.0,0.0001160128155263,0.0001160128155263
Dominica,2005,0.0,0.0,0.0,9.2810252421e-05,0.0,9.2810252421e-05,9.2810252421e-05
Dominica,2006,0.0,0.0,0.0,9.2810252421e-05,0.0,9.2810252421e-05,9.2810252421e-05
Dominica,2007,0.0,0.0,0.0,7.26786167856e-05,0.0,7.26786167856e-05,7.26786167856e-05
Dominica,2008,0.0,0.0,0.0,6.92664751524e-05,0.0,6.92664751524e-05,6.92664751524e-05
Dominica,2009,0.0,0.0,0.0,8.15501850317e-05,0.0,8.15501850317e-05,8.15501850317e-05
Dominica,2010,0.0,0.0,0.0,8.15501850317e-05,0.0,8.15501850317e-05,8.15501850317e-05
Dominica,2011,0.0,0.0,0.0,0.0001224958846292,0.0,0.0001224958846292,0.0001224958846292
Dominica,2012,0.0,0.0,0.0,9.34926807477e-05,0.0,9.34926807477e-05,9.34926807477e-05
Dominica,2013,0.0,0.0,0.0,0.0001276140970789,0.0,0.0001276140970789,0.0001276140970789
Dominica,2014,0.0,0.0,0.0,0.0001071412472802,0.0,0.0001071412472802,0.0001071412472802
Dominica,2015,0.0,0.0,0.0,8.66683974814e-05,0.0,8.66683974814e-05,8.66683974814e-05
Dominica,2016,0.0,0.0,0.0,0.0001276140970789,0.0,0.0001276140970789,0.0001276140970789
Dominica,2017,0.0,0.0,0.0,9.69048223808e-05,0.0,9.69048223808e-05,9.69048223808e-05
Dominica,2018,0.0,0.0,0.0,8.59859691548e-05,0.0,8.59859691548e-05,8.59859691548e-05
Dominica,2019,0.0,0.0,0.0,7.23374026223e-05,0.0,7.23374026223e-05,7.23374026223e-05
Dominica,2020,0.0,0.0,0.0,6.89252609891e-05,0.0,6.89252609891e-05,6.89252609891e-05
Dominica,2021,0.0,0.0,0.0,7.23374026223e-05,0.0,7.23374026223e-05,7.23374026223e-05
Dominica,2022,0.0,0.0,0.0,8.26323798721e-05,0.0,8.26323798721e-05,8.26323798721e-05
Dominica,2023,0.0,0.0,0.0,8.26323798721e-05,0.0,8.26323798721e-05,8.26323798721e-05
Dominican Republic,1980,0.0,0.0,0.0,0.0027204891670814,0.0,0.0027204891670814,0.0027204891670814
Dominican Republic,1981,0.0,0.0,0.0,0.0035339768842152,0.0,0.0035339768842152,0.0035339768842152
Dominican Republic,1982,0.0,0.0,0.0,0.0034129580466761,0.0,0.0034129580466761,0.0034129580466761
Dominican Republic,1983,0.0,0.0,0.0,0.0035915347356795,0.0,0.0035915347356795,0.0035915347356795
Dominican Republic,1984,0.0,0.0,0.0,0.003094036429035,0.0,0.003094036429035,0.003094036429035
Dominican Republic,1985,0.0,0.0,0.0,0.0040093694232008,0.0,0.0040093694232008,0.0040093694232008
Dominican Republic,1986,0.0,0.0,0.0,0.0035520934423277,0.0,0.0035520934423277,0.0035520934423277
Dominican Republic,1987,0.0,0.0,0.0,0.0037283847599286,0.0,0.0037283847599286,0.0037283847599286
Dominican Republic,1988,0.0,0.0,0.0,0.0031621072545578,0.0,0.0031621072545578,0.0031621072545578
Dominican Republic,1989,0.0,0.0,0.0,0.0023433932709091,0.0,0.0023433932709091,0.0023433932709091
Dominican Republic,1990,0.0,0.0,0.0,0.0016046106050954,0.0,0.0016046106050954,0.0016046106050954
Dominican Republic,1991,0.0,0.0,0.0,0.0021548494447241,0.0,0.0021548494447241,0.0021548494447241
Dominican Republic,1992,0.0,0.0,0.0,0.0020808563733773,0.0,0.0020808563733773,0.0020808563733773
Dominican Republic,1993,0.0,0.0,0.0,0.0041756043233742,0.0,0.0041756043233742,0.0041756043233742
Dominican Republic,1994,0.0,0.0,0.0,0.0022658500522008,0.0,0.0022658500522008,0.0022658500522008
Dominican Republic,1995,0.0,0.0,0.0,0.0024632702468313,0.0,0.0024632702468313,0.0024632702468313
Dominican Republic,1996,0.0,0.0,0.0,0.0033275861233494,0.0,0.0033275861233494,0.0033275861233494
Dominican Republic,1997,0.0,0.0,0.0,0.0027354335439412,0.0,0.0027354335439412,0.0027354335439412
Dominican Republic,1998,0.0,0.0,0.0,0.0028035323706263,0.0,0.0028035323706263,0.0028035323706263
Dominican Republic,1999,0.0,0.0,0.0,0.0040907878027615,0.0,0.0040907878027615,0.0040907878027615
Dominican Republic,2000,0.0,0.0,0.0,0.0042009019734436,0.0,0.0042009019734436,0.0042009019734436
Dominican Republic,2001,0.0,0.0,0.0,0.0040674662347165,0.0,0.0040674662347165,0.0040674662347165
Dominican Republic,2002,0.0,0.0,0.0,0.004746220208825,0.0,0.004746220208825,0.004746220208825
Dominican Republic,2003,0.0,0.0,0.0,0.0058092196324135,0.0,0.0058092196324135,0.0058092196324135
Dominican Republic,2004,0.0,0.0,0.0,0.0068547133293643,0.0,0.0068547133293643,0.0068547133293643
Dominican Republic,2005,0.0,0.0,0.0,0.0080342770913721,0.0,0.0080342770913721,0.0080342770913721
Dominican Republic,2006,0.0,0.0,0.0,0.0075742247952581,0.0,0.0075742247952581,0.0075742247952581
Dominican Republic,2007,0.0,0.0,0.0,0.0074191655589705,0.0,0.0074191655589705,0.0074191655589705
Dominican Republic,2008,0.0,0.0,0.0,0.006338527103211,0.0,0.006338527103211,0.006338527103211
Dominican Republic,2009,0.0,0.0,0.0,0.0065323931503138,0.0,0.0065323931503138,0.0065323931503138
Dominican Republic,2010,0.0,0.0,0.0,0.0064942771681738,0.0,0.0064942771681738,0.0064942771681738
Dominican Republic,2011,0.0,0.0,0.0,0.006871078808672,0.0,0.006871078808672,0.006871078808672
Dominican Republic,2012,0.0,0.0,0.0,0.008066478027987,0.0,0.008066478027987,0.008066478027987
Dominican Republic,2013,0.0,0.0,0.0,0.0089584832538505,0.0,0.0089584832538505,0.0089584832538505
Dominican Republic,2014,0.0,0.0,0.0,0.007004480745996,0.0,0.007004480745996,0.007004480745996
Dominican Republic,2015,0.0,0.0,0.0,0.0059062912617183,0.0,0.0059062912617183,0.0059062912617183
Dominican Republic,2016,0.0,0.0,0.0,0.0081277181699779,0.0,0.0081277181699779,0.0081277181699779
Dominican Republic,2017,0.0,0.0,0.0,0.0123095019498526,0.0,0.0123095019498526,0.0123095019498526
Dominican Republic,2018,0.0,0.0,0.0,0.0103956355079888,0.0,0.0103956355079888,0.0103956355079888
Dominican Republic,2019,0.0,0.0,0.0,0.0102386109901253,0.0,0.0102386109901253,0.0102386109901253
Dominican Republic,2020,0.0,0.0,0.0,0.0117673644464988,0.0,0.0117673644464988,0.0117673644464988
Dominican Republic,2021,0.0,0.0,0.0,0.0143269216900659,0.0,0.0143269216900659,0.0143269216900659
Dominican Republic,2022,0.0,0.0,0.0,0.0151063730439788,0.0,0.0151063730439788,0.0151063730439788
Dominican Republic,2023,0.0,0.0,0.0,0.0156171706464581,0.0,0.0156171706464581,0.0156171706464581
Ecuador,1980,0.0,0.0039,0.0,0.0029958603538863,0.0,0.0029958603538863,0.0068958603538863
Ecuador,1981,0.0,0.00247,0.0,0.0026717068987391,0.0,0.0026717068987391,0.0051417068987391
Ecuador,1982,0.0,0.0026,0.0,0.0030368060534838,0.0,0.0030368060534838,0.0056368060534838
Ecuador,1983,0.0,0.0039,0.0,0.005841586475915,0.0,0.005841586475915,0.009741586475915
Ecuador,1984,0.0,0.0052,0.0,0.0107926039855836,0.5636034634248296,0.0107926039855836,0.5795960674104133
Ecuador,1985,0.0,0.0052,0.0,0.0128330646821941,0.6160823363803416,0.0128330646821941,0.6341154010625358
Ecuador,1986,0.0,0.0039,0.0,0.0145698447734563,0.6432600900000053,0.0145698447734563,0.6617299347734616
Ecuador,1987,0.0,0.00247,0.0,0.0153068673662119,0.3806674973697067,0.0153068673662119,0.3984443647359186
Ecuador,1988,0.0,0.00364,0.0,0.0161769634826595,0.6763391362135934,0.0161769634826595,0.6961560996962529
Ecuador,1989,0.0,0.00364,0.0,0.0166068933284336,0.617684132472546,0.0166068933284336,0.6379310258009797
Ecuador,1990,0.0,0.0052,0.0,0.0168457432427526,0.6367090098121927,0.0168457432427526,0.6587547530549454
Ecuador,1991,0.0,0.0041940149999999,0.0,0.0171460117064678,0.6665086762653203,0.0171460117064678,0.6878487029717881
Ecuador,1992,0.0,0.00459095,0.0,0.0168013854015219,0.7025091769043462,0.0168013854015219,0.7239015123058683
Ecuador,1993,0.0,0.004589,0.0,0.0196266386737519,0.7439209386121293,0.0196266386737519,0.7681365772858811
Ecuador,1994,0.0,0.004589,0.0,0.0221755084736984,0.8266459864674532,0.0221755084736984,0.8534104949411517
Ecuador,1995,0.0,0.005512,0.0,0.0174326316036506,0.8370795739256739,0.0174326316036506,0.8600242055293246
Ecuador,1996,0.0,0.00550914,0.0,0.0214316615976765,0.8368229091978369,0.0214316615976765,0.8637637107955135
Ecuador,1997,0.0,0.00459095,0.0,0.0220731442247046,0.8526218839781966,0.0220731442247046,0.8792859782029012
Ecuador,1998,0.0,0.00459095,0.0,0.021977604258977,0.8242802139097579,0.021977604258977,0.850848768168735
Ecuador,1999,0.0,0.00459095,0.0,0.024243266303374,0.8190514062907861,0.024243266303374,0.8478856225941601
Ecuador,2000,0.0,0.00642733,0.0,0.0257036629223527,0.8835279625624717,0.0257036629223527,0.9156589554848245
Ecuador,2001,0.0,0.00734552,0.0,0.0238849914318955,0.943680512703328,0.0238849914318955,0.9749110241352236
Ecuador,2002,0.0,0.00459095,0.0,0.0254204551668031,0.8593294418032802,0.0254204551668031,0.8893408469700833
Ecuador,2003,0.0,0.006886425,0.0,0.0242555500132532,0.926818224758079,0.0242555500132532,0.9579601997713322
Ecuador,2004,0.0,0.007804615,0.0,0.0250369304472395,1.1601713129906115,0.0250369304472395,1.1930128584378512
Ecuador,2005,0.0,0.01193647,0.0,0.0234503213893626,1.1683096644946702,0.0234503213893626,1.2036964558840328
Ecuador,2006,0.0,0.01285466,0.0,0.0242846960230625,1.1772711404042675,0.0242846960230625,1.21441049642733
Ecuador,2007,0.0,0.0126251125,0.0,0.0307324968620703,1.1060097023388529,0.0307324968620703,1.149367311700923
Ecuador,2008,0.0,0.0102561823,0.0,0.0383683346147943,1.1119947319926806,0.0383683346147943,1.160619248907475
Ecuador,2009,0.0,0.01103862144,0.0,0.0313690340838216,1.067208740763968,0.0313690340838216,1.10961639628779
Ecuador,2010,0.0,0.0123065712,0.0,0.0293908831736014,1.0682283830017527,0.0293908831736014,1.109925837375354
Ecuador,2011,0.0,0.0089875262399999,0.0,0.0377578060726261,1.097563003760944,0.0377578060726261,1.1443083360735702
Ecuador,2012,0.0,0.01928029488,0.0,0.0416628544674431,1.1110567354384868,0.0416628544674431,1.17199988478593
Ecuador,2013,0.0,0.0192057096,0.0,0.0380610495979657,1.158771228177624,0.0380610495979657,1.21603798737559
Ecuador,2014,0.0,0.02155514592,0.0,0.0399655426166508,1.2248545781410176,0.0399655426166508,1.2863752666776684
Ecuador,2015,0.0,0.01853444208,0.0,0.0460991436806732,1.1974217134561536,0.0460991436806732,1.2620552992168268
Ecuador,2016,0.0,0.02039905824,0.0,0.0591904418695145,1.2097372731147562,0.0591904418695145,1.2893267732242708
Ecuador,2017,0.0,0.01781722254797,0.0,0.0735012959744598,1.1701564150803776,0.0735012959744598,1.2614749336028075
Ecuador,2018,0.0,0.0141422578598398,0.0,0.0757880402581619,1.1393101223800974,0.0757880402581619,1.2292404204980991
Ecuador,2019,0.0,0.0127689942652798,0.0,0.090739443238111,1.1694646833106164,0.090739443238111,1.2729731208140072
Ecuador,2020,0.0,0.0107510035775998,0.0,0.0899905274675198,1.0595410320667693,0.0899905274675198,1.160282563111889
Ecuador,2021,0.0,0.0111168274166398,0.0,0.0939063882263324,1.040921168083158,0.0939063882263324,1.1459443837261305
Ecuador,2022,0.0,0.0101022402930238,0.0,0.09070894532165,1.058588633927266,0.09070894532165,1.15939981954194
Ecuador,2023,0.0,0.0101081997751678,0.0,0.094680822905641,1.0461500306415823,0.094680822905641,1.150939053322391
Egypt,1980,0.0,0.03141,0.0,0.0330943616997078,0.0,0.0330943616997078,0.0645043616997078
Egypt,1981,0.0,0.05235,0.0,0.0344933397692903,0.0,0.0344933397692903,0.0868433397692903
Egypt,1982,0.0,0.098418,0.0,0.0353668480273711,0.0,0.0353668480273711,0.1337848480273711
Egypt,1983,0.0,0.118311,0.0,0.034442328251875,0.0,0.034442328251875,0.152753328251875
Egypt,1984,0.0,0.149721,0.0,0.0337803727750482,1.8011981685389409,0.0337803727750482,1.9846995413139887
Egypt,1985,0.0,0.183225,0.0,0.0273621343631346,1.9385104803617044,0.0273621343631346,2.149097614724839
Egypt,1986,0.0,0.2094,0.0,0.0270245029485366,1.7709081127035875,0.0270245029485366,2.0073326156521243
Egypt,1987,0.0,0.232434,0.0,0.0278707140735523,1.9926413495352409,0.0278707140735523,2.252946063608793
Egypt,1988,0.0,0.255468,0.0,0.0266867009268569,1.9096883798350408,0.0266867009268569,2.1918430807618976
Egypt,1989,0.0,0.285831,0.0,0.0270245029485366,1.922124787905976,0.0270245029485366,2.2349802908545127
Egypt,1990,0.0,0.2994359894921194,0.0,0.0336952398413017,1.96490814360244,0.0336952398413017,2.298039372935861
Egypt,1991,0.0,0.336087,0.0,0.0291570914692415,1.962388181946599,0.0291570914692415,2.327632273415841
Egypt,1992,0.0,0.36553292223,0.0,0.02884999872226,1.992837911450672,0.02884999872226,2.387220832402932
Egypt,1993,0.0,0.41744554845,0.0,0.0354251956492975,2.054408378905048,0.0354251956492975,2.507279123004346
Egypt,1994,0.0,0.44332074,0.0,0.0363055281906445,2.004499722579654,0.0363055281906445,2.484125990770299
Egypt,1995,0.0,0.45959112,0.0,0.0385885921573704,2.0084643534075743,0.0385885921573704,2.506644065564945
Egypt,1996,0.0,0.495462387,0.0,0.0390662919860084,1.9652267464151008,0.0390662919860084,2.4997554254011094
Egypt,1997,0.0,0.4991598675,0.0,0.0405266886049871,1.8885048653881904,0.0405266886049871,2.4281914214931777
Egypt,1998,0.0,0.5080338207,0.0,0.0413217176055059,1.8445464413135435,0.0413217176055059,2.393901979619049
Egypt,1999,0.000813226122098,0.54242038935,0.0,0.0517219253032799,1.803477355583056,0.0517219253032799,2.398432896358434
Egypt,2000,0.0012094132072227,0.6766389315,0.0,0.0491402417412809,1.5336099764854676,0.0491402417412809,2.2605985629339718
Egypt,2001,0.0010495483061049,0.90773146275,0.0,0.0542760242202796,1.5048171635890346,0.0542760242202796,2.46787419886542
Egypt,2002,0.0008896832158211,0.924370125,0.0,0.0465749436594198,1.4974994223721567,0.0465749436594198,2.4693341742473978
Egypt,2003,0.0007888988134135,1.10813490585,0.0,0.0477050340678593,1.5340632001082637,0.0477050340678593,2.690692038839537
Egypt,2004,0.000688114411006,1.2038996508,0.0,0.0469414252715483,1.4402063629508244,0.0469414252715483,2.6917355534333787
Egypt,2005,0.0007017841100601,1.5714292125,0.0,0.0470412306143256,1.390848839902314,0.0470412306143256,3.0100210671267
Egypt,2006,0.0006432992949269,2.0225218335,0.0,0.0482412031234714,1.381447655379425,0.0482412031234714,3.452853991297824
Egypt,2007,0.0005848144797936,2.0594966385,0.0,0.0577530968486005,1.421542073648061,0.0577530968486005,3.539376623476455
Egypt,2008,0.0005263296646603,2.18040425085,0.0,0.0551425290876596,1.4415677738406067,0.0551425290876596,3.677640883442927
Egypt,2009,0.0006821208770421,2.31795052545,0.0,0.0504824939223891,1.4635170970821785,0.0504824939223891,3.832632237331609
Egypt,2010,0.0007923741702493,2.26766479065,0.0,0.053303927024999,1.484396928831843,0.053303927024999,3.806158020677092
Egypt,2011,0.0007551654170249,2.2650765543,0.0,0.0531823826887534,1.496710901752763,0.0531823826887534,3.815725004158541
Egypt,2012,0.000437890988822,2.244999235185,0.0,0.0511844073916788,1.5106109206681149,0.0511844073916788,3.807232454233616
Egypt,2013,6.60458349097e-05,2.1038664045,0.0,0.0522988640511837,1.5073293659428857,0.0522988640511837,3.663560680328979
Egypt,2014,0.0,1.804370484,0.0,0.0547396421643986,1.508326826101665,0.0547396421643986,3.3674369522660634
Egypt,2015,0.0,1.63901915604,0.0,0.0560336955787084,1.5398454849365963,0.0560336955787084,3.234898336555305
Egypt,2016,0.0,1.5671777202213,0.0,0.0555115394047511,1.4751222727703934,0.0555115394047511,3.097811532396445
Egypt,2017,0.0,1.8804256071261,0.0,0.0553944526446468,1.5093877114786842,0.0553944526446468,3.445207771249432
Egypt,2018,0.0,2.216242220109,0.0,0.061091115805002,1.546591082392388,0.061091115805002,3.82392441830639
Egypt,2019,0.0,2.413852361439,0.0,0.0764673820518623,1.5174025431072724,0.0764673820518623,4.007722286598135
Egypt,2020,0.0,2.229064689858,0.0,0.088245608949246,1.4448245576747365,0.088245608949246,3.7621348564819823
Egypt,2021,0.0,2.521673164809,0.0,0.0883581846221015,1.3925474782469338,0.0883581846221015,4.002578827678035
Egypt,2022,0.0,2.396556874209,0.0,0.0923391268653307,1.4072368213947228,0.0923391268653307,3.8961328224690535
Egypt,2023,0.0,2.114235644361,0.0,0.0884088307243489,1.405457844629257,0.0884088307243489,3.6081023197146056
El Salvador,1980,0.0,0.0,0.0,0.0053067922971121,0.0,0.0053067922971121,0.0053067922971121
El Salvador,1981,0.0,0.0,0.0,0.0054411839238967,0.0,0.0054411839238967,0.0054411839238967
El Salvador,1982,0.0,0.0,0.0,0.0058118253331724,0.0,0.0058118253331724,0.0058118253331724
El Salvador,1983,0.0,0.0,0.0,0.0052279614784174,0.0,0.0052279614784174,0.0052279614784174
El Salvador,1984,0.0,0.0,0.0,0.0060102654775395,0.0,0.0060102654775395,0.0060102654775395
El Salvador,1985,0.0,0.0,0.0,0.0056112129134373,0.0,0.0056112129134373,0.0056112129134373
El Salvador,1986,0.0,0.0,0.0,0.0056832639041711,0.0,0.0056832639041711,0.0056832639041711
El Salvador,1987,0.0,0.0,0.0,0.0054523013172438,0.0,0.0054523013172438,0.0054523013172438
El Salvador,1988,0.0,0.0,0.0,0.0060413387673474,0.0,0.0060413387673474,0.0060413387673474
El Salvador,1989,0.0,0.0,0.0,0.0065319351313021,0.0,0.0065319351313021,0.0065319351313021
El Salvador,1990,0.0,0.0,0.0,0.0065138523807129,0.0,0.0065138523807129,0.0065138523807129
El Salvador,1991,0.0,0.0,0.0,0.0044731056722305,0.0,0.0044731056722305,0.0044731056722305
El Salvador,1992,0.0,0.0,0.0,0.0049540916372712,0.0,0.0049540916372712,0.0049540916372712
El Salvador,1993,0.0,0.0,0.0,0.005395690967429,0.0,0.005395690967429,0.005395690967429
El Salvador,1994,0.0,0.0,0.0,0.0054973601875732,0.0,0.0054973601875732,0.0054973601875732
El Salvador,1995,0.0,0.0,0.0,0.0065415315296349,0.0,0.0065415315296349,0.0065415315296349
El Salvador,1996,0.0,0.0,0.0,0.0080273332031412,0.0,0.0080273332031412,0.0080273332031412
El Salvador,1997,0.0,0.0,0.0,0.0067009631474138,0.0,0.0067009631474138,0.0067009631474138
El Salvador,1998,0.0,0.0,0.0,0.0070622361433401,0.0,0.0070622361433401,0.0070622361433401
El Salvador,1999,0.0,0.0,0.0,0.0082435041760897,0.0,0.0082435041760897,0.0082435041760897
El Salvador,2000,0.0,0.0,0.0,0.0101598949227337,0.0,0.0101598949227337,0.0101598949227337
El Salvador,2001,0.0,0.0,0.0,0.0092526092626012,0.0,0.0092526092626012,0.0092526092626012
El Salvador,2002,0.0,0.0,0.0,0.0096928468417274,0.0,0.0096928468417274,0.0096928468417274
El Salvador,2003,0.0,0.0,0.0,0.0111088777209785,0.0,0.0111088777209785,0.0111088777209785
El Salvador,2004,0.0,0.0,0.0,0.0108435008464053,0.0,0.0108435008464053,0.0108435008464053
El Salvador,2005,0.0,0.0,0.0,0.013454917221869,0.0,0.013454917221869,0.013454917221869
El Salvador,2006,0.0,0.0,0.0,0.0206896619045217,0.0,0.0206896619045217,0.0206896619045217
El Salvador,2007,0.0,0.0,0.0,0.0184549040227724,0.0,0.0184549040227724,0.0184549040227724
El Salvador,2008,0.0,0.0,0.0,0.0198336022684202,0.0,0.0198336022684202,0.0198336022684202
El Salvador,2009,0.0,0.0,0.0,0.0126001322134999,0.0,0.0126001322134999,0.0126001322134999
El Salvador,2010,0.0,0.0,0.0,0.0150587622677235,0.0,0.0150587622677235,0.0150587622677235
El Salvador,2011,0.0,0.0,0.0,0.0148290647333067,0.0,0.0148290647333067,0.0148290647333067
El Salvador,2012,0.0,0.0,0.0,0.0150917916387255,0.0,0.0150917916387255,0.0150917916387255
El Salvador,2013,0.0,0.0,0.0,0.0156759636868732,0.0,0.0156759636868732,0.0156759636868732
El Salvador,2014,0.0,0.0,0.0,0.0156277716864921,0.0,0.0156277716864921,0.0156277716864921
El Salvador,2015,0.0,0.0,0.0,0.0154488026577432,0.0,0.0154488026577432,0.0154488026577432
El Salvador,2016,0.0,0.0,0.0,0.0159662363356765,0.0,0.0159662363356765,0.0159662363356765
El Salvador,2017,0.0,0.0,0.0,0.0183222605308773,0.0,0.0183222605308773,0.0183222605308773
El Salvador,2018,0.0,0.0,0.0,0.0185284530896361,0.0,0.0185284530896361,0.0185284530896361
El Salvador,2019,0.0,0.0,0.0,0.0192561947971554,0.0,0.0192561947971554,0.0192561947971554
El Salvador,2020,0.0,0.0,0.0,0.0226321554284616,0.0,0.0226321554284616,0.0226321554284616
El Salvador,2021,0.0,0.0,0.0,0.0235597069298002,0.0,0.0235597069298002,0.0235597069298002
El Salvador,2022,0.0,0.0,0.0,0.0249182903226573,0.0,0.0249182903226573,0.0249182903226573
El Salvador,2023,0.0,0.0,0.0,0.0249582992164754,0.0,0.0249582992164754,0.0249582992164754
Equatorial Guinea,1980,0.0,0.0,0.0,6.8242832662e-06,0.0,6.8242832662e-06,6.8242832662e-06
Equatorial Guinea,1981,0.0,0.0,0.0,6.8242832662e-06,0.0,6.8242832662e-06,6.8242832662e-06
Equatorial Guinea,1982,0.0,0.0,0.0,6.8242832662e-06,0.0,6.8242832662e-06,6.8242832662e-06
Equatorial Guinea,1983,0.0,0.0,0.0,6.8242832662e-06,0.0,6.8242832662e-06,6.8242832662e-06
Equatorial Guinea,1984,0.0,0.0,0.0,6.8242832662e-06,0.0,6.8242832662e-06,6.8242832662e-06
Equatorial Guinea,1985,0.0,0.0,0.0,6.8242832662e-06,0.0,6.8242832662e-06,6.8242832662e-06
Equatorial Guinea,1986,0.0,0.0,0.0,6.8242832662e-06,0.0,6.8242832662e-06,6.8242832662e-06
Equatorial Guinea,1987,0.0,0.0,0.0,6.8242832662e-06,0.0,6.8242832662e-06,6.8242832662e-06
Equatorial Guinea,1988,0.0,0.0,0.0,6.8242832662e-06,0.0,6.8242832662e-06,6.8242832662e-06
Equatorial Guinea,1989,0.0,0.0,0.0,6.8242832662e-06,0.0,6.8242832662e-06,6.8242832662e-06
Equatorial Guinea,1990,0.0,0.0,0.0,6.8242832662e-06,0.0,6.8242832662e-06,6.8242832662e-06
Equatorial Guinea,1991,0.0,0.0,0.0,6.8242832662e-06,0.0,6.8242832662e-06,6.8242832662e-06
Equatorial Guinea,1992,0.0,0.0,0.0,6.8242832662e-06,0.0,6.8242832662e-06,6.8242832662e-06
Equatorial Guinea,1993,0.0,0.0,0.0,6.8242832662e-06,0.0,6.8242832662e-06,6.8242832662e-06
Equatorial Guinea,1994,0.0,0.0,0.0,6.8242832662e-06,0.0,6.8242832662e-06,6.8242832662e-06
Equatorial Guinea,1995,0.0,0.0,0.0,6.8242832662e-06,0.0,6.8242832662e-06,6.8242832662e-06
Equatorial Guinea,1996,0.0,0.0,0.0,6.8242832662e-06,0.023353136,6.8242832662e-06,0.0233599602832662
Equatorial Guinea,1997,0.0,0.0,0.0,1.02364248993e-05,0.101269776,1.02364248993e-05,0.1012800124248993
Equatorial Guinea,1998,0.0,0.0007394961,0.0,1.02364248993e-05,0.14463208,1.02364248993e-05,0.1453818125248993
Equatorial Guinea,1999,0.0,0.0007394961,0.0,1.02364248993e-05,0.186125696,1.02364248993e-05,0.1868754285248993
Equatorial Guinea,2000,0.0,0.00110924415,0.0,4.77699828637e-05,0.217188536,4.77699828637e-05,0.2183455501328638
Equatorial Guinea,2001,0.0,0.00110924415,0.0,4.77699828637e-05,0.35827448,4.77699828637e-05,0.3594314941328638
Equatorial Guinea,2002,0.0,0.04695800235,0.0,4.77699828637e-05,0.4272848,4.77699828637e-05,0.4742905723328638
Equatorial Guinea,2003,0.0,0.0480672465,0.0,4.77699828637e-05,0.577864700808,4.77699828637e-05,0.6259797172908638
Equatorial Guinea,2004,0.0,0.0036974805,0.0,4.77699828637e-05,0.684921623318,4.77699828637e-05,0.6886668738008638
Equatorial Guinea,2005,0.0,0.0480672465,0.0,4.77699828637e-05,0.748058702982,4.77699828637e-05,0.7961737194648638
Equatorial Guinea,2006,0.0,0.0480672465,0.0,4.77699828637e-05,0.734818629436,4.77699828637e-05,0.7829336459188638
Equatorial Guinea,2007,0.0,0.1079664306,0.0,4.77699828637e-05,0.71001466187,4.77699828637e-05,0.8180288624528638
Equatorial Guinea,2008,0.0,0.22000008975,0.0,0.0001774313649226,0.706766738956,0.0001774313649226,0.9269442600709228
Equatorial Guinea,2009,0.0,0.23183202735,0.0,0.0001774313649226,0.677674694954,0.0001774313649226,0.9096841536689226
Equatorial Guinea,2010,0.0,0.2492101857,0.0,9.55399657275e-05,0.63073424208,9.55399657275e-05,0.8800399677457276
Equatorial Guinea,2011,0.0,0.2543866584,0.0,9.55399657275e-05,0.585510082248,9.55399657275e-05,0.8399922806137275
Equatorial Guinea,2012,0.0,0.23552950785,0.0,0.0002729713306502,0.6098773656,0.0002729713306502,0.8456798447806503
Equatorial Guinea,2013,0.0,0.24218497275,0.0,0.0008564475499151,0.569116114,0.0008564475499151,0.8121575342999151
Equatorial Guinea,2014,0.0,0.2277647988,0.0,0.0012932016789554,0.5451421,0.0012932016789554,0.7742001004789555
Equatorial Guinea,2015,0.0,0.229243791,0.0,0.0015934701426707,0.5251985,0.0015934701426707,0.7560357611426708
Equatorial Guinea,2016,0.0,0.2146018926036,0.0,0.0016071187092032,0.479159148,0.0016071187092032,0.6953681593128033
Equatorial Guinea,2017,0.0,0.2586125153025014,0.0,0.00149451803531,0.3948916325,0.00149451803531,0.6549986658378115
Equatorial Guinea,2018,0.0,0.2321281010463013,0.0,0.0015115787434756,0.362344275,0.0015115787434756,0.595983954789777
Equatorial Guinea,2019,0.0,0.2087595002628011,0.0,0.0015286394516413,0.32691647,0.0015286394516413,0.5372046097144425
Equatorial Guinea,2020,0.0,0.188506712952001,0.0,0.0016688784727628,0.309922712,0.0016688784727628,0.5000983034247639
Equatorial Guinea,2021,0.0,0.2205267132651012,0.0,0.0016037065675701,0.27915814,0.0016037065675701,0.5012885598326714
Equatorial Guinea,2022,0.0,0.2536398257616014,0.0,0.0016541554671879,0.25088194,0.0016541554671879,0.5061759212287893
Equatorial Guinea,2023,0.0,0.2223215591901012,0.0,0.0016862532617415,0.1896683677565963,0.0016862532617415,0.4136761802084391
Eritrea,1994,0.0,0.0,0.0,0.0,0.0,0.0,0.0
Eritrea,1995,0.0,0.0,0.0,0.0,0.0,0.0,0.0
Eritrea,1996,0.0,0.0,0.0,0.0,0.0,0.0,0.0
Eritrea,1997,0.0,0.0,0.0,3.4121416331e-06,0.0,3.4121416331e-06,3.4121416331e-06
Eritrea,1998,0.0,0.0,0.0,3.4121416331e-06,0.0,3.4121416331e-06,3.4121416331e-06
Eritrea,1999,0.0,0.0,0.0,3.4121416331e-06,0.0,3.4121416331e-06,3.4121416331e-06
Eritrea,2000,0.0,0.0,0.0,3.4121416331e-06,0.0,3.4121416331e-06,3.4121416331e-06
Eritrea,2001,0.0,0.0,0.0,3.4121416331e-06,0.0,3.4121416331e-06,3.4121416331e-06
Eritrea,2002,0.0,0.0,0.0,3.4121416331e-06,0.0,3.4121416331e-06,3.4121416331e-06
Eritrea,2003,0.0,0.0,0.0,3.4121416331e-06,0.0,3.4121416331e-06,3.4121416331e-06
Eritrea,2004,0.0,0.0,0.0,3.4121416331e-06,0.0,3.4121416331e-06,3.4121416331e-06
Eritrea,2005,0.0,0.0,0.0,3.4121416331e-06,0.0,3.4121416331e-06,3.4121416331e-06
Eritrea,2006,0.0,0.0,0.0,6.8242832662e-06,0.0,6.8242832662e-06,6.8242832662e-06
Eritrea,2007,0.0,0.0,0.0,6.8242832662e-06,0.0,6.8242832662e-06,6.8242832662e-06
Eritrea,2008,0.0,0.0,0.0,1.36485665325e-05,0.0,1.36485665325e-05,1.36485665325e-05
Eritrea,2009,0.0,0.0,0.0,1.36485665325e-05,0.0,1.36485665325e-05,1.36485665325e-05
Eritrea,2010,0.0,0.0,0.0,1.36485665325e-05,0.0,1.36485665325e-05,1.36485665325e-05
Eritrea,2011,0.0,0.0,0.0,1.70607081656e-05,0.0,1.70607081656e-05,1.70607081656e-05
Eritrea,2012,0.0,0.0,0.0,1.70607081656e-05,0.0,1.70607081656e-05,1.70607081656e-05
Eritrea,2013,0.0,0.0,0.0,2.04728497987e-05,0.0,2.04728497987e-05,2.04728497987e-05
Eritrea,2014,0.0,0.0,0.0,2.04728497987e-05,0.0,2.04728497987e-05,2.04728497987e-05
Eritrea,2015,0.0,0.0,0.0,2.38849914318e-05,0.0,2.38849914318e-05,2.38849914318e-05
Eritrea,2016,0.0,0.0,0.0,2.38849914318e-05,0.0,2.38849914318e-05,2.38849914318e-05
Eritrea,2017,0.0,0.0,0.0,2.7297133065e-05,0.0,2.7297133065e-05,2.7297133065e-05
Eritrea,2018,0.0,0.0,0.0,0.0001706070816563,0.0,0.0001706070816563,0.0001706070816563
Eritrea,2019,0.0,0.0,0.0,0.0001740192232895,0.0,0.0001740192232895,0.0001740192232895
Eritrea,2020,0.0,0.0,0.0,0.0001740192232895,0.0,0.0001740192232895,0.0001740192232895
Eritrea,2021,0.0,0.0,0.0,0.0001671949400232,0.0,0.0001671949400232,0.0001671949400232
Eritrea,2022,0.0,0.0,0.0,0.0001637827983901,0.0,0.0001637827983901,0.0001637827983901
Eritrea,2023,0.0,0.0,0.0,0.0001637827983901,0.0,0.0001637827983901,0.0001637827983901
Estonia,1992,0.0,0.0,0.0,3.4121416331e-06,0.0,3.4121416331e-06,3.4121416331e-06
Estonia,1993,0.0,0.0,0.0,3.4121416331e-06,0.0,3.4121416331e-06,3.4121416331e-06
Estonia,1994,0.0,0.0,0.0,1.02364248993e-05,0.0,1.02364248993e-05,1.02364248993e-05
Estonia,1995,0.0,0.0,0.0,6.86988515912e-05,0.0,6.86988515912e-05,6.86988515912e-05
Estonia,1996,0.0,0.0,0.0,5.85264293485e-05,0.0,5.85264293485e-05,5.85264293485e-05
Estonia,1997,0.0,0.0,0.0,9.19438164565e-05,0.0,9.19438164565e-05,9.19438164565e-05
Estonia,1998,0.0,0.0,0.0,0.0001394297875314,0.0,0.0001394297875314,0.0001394297875314
Estonia,1999,0.0,0.0,0.0,0.000139777801977,0.0,0.000139777801977,0.000139777801977
Estonia,2000,0.0,0.0,0.0,0.0001530913546035,0.0,0.0001530913546035,0.0001530913546035
Estonia,2001,0.0,0.0,0.0,0.0001409648512497,0.0,0.0001409648512497,0.0001409648512497
Estonia,2002,0.0,0.0,0.0,0.0002578737039693,0.0,0.0002578737039693,0.0002578737039693
Estonia,2003,0.0,0.0,0.0,0.0003685932997816,0.0,0.0003685932997816,0.0003685932997816
Estonia,2004,0.0,0.0,0.0,0.0004028567220074,0.0,0.0004028567220074,0.0004028567220074
Estonia,2005,0.0,0.0,0.0,0.0006093022912682,0.0,0.0006093022912682,0.0006093022912682
Estonia,2006,0.0,0.0,0.0,0.0007038692166063,0.0,0.0007038692166063,0.0007038692166063
Estonia,2007,0.0,0.0,0.0,0.0007083454024064,0.0,0.0007083454024064,0.0007083454024064
Estonia,2008,0.0,0.0,0.0,0.0009041135284618,0.0,0.0009041135284618,0.0009041135284618
Estonia,2009,0.0,0.0,0.0,0.003839664578995,0.0,0.003839664578995,0.003839664578995
Estonia,2010,0.0,0.0,0.0,0.0082573719517213,0.0,0.0082573719517213,0.0082573719517213
Estonia,2011,0.0,0.0,0.0,0.0089472257865691,0.0,0.0089472257865691,0.0089472257865691
Estonia,2012,0.0,0.0,0.0,0.0111511144668419,0.0,0.0111511144668419,0.0111511144668419
Estonia,2013,0.0,0.0,0.0,0.0088146628840723,0.0,0.0088146628840723,0.0088146628840723
Estonia,2014,0.0,0.0,0.0,0.0100664358433807,0.0,0.0100664358433807,0.0100664358433807
Estonia,2015,0.0,0.0,0.0,0.010827897450565,0.0,0.010827897450565,0.010827897450565
Estonia,2016,0.0,0.0,0.0,0.0115409714492487,0.0,0.0115409714492487,0.0115409714492487
Estonia,2017,0.0,0.0,0.0,0.0134649840122634,0.0,0.0134649840122634,0.0134649840122634
Estonia,2018,0.0,0.0,0.0,0.0151071238751447,0.0,0.0151071238751447,0.0151071238751447
Estonia,2019,0.0,0.0,0.0,0.0153686174293689,0.0,0.0153686174293689,0.0153686174293689
Estonia,2020,0.0,0.0,0.0,0.0207169044291269,0.0,0.0207169044291269,0.0207169044291269
Estonia,2021,0.0,0.0,0.0,0.0202865195644656,0.0,0.0202865195644656,0.0202865195644656
Estonia,2022,0.0,0.0,0.0,0.0177125399786476,0.0,0.0177125399786476,0.0177125399786476
Estonia,2023,0.0,0.0,0.0,0.0199530273956817,0.0,0.0199530273956817,0.0199530273956817
Eswatini,1980,0.0041435294070871,0.0,0.0,0.0004299298457741,0.0,0.0004299298457741,0.0045734592528612
Eswatini,1981,0.0038610159607579,0.0,0.0,0.0004401662706735,0.0,0.0004401662706735,0.0043011822314314
Eswatini,1982,0.0031311898069135,0.0,0.0,0.000320741313514,0.0,0.000320741313514,0.0034519311204276
Eswatini,1983,0.0024013636530688,0.0,0.0,0.0002217892061533,0.0,0.0002217892061533,0.0026231528592221
Eswatini,1984,0.0029428475805527,0.0,0.0,0.0004401662706735,0.0,0.0004401662706735,0.0033830138512262
Eswatini,1985,0.0039081016775304,0.0,0.0,0.0006312462021286,0.0,0.0006312462021286,0.0045393478796591
Eswatini,1986,0.0040493581871185,0.0,0.0,0.0005152333866023,0.0,0.0005152333866023,0.0045645915737208
Eswatini,1987,0.0038845587123559,0.0,0.0,0.0006244219188624,0.0,0.0006244219188624,0.0045089806312183
Eswatini,1988,0.0034372459621252,0.0,0.0,0.0006619554768268,0.0,0.0006619554768268,0.0040992014389521
Eswatini,1989,0.003602043108904,0.0,0.0,0.0007404347343887,0.0,0.0007404347343887,0.0043424778432927
Eswatini,1990,0.0037668402556827,0.0,0.0,0.0005186455282354,0.0,0.0005186455282354,0.0042854857839182
Eswatini,1991,0.0028957584465561,0.0,0.0,0.0006892526098918,0.0,0.0006892526098918,0.0035850110564479
Eswatini,1992,0.0023307324082037,0.0,0.0,0.0006892526098918,0.0,0.0006892526098918,0.0030199850180955
Eswatini,1993,0.0013183940894889,0.0,0.0,0.0006892526098918,0.0,0.0006892526098918,0.0020076466993807
Eswatini,1994,0.004096438778055,0.0,0.0,0.0006892526098918,0.0,0.0006892526098918,0.0047856913879468
Eswatini,1995,0.0040493532748589,0.0,0.0,0.0007097254596906,0.0,0.0007097254596906,0.0047590787345495
Eswatini,1996,0.0030370149561442,0.0,0.0,0.0007097254596906,0.0,0.0007097254596906,0.0037467404158348
Eswatini,1997,0.0049357206030203,0.0,0.0,0.0007165497429568,0.0,0.0007165497429568,0.0056522703459772
Eswatini,1998,0.0080323278086728,0.0,0.0,0.0007097254596906,0.0,0.0007097254596906,0.0087420532683634
Eswatini,1999,0.0084892867079596,0.0,0.0,0.0006926647515249,0.0,0.0006926647515249,0.0091819514594846
Eswatini,2000,0.0089462456072465,0.0,0.0,0.0053967878129575,0.0,0.0053967878129575,0.0143430334202041
Eswatini,2001,0.0074159667533754,0.0,0.0,0.00580882131588,0.0,0.00580882131588,0.0132247880692554
Eswatini,2002,0.0099821266775593,0.0,0.0,0.005630123698397,0.0,0.005630123698397,0.0156122503759563
Eswatini,2003,0.0105627851029728,0.0,0.0,0.0053514111294361,0.0,0.0053514111294361,0.015914196232409
Eswatini,2004,0.0114962552038342,0.0,0.0,0.004815359878714,0.0,0.004815359878714,0.0163116150825482
Eswatini,2005,0.0106177809707057,0.0,0.0,0.0049454482784978,0.0,0.0049454482784978,0.0155632292492035
Eswatini,2006,0.0104529817095196,0.0,0.0,0.0056835639166241,0.0,0.0056835639166241,0.0161365456261438
Eswatini,2007,0.0108767512382839,0.0,0.0,0.0057036007483244,0.0,0.0057036007483244,0.0165803519866084
Eswatini,2008,0.0105942382191077,0.0,0.0,0.0055180954482642,0.0,0.0055180954482642,0.016112333667372
Eswatini,2009,0.0069867534798922,0.0,0.0,0.0055440490043394,0.0,0.0055440490043394,0.0125308024842317
Eswatini,2010,0.0033792687406767,0.0,0.0,0.0060815436637383,0.0,0.0060815436637383,0.0094608124044151
Eswatini,2011,0.0032959852237224,0.0,0.0,0.0044153124000654,0.0,0.0044153124000654,0.0077112976237878
Eswatini,2012,0.0035270594098242,0.0,0.0,0.0041526770083152,0.0,0.0041526770083152,0.0076797364181394
Eswatini,2013,0.0029899294529481,0.0,0.0,0.0044561684358606,0.0,0.0044561684358606,0.0074460978888088
Eswatini,2014,0.0031229459994769,0.0,0.0,0.0040118297571169,0.0,0.0040118297571169,0.0071347757565938
Eswatini,2015,0.0030402161902877,0.0,0.0,0.0037055829530828,0.0,0.0037055829530828,0.0067457991433706
Eswatini,2016,0.0037291718531259,0.0,0.0,0.0033244759527042,0.0,0.0033244759527042,0.0070536478058301
Eswatini,2017,0.0040612439972083,0.0,0.0,0.0025868663771302,0.0,0.0025868663771302,0.0066481103743385
Eswatini,2018,0.0030370149561442,0.0,0.0,0.0027636663158432,0.0,0.0027636663158432,0.0058006812719875
Eswatini,2019,0.002587348400622,0.0,0.0,0.0027415853992959,0.0,0.0027415853992959,0.005328933799918
Eswatini,2020,0.0025449768722911,0.0,0.0,0.002888450895473,0.0,0.002888450895473,0.0054334277677641
Eswatini,2021,0.0027238021888842,0.0,0.0,0.002762226656085,0.0,0.002762226656085,0.0054860288449692
Eswatini,2022,0.0054558658104041,0.0,0.0,0.0029040735439468,0.0,0.0029040735439468,0.008359939354351
Eswatini,2023,0.0064070204853611,0.0,0.0,0.002913914719275,0.0,0.002913914719275,0.0093209352046361
Ethiopia,1980,0.0,0.0,0.0,0.0016139429924695,0.0,0.0016139429924695,0.0016139429924695
Ethiopia,1981,0.0,0.0,0.0,0.0017128950998302,0.0,0.0017128950998302,0.0017128950998302
Ethiopia,1982,0.0,0.0,0.0,0.0019585692974154,0.0,0.0019585692974154,0.0019585692974154
Ethiopia,1983,0.0,0.0,0.0,0.0021257642374387,0.0,0.0021257642374387,0.0021257642374387
Ethiopia,1984,0.0,0.0,0.0,0.0023304927354263,0.0,0.0023304927354263,0.0023304927354263
Ethiopia,1985,0.0,0.0,0.0,0.0025488697999465,0.0,0.0025488697999465,0.0025488697999465
Ethiopia,1986,0.0,0.0,0.0,0.002801368280798,0.0,0.002801368280798,0.002801368280798
Ethiopia,1987,0.0,0.0,0.0,0.0030231574869513,0.0,0.0030231574869513,0.0030231574869513
Ethiopia,1988,0.0,0.0,0.0,0.0032620074012703,0.0,0.0032620074012703,0.0032620074012703
Ethiopia,1989,0.0,0.0,0.0,0.0033916687833291,0.0,0.0033916687833291,0.0033916687833291
Ethiopia,1990,0.0,0.0,0.0,0.0037124100968431,0.0,0.0037124100968431,0.0037124100968431
Ethiopia,1991,0.0,0.0,0.0,0.0037431193715413,0.0,0.0037431193715413,0.0037431193715413
Ethiopia,1992,0.0,0.0,0.0,0.0038454836205351,0.0,0.0038454836205351,0.0038454836205351
Ethiopia,1993,0.0,0.0,0.0,0.004268589183043,0.0,0.004268589183043,0.004268589183043
Ethiopia,1994,0.0,0.0,0.0,0.0045722697883914,0.0,0.0045722697883914,0.0045722697883914
Ethiopia,1995,0.0,0.0,0.0,0.0048247682692429,0.0,0.0048247682692429,0.0048247682692429
Ethiopia,1996,0.0,0.0,0.0,0.0051011517415262,0.0,0.0051011517415262,0.0051011517415262
Ethiopia,1997,0.0,0.0,0.0,0.0052888195313483,0.0,0.0052888195313483,0.0052888195313483
Ethiopia,1998,0.0,0.0,0.0,0.0054218930550402,0.0,0.0054218930550402,0.0054218930550402
Ethiopia,1999,0.0,0.0,0.0,0.0054901358877028,0.0,0.0054901358877028,0.0054901358877028
Ethiopia,2000,0.0,0.0,0.0,0.0059971099314716,0.0,0.0059971099314716,0.0059971099314716
Ethiopia,2001,0.0,0.0,0.0,0.0072044222452822,0.0,0.0072044222452822,0.0072044222452822
Ethiopia,2002,0.0,0.0,0.0,0.0072821502716616,0.0,0.0072821502716616,0.0072821502716616
Ethiopia,2003,0.0,0.0,0.0,0.0082277255211402,0.0,0.0082277255211402,0.0082277255211402
Ethiopia,2004,0.0,0.0,0.0,0.0090275427204104,0.0,0.0090275427204104,0.0090275427204104
Ethiopia,2005,0.0,0.0,0.0,0.0102110198448562,0.0,0.0102110198448562,0.0102110198448562
Ethiopia,2006,0.0,0.0,0.0,0.0116027336129079,0.0,0.0116027336129079,0.0116027336129079
Ethiopia,2007,0.0,0.0,0.0,0.0118690006652731,0.0,0.0118690006652731,0.0118690006652731
Ethiopia,2008,0.0,0.0,0.0,0.0117952011890036,0.0,0.0117952011890036,0.0117952011890036
Ethiopia,2009,0.0,0.0,0.0,0.0125789619797503,0.0,0.0125789619797503,0.0125789619797503
Ethiopia,2010,0.0,0.0,0.0,0.0173484010352216,0.0,0.0173484010352216,0.0173484010352216
Ethiopia,2011,0.0,0.0,0.0,0.0218445419940236,0.0,0.0218445419940236,0.0218445419940236
Ethiopia,2012,0.0,0.0,0.0,0.0261889694792845,0.0,0.0261889694792845,0.0261889694792845
Ethiopia,2013,0.0,0.0,0.0,0.0298865466366791,0.0,0.0298865466366791,0.0298865466366791
Ethiopia,2014,0.0,0.0,0.0,0.032772627511715,0.0,0.032772627511715,0.032772627511715
Ethiopia,2015,0.0,0.0,0.0,0.0359746438046744,0.0,0.0359746438046744,0.0359746438046744
Ethiopia,2016,0.0,0.0,0.0,0.0431600946583219,0.0,0.0431600946583219,0.0431600946583219
Ethiopia,2017,0.0,0.0,0.0,0.0449426961071541,0.0,0.0449426961071541,0.0449426961071541
Ethiopia,2018,0.0,0.0,0.0,0.048716763363298,0.0,0.048716763363298,0.048716763363298
Ethiopia,2019,0.0,0.0,0.0,0.0523777293247686,0.0,0.0523777293247686,0.0523777293247686
Ethiopia,2020,0.0,0.0,0.0,0.0534120372574143,0.0,0.0534120372574143,0.0534120372574143
Ethiopia,2021,0.0,0.0,0.0,0.0539331278871424,0.0,0.0539331278871424,0.0539331278871424
Ethiopia,2022,0.0001956292209802,0.0,0.0,0.0594305591833912,0.0,0.0594305591833912,0.0596261884043715
Ethiopia,2023,0.0111425269003284,0.0,0.0,0.062321422319429,0.0,0.062321422319429,0.0734639492197574
Falkland Islands,1980,0.0,0.0,0.0,0.0,0.0,0.0,0.0
Falkland Islands,1981,0.0,0.0,0.0,0.0,0.0,0.0,0.0
Falkland Islands,1982,0.0,0.0,0.0,0.0,0.0,0.0,0.0
Falkland Islands,1983,0.0,0.0,0.0,0.0,0.0,0.0,0.0
Falkland Islands,1984,0.0,0.0,0.0,0.0,0.0,0.0,0.0
Falkland Islands,1985,0.0,0.0,0.0,0.0,0.0,0.0,0.0
Falkland Islands,1986,0.0,0.0,0.0,0.0,0.0,0.0,0.0
Falkland Islands,1987,0.0,0.0,0.0,0.0,0.0,0.0,0.0
Falkland Islands,1988,0.0,0.0,0.0,0.0,0.0,0.0,0.0
Falkland Islands,1989,0.0,0.0,0.0,0.0,0.0,0.0,0.0
Falkland Islands,1990,0.0,0.0,0.0,0.0,0.0,0.0,0.0
Falkland Islands,1991,0.0,0.0,0.0,0.0,0.0,0.0,0.0
Falkland Islands,1992,0.0,0.0,0.0,0.0,0.0,0.0,0.0
Falkland Islands,1993,0.0,0.0,0.0,0.0,0.0,0.0,0.0
Falkland Islands,1994,0.0,0.0,0.0,0.0,0.0,0.0,0.0
Falkland Islands,1995,0.0,0.0,0.0,0.0,0.0,0.0,0.0
Falkland Islands,1996,0.0,0.0,0.0,0.0,0.0,0.0,0.0
Falkland Islands,1997,0.0,0.0,0.0,0.0,0.0,0.0,0.0
Falkland Islands,1998,0.0,0.0,0.0,0.0,0.0,0.0,0.0
Falkland Islands,1999,0.0,0.0,0.0,0.0,0.0,0.0,0.0
Falkland Islands,2000,0.0,0.0,0.0,6.82428326625588e-07,0.0,6.82428326625588e-07,6.82428326625588e-07
Falkland Islands,2001,0.0,0.0,0.0,6.82428326625588e-07,0.0,6.82428326625588e-07,6.82428326625588e-07
Falkland Islands,2002,0.0,0.0,0.0,6.82428326625588e-07,0.0,6.82428326625588e-07,6.82428326625588e-07
Falkland Islands,2003,0.0,0.0,0.0,1.0236424899e-06,0.0,1.0236424899e-06,1.0236424899e-06
Falkland Islands,2004,0.0,0.0,0.0,1.0236424899e-06,0.0,1.0236424899e-06,1.0236424899e-06
Falkland Islands,2005,0.0,0.0,0.0,1.0236424899e-06,0.0,1.0236424899e-06,1.0236424899e-06
Falkland Islands,2006,0.0,0.0,0.0,1.0236424899e-06,0.0,1.0236424899e-06,1.0236424899e-06
Falkland Islands,2007,0.0,0.0,0.0,1.0236424899e-06,0.0,1.0236424899e-06,1.0236424899e-06
Falkland Islands,2008,0.0,0.0,0.0,6.8242832662e-06,0.0,6.8242832662e-06,6.8242832662e-06
Falkland Islands,2009,0.0,0.0,0.0,6.8242832662e-06,0.0,6.8242832662e-06,6.8242832662e-06
Falkland Islands,2010,0.0,0.0,0.0,1.70607081656e-05,0.0,1.70607081656e-05,1.70607081656e-05
Falkland Islands,2011,0.0,0.0,0.0,2.04728497987e-05,0.0,2.04728497987e-05,2.04728497987e-05
Falkland Islands,2012,0.0,0.0,0.0,2.38849914318e-05,0.0,2.38849914318e-05,2.38849914318e-05
Falkland Islands,2013,0.0,0.0,0.0,2.38849914318e-05,0.0,2.38849914318e-05,2.38849914318e-05
Falkland Islands,2014,0.0,0.0,0.0,2.38849914318e-05,0.0,2.38849914318e-05,2.38849914318e-05
Falkland Islands,2015,0.0,0.0,0.0,2.1837706452e-05,0.0,2.1837706452e-05,2.1837706452e-05
Falkland Islands,2016,0.0,0.0,0.0,2.49086339218e-05,0.0,2.49086339218e-05,2.49086339218e-05
Falkland Islands,2017,0.0,0.0,0.0,1.70607081656e-05,0.0,1.70607081656e-05,1.70607081656e-05
Falkland Islands,2018,0.0,0.0,0.0,1.70607081656e-05,0.0,1.70607081656e-05,1.70607081656e-05
Falkland Islands,2019,0.0,0.0,0.0,1.70607081656e-05,0.0,1.70607081656e-05,1.70607081656e-05
Falkland Islands,2020,0.0,0.0,0.0,1.36485665325e-05,0.0,1.36485665325e-05,1.36485665325e-05
Falkland Islands,2021,0.0,0.0,0.0,1.36485665325e-05,0.0,1.36485665325e-05,1.36485665325e-05
Falkland Islands,2022,0.0,0.0,0.0,1.70607081656e-05,0.0,1.70607081656e-05,1.70607081656e-05
Falkland Islands,2023,0.0,0.0,0.0,1.70607081656e-05,0.0,1.70607081656e-05,1.70607081656e-05
Faroe Islands,1980,0.0,0.0,0.0,0.0001671949400232,0.0,0.0001671949400232,0.0001671949400232
Faroe Islands,1981,0.0,0.0,0.0,0.0001671949400232,0.0,0.0001671949400232,0.0001671949400232
Faroe Islands,1982,0.0,0.0,0.0,0.0001671949400232,0.0,0.0001671949400232,0.0001671949400232
Faroe Islands,1983,0.0,0.0,0.0,0.0001671949400232,0.0,0.0001671949400232,0.0001671949400232
Faroe Islands,1984,0.0,0.0,0.0,0.0001671949400232,0.0,0.0001671949400232,0.0001671949400232
Faroe Islands,1985,0.0,0.0,0.0,0.0001671949400232,0.0,0.0001671949400232,0.0001671949400232
Faroe Islands,1986,0.0,0.0,0.0,0.0001671949400232,0.0,0.0001671949400232,0.0001671949400232
Faroe Islands,1987,0.0,0.0,0.0,0.0001671949400232,0.0,0.0001671949400232,0.0001671949400232
Faroe Islands,1988,0.0,0.0,0.0,0.0002115527812539,0.0,0.0002115527812539,0.0002115527812539
Faroe Islands,1989,0.0,0.0,0.0,0.000242262055952,0.0,0.000242262055952,0.000242262055952
Faroe Islands,1990,0.0,0.0,0.0,0.0002524984808514,0.0,0.0002524984808514,0.0002524984808514
Faroe Islands,1991,0.0,0.0,0.0,0.0002524984808514,0.0,0.0002524984808514,0.0002524984808514
Faroe Islands,1992,0.0,0.0,0.0,0.0002832077555496,0.0,0.0002832077555496,0.0002832077555496
Faroe Islands,1993,0.0,0.0,0.0,0.0002505296751291,0.0,0.0002505296751291,0.0002505296751291
Faroe Islands,1994,0.0,0.0,0.0,0.0002579749681726,0.0,0.0002579749681726,0.0002579749681726
Faroe Islands,1995,0.0,0.0,0.0,0.0002578555432154,0.0,0.0002578555432154,0.0002578555432154
Faroe Islands,1996,0.0,0.0,0.0,0.0002393412627141,0.0,0.0002393412627141,0.0002393412627141
Faroe Islands,1997,0.0,0.0,0.0,0.0002580125017306,0.0,0.0002580125017306,0.0002580125017306
Faroe Islands,1998,0.0,0.0,0.0,0.0002628952764076,0.0,0.0002628952764076,0.0002628952764076
Faroe Islands,1999,0.0,0.0,0.0,0.0002389010964434,0.0,0.0002389010964434,0.0002389010964434
Faroe Islands,2000,0.0,0.0,0.0,0.000258640335791,0.0,0.000258640335791,0.000258640335791
Faroe Islands,2001,0.0,0.0,0.0,0.0002582991216277,0.0,0.0002582991216277,0.0002582991216277
Faroe Islands,2002,0.0,0.0,0.0,0.0003279068109435,0.0,0.0003279068109435,0.0003279068109435
Faroe Islands,2003,0.0,0.0,0.0,0.0002995860353886,0.0,0.0002995860353886,0.0002995860353886
Faroe Islands,2004,0.0,0.0,0.0,0.0003442850907826,0.0,0.0003442850907826,0.0003442850907826
Faroe Islands,2005,0.0,0.0,0.0,0.0003695349388677,0.0,0.0003695349388677,0.0003695349388677
Faroe Islands,2006,0.0,0.0,0.0,0.0003920550736464,0.0,0.0003920550736464,0.0003920550736464
Faroe Islands,2007,0.0,0.0,0.0,0.0004067272826688,0.0,0.0004067272826688,0.0004067272826688
Faroe Islands,2008,0.0,0.0,0.0,0.0003681700822145,0.0,0.0003681700822145,0.0003681700822145
Faroe Islands,2009,0.0,0.0,0.0,0.0003633930839281,0.0,0.0003633930839281,0.0003633930839281
Faroe Islands,2010,0.0,0.0,0.0,0.0002757010439567,0.0,0.0002757010439567,0.0002757010439567
Faroe Islands,2011,0.0,0.0,0.0,0.0003650991547446,0.0,0.0003650991547446,0.0003650991547446
Faroe Islands,2012,0.0,0.0,0.0,0.000375335579644,0.0,0.000375335579644,0.000375335579644
Faroe Islands,2013,0.0,0.0,0.0,0.0003787477212772,0.0,0.0003787477212772,0.0003787477212772
Faroe Islands,2014,0.0,0.0,0.0,0.0005322940947679,0.0,0.0005322940947679,0.0005322940947679
Faroe Islands,2015,0.0,0.0,0.0,0.000641482627028,0.0,0.000641482627028,0.000641482627028
Faroe Islands,2016,0.0,0.0,0.0,0.000535706236401,0.0,0.000535706236401,0.000535706236401
Faroe Islands,2017,0.0,0.0,0.0,0.0005800640776317,0.0,0.0005800640776317,0.0005800640776317
Faroe Islands,2018,0.0,0.0,0.0,0.0005827937909382,0.0,0.0005827937909382,0.0005827937909382
Faroe Islands,2019,0.0,0.0,0.0,0.0005288819531348,0.0,0.0005288819531348,0.0005288819531348
Faroe Islands,2020,0.0,0.0,0.0,0.0005444796005709,0.0,0.0005444796005709,0.0005444796005709
Faroe Islands,2021,0.0,0.0,0.0,0.0006210047770217,0.0,0.0006210047770217,0.0006210047770217
Faroe Islands,2022,0.0,0.0,0.0,0.0007979501217703,0.0,0.0007979501217703,0.0007979501217703
Faroe Islands,2023,0.0,0.0,0.0,0.0007979501217703,0.0,0.0007979501217703,0.0007979501217703
Fiji,1980,0.0,0.0,0.0,0.0,0.0,0.0,0.0
Fiji,1981,0.0,0.0,0.0,0.0,0.0,0.0,0.0
Fiji,1982,0.0,0.0,0.0,0.0,0.0,0.0,0.0
Fiji,1983,0.0,0.0,0.0,0.0001671949400232,0.0,0.0001671949400232,0.0001671949400232
Fiji,1984,0.0,0.0,0.0,0.0009794886571758,0.0,0.0009794886571758,0.0009794886571758
Fiji,1985,0.0,0.0,0.0,0.0009999685072651,0.0,0.0009999685072651,0.0009999685072651
Fiji,1986,0.0,0.0,0.0,0.00133152326963,0.0,0.00133152326963,0.00133152326963
Fiji,1987,0.0,0.0,0.0,0.0013889896549776,0.0,0.0013889896549776,0.0013889896549776
Fiji,1988,0.0,0.0,0.0,0.0013222588850786,0.0,0.0013222588850786,0.0013222588850786
Fiji,1989,0.0,0.0,0.0,0.0013244189747408,0.0,0.0013244189747408,0.0013244189747408
Fiji,1990,0.0,0.0,0.0,0.0015080745980236,0.0,0.0015080745980236,0.0015080745980236
Fiji,1991,0.0,0.0,0.0,0.0015087546262506,0.0,0.0015087546262506,0.0015087546262506
Fiji,1992,0.0,0.0,0.0,0.0015239352563768,0.0,0.0015239352563768,0.0015239352563768
Fiji,1993,0.0,0.0,0.0,0.00152327522898,0.0,0.00152327522898,0.00152327522898
Fiji,1994,0.0,0.0,0.0,0.001591658067454,0.0,0.001591658067454,0.001591658067454
Fiji,1995,0.0,0.0,0.0,0.0016564087551627,0.0,0.0016564087551627,0.0016564087551627
Fiji,1996,0.0,0.0,0.0,0.0016603809200415,0.0,0.0016603809200415,0.0016603809200415
Fiji,1997,0.0,0.0,0.0,0.0016715576239706,0.0,0.0016715576239706,0.0016715576239706
Fiji,1998,0.0,0.0,0.0,0.001630298735373,0.0,0.001630298735373,0.001630298735373
Fiji,1999,0.0,0.0,0.0,0.0017398216175115,0.0,0.0017398216175115,0.0017398216175115
Fiji,2000,0.0,0.0,0.0,0.0027391528983263,0.0,0.0027391528983263,0.0027391528983263
Fiji,2001,0.0,0.0,0.0,0.0029235085506662,0.0,0.0029235085506662,0.0029235085506662
Fiji,2002,0.0,0.0,0.0,0.0028583498460214,0.0,0.0028583498460214,0.0028583498460214
Fiji,2003,0.0,0.0,0.0,0.0024904225738856,0.0,0.0024904225738856,0.0024904225738856
Fiji,2004,0.0,0.0,0.0,0.0025547312432467,0.0,0.0025547312432467,0.0025547312432467
Fiji,2005,0.0,0.0,0.0,0.0024569811857813,0.0,0.0024569811857813,0.0024569811857813
Fiji,2006,0.0,0.0,0.0,0.0024534050373405,0.0,0.0024534050373405,0.0024534050373405
Fiji,2007,0.0,0.0,0.0,0.0026771963265974,0.0,0.0026771963265974,0.0026771963265974
Fiji,2008,0.0,0.0,0.0,0.0022700234254316,0.0,0.0022700234254316,0.0022700234254316
Fiji,2009,0.0,0.0,0.0,0.0019895437831221,0.0,0.0019895437831221,0.0019895437831221
Fiji,2010,0.0,0.0,0.0,0.001771705140951,0.0,0.001771705140951,0.001771705140951
Fiji,2011,0.0,0.0,0.0,0.0019060683181747,0.0,0.0019060683181747,0.0019060683181747
Fiji,2012,0.0,0.0,0.0,0.0021499108397296,0.0,0.0021499108397296,0.0021499108397296
Fiji,2013,0.0,0.0,0.0,0.0021542380193447,0.0,0.0021542380193447,0.0021542380193447
Fiji,2014,0.0,0.0,0.0,0.0017248795972896,0.0,0.0017248795972896,0.0017248795972896
Fiji,2015,0.0,0.0,0.0,0.0017482567676425,0.0,0.0017482567676425,0.0017482567676425
Fiji,2016,0.0,0.0,0.0,0.0018920033343573,0.0,0.0018920033343573,0.0018920033343573
Fiji,2017,0.0,0.0,0.0,0.0017948611021219,0.0,0.0017948611021219,0.0017948611021219
Fiji,2018,0.0,0.0,0.0,0.0027305025392622,0.0,0.0027305025392622,0.0027305025392622
Fiji,2019,0.0,0.0,0.0,0.0028011334710514,0.0,0.0028011334710514,0.0028011334710514
Fiji,2020,0.0,0.0,0.0,0.0029344600052455,0.0,0.0029344600052455,0.0029344600052455
Fiji,2021,0.0,0.0,0.0,0.0027740993489036,0.0,0.0027740993489036,0.0027740993489036
Fiji,2022,0.0,0.0,0.0,0.0024272328486523,0.0,0.0024272328486523,0.0024272328486523
Fiji,2023,0.0,0.0,0.0,0.0031165029065584,0.0,0.0031165029065584,0.0031165029065584
Finland,1980,0.0,0.0,0.0693533787597418,0.1038671913788309,0.0,0.0345138126190891,0.1038671913788309
Finland,1981,0.0,0.0,0.143405727567022,0.1895310581636455,0.0,0.0461253305966234,0.1895310581636455
Finland,1982,0.0,0.0,0.1640432992031579,0.2082578304852298,0.0,0.0442145312820718,0.2082578304852298
Finland,1983,0.0,0.0,0.1732788975596608,0.2191551418170659,0.0,0.0458762442574051,0.2191551418170659
Finland,1984,0.0,0.0,0.1844942930947181,0.229244530613191,0.0,0.0447502375184729,0.229244530613191
Finland,1985,0.0,0.0,0.1863704359707304,0.2280360974528557,0.0,0.0416656614821252,0.2280360974528557
Finland,1986,0.0,0.0,0.1865570137153062,0.2284103429872536,0.0,0.0418533292719473,0.2284103429872536
Finland,1987,0.0,0.0,0.1921128843315638,0.2387159147568252,0.0,0.0466030304252614,0.2387159147568252
Finland,1988,0.0,0.0,0.1912110918994474,0.2363503135640969,0.0,0.0451392216646495,0.2363503135640969
Finland,1989,0.0,0.0,0.1866813988783568,0.2306980259457072,0.0,0.0440166270673504,0.2306980259457072
Finland,1990,0.0,0.0,0.1892209292906387,0.2795363901564828,0.0,0.0903154608658441,0.2795363901564828
Finland,1991,0.0,0.0,0.1905106378245987,0.2872654099770615,0.0,0.0967547721524627,0.2872654099770615
Finland,1992,0.0,0.0,0.1880643722836085,0.2903016240059712,0.0,0.1022372517223627,0.2903016240059712
Finland,1993,0.0,0.0,0.1945911732017968,0.3015531870422899,0.0,0.1069620138404931,0.3015531870422899
Finland,1994,0.0,0.0,0.1896986421198163,0.2962379284134924,0.0,0.1065392862936761,0.2962379284134924
Finland,1995,0.0,0.0,0.1863596496080039,0.2982068842270373,0.0,0.1118472346190333,0.2982068842270373
Finland,1996,0.0,0.0,0.1888832379609537,0.2925108073934198,0.0,0.103627569432466,0.2925108073934198
Finland,1997,0.0,0.0,0.1943530544638279,0.3193242177984063,0.0,0.1249711633345783,0.3193242177984063
Finland,1998,0.0,0.0,0.2119324199321918,0.3616886480994276,0.0,0.1497562281672358,0.3616886480994276
Finland,1999,0.0,0.0,0.2228046755790022,0.3550746859182997,0.0,0.1322700103392975,0.3550746859182997
Finland,2000,0.0,0.0,0.2180065909273582,0.3566747748457068,0.0,0.1386681839183486,0.3566747748457068
Finland,2001,0.0,0.0,0.2208548156461001,0.3523738858149431,0.0,0.1315190701688431,0.3523738858149431
Finland,2002,0.0,0.0,0.2162200700464269,0.3455665690349419,0.0,0.129346498988515,0.3455665690349419
Finland,2003,0.0,0.0,0.2204464680161729,0.3499679242669141,0.0,0.1295214562507411,0.3499679242669141
Finland,2004,0.0,0.0,0.2203035463456984,0.3782754517274873,0.0,0.1579719053817888,0.3782754517274873
Finland,2005,0.0,0.0,0.2282254903662852,0.3725023082946864,0.0,0.1442768179284011,0.3725023082946864
Finland,2006,0.0,0.0,0.2245809877691853,0.3730681956685252,0.0,0.1484872078993398,0.3730681956685252
Finland,2007,0.0,0.0,0.2297465852877638,0.3807154865246923,0.0,0.1509689012369285,0.3807154865246923
Finland,2008,0.0,0.0,0.2251016309973424,0.3928529201318184,0.0,0.1677512891344759,0.3928529201318184
Finland,2009,0.0,0.0,0.230726619599589,0.3722138680575238,0.0,0.1414872484579348,0.3722138680575238
Finland,2010,0.0,0.0,0.2234580317868857,0.3905171947754977,0.0,0.167059162988612,0.3905171947754977
Finland,2011,0.0,0.0,0.2273067081989491,0.3915390592400766,0.0,0.1642323510411275,0.3915390592400766
Finland,2012,0.0,0.0,0.2252343439770688,0.4037355655024,0.0,0.1785012215253311,0.4037355655024
Finland,2013,0.0,0.0,0.2314616453334578,0.4083208432633083,0.0,0.1768591979298504,0.4083208432633083
Finland,2014,0.0,0.0,0.231186010683257,0.4102479326359128,0.0,0.1790619219526557,0.4102479326359128
Finland,2015,0.0,0.0,0.2279192296438398,0.4196276569940358,0.0,0.1917084273501959,0.4196276569940358
Finland,2016,0.0,0.0,0.2274496298694236,0.4059885465182982,0.0,0.1785389166488746,0.4059885465182982
Finland,2017,0.0,0.0,0.2202422942012094,0.4124978893669019,0.0,0.1922555951656926,0.4124978893669019
Finland,2018,0.0,0.0,0.2233763622609002,0.4221500985122485,0.0,0.1987737362513482,0.4221500985122485
Finland,2019,0.0,0.0,0.2339321484945171,0.4340891487183085,0.0,0.2001570002237914,0.4340891487183085
Finland,2020,0.0,0.0,0.2283472163027929,0.4299377834587973,0.0,0.2015905671560043,0.4299377834587973
Finland,2021,0.0,0.0,0.2319352833604122,0.4677885329976908,0.0,0.2358532496372786,0.4677885329976908
Finland,2022,0.0,0.0,0.2482436653559706,0.4793499935541087,0.0,0.2311063281981381,0.4793499935541087
Finland,2023,0.0,0.0,0.3358298478877379,0.5620117771469635,0.0,0.2261819292592255,0.5620117771469635
Former Czechoslovakia,1980,1.9779076894806324,0.018558,0.0554333009571848,0.071811580796199,0.0,0.0163782798390141,2.0682772702768317
Former Czechoslovakia,1981,1.9418940296703109,0.023828,0.0628244077514762,0.0771554026106135,0.0,0.0143309948591373,2.042877432280924
Former Czechoslovakia,1982,1.9764938316539369,0.023828,0.0714473656781494,0.0840722897207228,0.0,0.0126249240425733,2.0843941213746597
Former Czechoslovakia,1983,2.0400380043144866,0.021756,0.0763685699503131,0.089675922319512,0.0,0.0133073523691989,2.1514699266339985
Former Czechoslovakia,1984,2.0844315518599186,0.026936,0.0899178323608525,0.1008366855868619,0.0,0.0109188532260094,2.2122042374467807
Former Czechoslovakia,1985,2.03987914379064,0.024525,0.1460666630186538,0.1607388720411039,0.0,0.0146722090224501,2.225143015831744
Former Czechoslovakia,1986,2.0331752336314253,0.024525,0.219713720002849,0.2333622865353607,0.0,0.0136485665325117,2.2910625201667862
Former Czechoslovakia,1987,2.0296803041235085,0.023138,0.256954581817857,0.2735137051634269,0.0,0.0165591233455698,2.326332009286935
Former Czechoslovakia,1988,1.9932377211004928,0.031186,0.269400934448186,0.2842608112604582,0.0,0.0148598768122721,2.308684532360952
Former Czechoslovakia,1989,1.9003520267415015,0.03018,0.2842653654494961,0.2986953124159942,0.0,0.014429946966498,2.229227339157496
Former Czechoslovakia,1990,1.6858248207599116,0.02515,0.2872235222383613,0.3005957052985896,0.0,0.0133721830602283,2.011570526058501
Former Czechoslovakia,1991,1.59343170770357,0.01948,0.276446502899674,0.2870889726534001,0.0,0.010642469753726,1.90000068035697
Former Czechoslovakia,1992,1.4307270543467734,0.00963286,0.2855910124752116,0.2978815466377384,0.0,0.0122905341625268,1.7382414609845118
Former Serbia and Montenegro,1992,0.5279500949484108,0.031280172,0.0,0.0383183505400267,0.0490175999999997,0.0383183505400267,0.6465662174884373
Former Serbia and Montenegro,1993,0.50659295717541,0.03556976241,0.0,0.0354692122763649,0.0488836721311472,0.0354692122763649,0.6265156039929222
Former Serbia and Montenegro,1994,0.4638374516337073,0.0291066,0.0,0.0375881522305373,0.0458231291803276,0.0375881522305373,0.5763553330445723
Former Serbia and Montenegro,1995,0.5579105584909733,0.033504,0.0,0.0411879616534873,0.0453130386885243,0.0411879616534873,0.6779155588329849
Former Serbia and Montenegro,1996,0.5569760119217557,0.024810094155,0.0,0.0486776125382031,0.0437833727999997,0.0486776125382031,0.6742470914149586
Former Serbia and Montenegro,1997,0.590660918409288,0.02543866584,0.0,0.0431158216762046,0.0416148826229506,0.0431158216762046,0.7008302885484433
Former Serbia and Montenegro,1998,0.6057510968357713,0.03483026631,0.0,0.0435491636636118,0.0388093849180325,0.0435491636636118,0.7229399117274158
Former Serbia and Montenegro,1999,0.4549042858985396,0.025105892595,0.0,0.0451869916475133,0.0361314098360653,0.0451869916475133,0.5613285799771183
Former Serbia and Montenegro,2000,0.5097951535081701,0.020077319115,0.0,0.0405362426015599,0.0426239999999997,0.0405362426015599,0.6130327152247297
Former Serbia and Montenegro,2001,0.4994326812553755,0.02225883261,0.0,0.0420580577699349,0.0382567868852457,0.0420580577699349,0.6020063585205562
Former Serbia and Montenegro,2002,0.5277164583061065,0.022184883,0.0,0.0396934436181773,0.034006032786885,0.0396934436181773,0.6236008177111688
Former Serbia and Montenegro,2003,0.5535676656104918,0.01220168565,0.0,0.0332752052062636,0.0,0.0332752052062636,0.5990445564667555
Former Serbia and Montenegro,2004,0.5656343110189183,0.0088739532,0.0,0.0375676793807386,0.0308890679999998,0.0375676793807386,0.6429650115996567
Former Serbia and Montenegro,2005,0.5002160511736902,0.00924370125,0.0,0.04064543113382,0.0290228486885244,0.04064543113382,0.5791280322460347
Former U.S.S.R.,1980,17.152564542977498,15.9848,0.8326730749681325,1.4605924390045015,0.0,0.6279193640363692,34.597956981982
Former U.S.S.R.,1981,16.865091394212335,16.41357,0.7345603878992282,1.3657827050364653,0.0,0.631222317137237,34.6444440992488
Former U.S.S.R.,1982,17.20047673443816,17.66232,1.1234526242126504,1.722146995161279,0.0,0.5986943709486283,36.58494372959944
Former U.S.S.R.,1983,17.152564542977498,18.908073,1.2516935103477678,1.8665136626545589,0.0,0.614820152306791,37.92715120563206
Former U.S.S.R.,1984,17.056740160055803,21.407808,1.6248846358802502,2.318078269358357,0.0,0.6931936334781067,40.78262642941416
Former U.S.S.R.,1985,17.3921255002814,23.433624,1.9495532485320772,2.649199241838429,0.0,0.6996459933063516,43.47494874211983
Former U.S.S.R.,1986,17.991027893542093,24.82407,1.744899801372363,2.473313560787616,0.0,0.7284137594152532,45.2884114543297
Former U.S.S.R.,1987,18.2066327551158,26.017308,2.031217322181597,2.773242114571398,0.0,0.7420247923898006,46.9971828696872
Former U.S.S.R.,1988,18.47014980815037,27.898992,2.3290713962321816,3.108786705101513,0.0,0.7797153088693318,49.47792851325189
Former U.S.S.R.,1989,17.751466936237687,28.841886,2.433933165474332,3.188098357794802,0.0,0.7541651923204699,49.78145129403249
Former U.S.S.R.,1990,17.03278406432538,29.530332,2.3076711660764677,3.094842004414184,0.0,0.7871708383377164,49.65795806873957
Former U.S.S.R.,1991,15.248816378360468,28.966476,2.3110420830575715,3.1049757861121474,0.0,0.793933703054576,47.320268164472616
Former Yugoslavia,1980,0.9088727990543616,0.071808,0.0,0.0950895630320094,0.0,0.0950895630320094,1.0757703620863712
Former Yugoslavia,1981,1.1548555812818475,0.07035,0.0031160573430917,0.0885697324031478,0.0,0.0854536750600561,1.3137753136849954
Former Yugoslavia,1982,1.2155297730817185,0.0651,0.0271460907954745,0.1066319301391899,0.0,0.0794858393437153,1.3872617032209082
Former Yugoslavia,1983,1.2992699511864054,0.059416,0.041968112036416,0.1157488505695414,0.0,0.0737807385331254,1.4744348017559468
Former Yugoslavia,1984,1.4134502529577704,0.07488,0.0473746764551864,0.1348790486367525,0.1747625000000003,0.087504372181566,1.7979718015945234
Former Yugoslavia,1985,1.520118563123595,0.087002,0.0459220421584106,0.1290520487663066,0.1785293023255805,0.083130006607896,1.9147019142154824
Former Yugoslavia,1986,1.5074392912874222,0.091246,0.0459220421584106,0.1396672213869676,0.1785300000000002,0.093745179228557,1.9168825126743905
Former Yugoslavia,1987,1.5459325829920636,0.081697,0.0481822639769915,0.1368297036056554,0.1679099999999987,0.0886474396286638,1.9323692865977176
Former Yugoslavia,1988,1.56443532923312,0.113527,0.04432242076041,0.1317141922680828,0.1603582426229499,0.0873917715076728,1.970034764124153
Former Yugoslavia,1989,1.5895004858234894,0.107161,0.0506460712461139,0.1299988370661373,0.146097836065573,0.0793527658200233,1.9727581589552
Former Yugoslavia,1990,1.6185550762285963,0.099734,0.0499409159761253,0.1168223041270661,0.1355350032786878,0.0668813881509407,1.9706463836343504
Former Yugoslavia,1991,1.505291049770411,0.097612,0.041857722454302,0.1064461514277808,0.119318085245901,0.0645884289734787,1.828667286444093
France,1980,0.5378316602896396,0.27888,0.719511721904385,0.96077759065124,0.0,0.241265868746855,1.7774892509408795
France,1981,0.5407249866727202,0.262902,1.020872819973336,1.2700492147585134,0.0,0.2491763947851776,2.0736762014312338
France,1982,0.518405274898439,0.2435,1.0557677724129948,1.3030136762101074,0.0,0.2472459037971127,2.0649189511085466
France,1983,0.5095730342961501,0.246259,1.403046434454473,1.6425791295998864,0.0,0.2395326951454131,2.398411163896036
France,1984,0.4939141807729544,0.234156,1.874078270313524,2.103674160511149,0.1169563800000001,0.2295958901976257,2.948700721284104
France,1985,0.4404262575261413,0.198162,2.1460109898524946,2.361387089806928,0.1393562854794518,0.2153760999544332,3.139331632812521
France,1986,0.4293762238332834,0.155979,2.434249880237338,2.652947292054685,0.1494586587123288,0.2186974118173471,3.3877611746002976
France,1987,0.4103183329593557,0.14472,2.532886801515124,2.778029015018436,0.158057485658587,0.2451422135033119,3.4911248336363787
France,1988,0.3578664067814107,0.119328,2.6448859924416466,2.907818362388955,0.1601691829035161,0.2629323699473083,3.545181952073882
France,1989,0.3541239403717999,0.114804,2.9337548909772293,3.107390874359013,0.1556349415532999,0.1736359833817835,3.731953756284113
France,1990,0.3326578158125733,0.110999,3.107128673475428,3.305969179060946,0.1472203332644164,0.1988405055855176,3.896846328137936
France,1991,0.3137210141094667,0.125514,3.27534902006186,3.488059445367944,0.1427320604473542,0.2127104253060842,4.070026519924765
France,1992,0.286560174869762,0.12274076,3.3436543875201488,3.5978587355667697,0.1382587798544172,0.2542043480466209,4.145418450290949
France,1993,0.2658431806493213,0.12716576,3.636453427990312,3.876258361561739,0.1382909326258061,0.239804933571427,4.407558234836866
France,1994,0.2346271633079952,0.13125582554,3.541370607238165,3.830351939255348,0.1393063594469492,0.288981332017183,4.335541287550292
France,1995,0.2185184177164207,0.1231464,3.711070213726563,3.9828191704524496,0.1254902986920099,0.271748956725886,4.44997428686088
France,1996,0.2105484452038632,0.10609162788,3.9066302356438873,4.154679144831526,0.1085586770563043,0.2480489091876384,4.579877894971693
France,1997,0.176814236153025,0.09379035393,3.888373841847044,4.135729312052439,0.0923135656565957,0.2473554702053944,4.498647467792059
France,1998,0.1453697054074378,0.08100088542,3.811327219463742,4.053239545037466,0.0822565714518123,0.2419123255737242,4.361866707316716
France,1999,0.132134739041371,0.07358007384,3.87177627309366,4.153684048719587,0.0774459718679736,0.2819077756259266,4.436844833468931
France,2000,0.0896723267031113,0.06632157,4.077205817428769,4.356425044540426,0.0726284664172387,0.2792192271116569,4.585047407660777
France,2001,0.0595172652664631,0.06819361815,4.135241317725535,4.448298907954006,0.07041855129201,0.3130575902284715,4.646428342662479
France,2002,0.0420181308884238,0.0665087395,4.289313475976866,4.55845962748425,0.0669137297793401,0.2691461515073846,4.733900227652015
France,2003,0.0450562138213188,0.0574257215,4.33164610399882,4.600561107723489,0.0602459645889881,0.2689150037246681,4.763289007633795
France,2004,0.0042935445949179,0.049638764,4.402066094740103,4.675779099292215,0.0569792669364606,0.2737130045521118,4.786690674823594
France,2005,0.0,0.04008429075,4.45738279621641,4.713675865271878,0.0515950023517538,0.2562930690554687,4.805355158373632
France,2006,0.0,0.0442193241,4.443323608399595,4.721653558116036,0.0477781913806821,0.2783299497164414,4.813651073596718
France,2007,0.0,0.0393606864,4.343141557566687,4.657906764372233,0.0436528908074629,0.3147652068055458,4.740920341579695
France,2008,0.0,0.0341792696,4.33974047463159,4.723821477964433,0.0434920741791047,0.3840810033328435,4.801492821743538
France,2009,0.0,0.0325067512,4.04980073882408,4.43580876397824,0.0404827532032463,0.3860080251541599,4.508798268381487
France,2010,0.0,0.0274857833380723,4.23502745149749,4.64708969145185,0.0403418968293779,0.4120622399543601,4.7149173716193005
France,2011,0.0,0.0227139418064639,4.372078836583327,4.740142290716661,0.039796078380638,0.3680634541333341,4.802652310903763
France,2012,0.0,0.0199028490190503,4.203898995685729,4.64950139696607,0.0365138146570428,0.4456024012803412,4.705918060642163
France,2013,0.0,0.0127570088143304,4.191591938089438,4.681407483709366,0.035881444990213,0.489815545619928,4.73004593751391
France,2014,0.0,0.0006709610463463,4.317923837591532,4.7933291946819,0.0344552742047959,0.4754053570903682,4.828455429933042
France,2015,0.0,0.0008435228888257,4.327611245621009,4.803199136824745,0.0363531697912081,0.4755878912037352,4.840395829504779
France,2016,0.0,0.0008033554734389,3.98718451374527,4.48401830391807,0.0359088786072916,0.4968337901727999,4.5207305379988005
France,2017,0.0,0.0006426858118921,3.936161049867827,4.410855225866245,0.0325612338667321,0.4746941759984174,4.444059145544869
France,2018,0.0,0.000352098497867,4.081942523561579,4.642775784261459,0.0333361786836312,0.5608332606998802,4.676464061442958
France,2019,0.0,0.0006520267017043,3.940002787242861,4.494010884513875,0.0311857244237829,0.5540080972710141,4.525848635639362
France,2020,0.0,0.0007076641379477,3.469445711426837,4.056654881146987,0.0277912325389447,0.5872091697201501,4.08515377782388
France,2021,0.0,0.0009083097017512,3.731034359705185,4.292973318847609,0.0279197405040373,0.5619389591424244,4.321801369053397
France,2022,0.0,0.0008086599535588,2.885510080697602,3.4170448999602128,0.0256400035690402,0.5315348192626108,3.443493563482812
France,2023,0.0,0.0007201050595402,3.317968679764184,3.929738424971208,0.02520966387081,0.611769745207024,3.955668193901558
French Guiana,1980,0.0,0.0,0.0,0.0,0.0,0.0,0.0
French Guiana,1981,0.0,0.0,0.0,0.0,0.0,0.0,0.0
French Guiana,1982,0.0,0.0,0.0,0.0,0.0,0.0,0.0
French Guiana,1983,0.0,0.0,0.0,0.0,0.0,0.0,0.0
French Guiana,1984,0.0,0.0,0.0,0.0,0.0,0.0,0.0
French Guiana,1985,0.0,0.0,0.0,0.0,0.0,0.0,0.0
French Guiana,1986,0.0,0.0,0.0,0.0,0.0,0.0,0.0
French Guiana,1987,0.0,0.0,0.0,0.0,0.0,0.0,0.0
French Guiana,1988,0.0,0.0,0.0,0.0,0.0,0.0,0.0
French Guiana,1989,0.0,0.0,0.0,0.0,0.0,0.0,0.0
French Guiana,1990,0.0,0.0,0.0,0.0,0.0,0.0,0.0
French Guiana,1991,0.0,0.0,0.0,0.0,0.0,0.0,0.0
French Guiana,1992,0.0,0.0,0.0,0.0,0.0,0.0,0.0
French Guiana,1993,0.0,0.0,0.0,0.0,0.0,0.0,0.0
French Guiana,1994,0.0,0.0,0.0,0.0,0.0,0.0,0.0
French Guiana,1995,0.0,0.0,0.0,0.0,0.0,0.0,0.0
French Guiana,1996,0.0,0.0,0.0,0.0,0.0,0.0,0.0
French Guiana,1997,0.0,0.0,0.0,0.0,0.0,0.0,0.0
French Guiana,1998,0.0,0.0,0.0,0.0,0.0,0.0,0.0
French Guiana,1999,0.0,0.0,0.0,0.0,0.0,0.0,0.0
French Guiana,2000,0.0,0.0,0.0,0.0,0.0,0.0,0.0
French Guiana,2001,0.0,0.0,0.0,0.0018084350655578,0.0,0.0018084350655578,0.0018084350655578
French Guiana,2002,0.0,0.0,0.0,0.0018732657565872,0.0,0.0018732657565872,0.0018732657565872
French Guiana,2003,0.0,0.0,0.0,0.001948332872516,0.0,0.001948332872516,0.001948332872516
French Guiana,2004,0.0,0.0,0.0,0.0020233999884448,0.0,0.0020233999884448,0.0020233999884448
French Guiana,2005,0.0,0.0,0.0,0.0021018792460068,0.0,0.0021018792460068,0.0021018792460068
French Guiana,2006,0.0,0.0,0.0,0.0021803585035687,0.0,0.0021803585035687,0.0021803585035687
French Guiana,2007,0.0,0.0,0.0,0.0022622499027638,0.0,0.0022622499027638,0.0022622499027638
French Guiana,2008,0.0,0.0,0.0,0.0023509655852251,0.0,0.0023509655852251,0.0023509655852251
French Guiana,2009,0.0,0.0,0.0,0.0024841111119058,0.0,0.0024841111119058,0.0024841111119058
French Guiana,2010,0.0,0.0,0.0,0.002622548858259,0.0,0.002622548858259,0.002622548858259
French Guiana,2011,0.0,0.0,,0.0,0.0,0.0,0.0
French Guiana,2012,0.0,,,0.0,0.0,0.0,0.0
French Guiana,2013,0.0,,,0.0,0.0,0.0,0.0
French Guiana,2014,0.0,,,0.0,0.0,0.0,0.0
French Guiana,2015,0.0,,,0.0,0.0,0.0,0.0
French Guiana,2016,0.0,,,0.0,0.0,0.0,0.0
French Guiana,2017,0.0,,,0.0,0.0,0.0,0.0
French Guiana,2018,0.0,,,0.0,0.0,0.0,0.0
French Guiana,2019,0.0,,,0.0,0.0,0.0,0.0
French Guiana,2020,0.0,,,0.0,0.0,0.0,0.0
French Guiana,2021,0.0,,,0.0,0.0,0.0,0.0
French Guiana,2022,0.0,,,0.0,0.0,0.0,0.0
French Guiana,2023,0.0,,,0.0,0.0,0.0,0.0
French Polynesia,1980,0.0,0.0,0.0,0.0,0.0,0.0,0.0
French Polynesia,1981,0.0,0.0,0.0,0.0,0.0,0.0,0.0
French Polynesia,1982,0.0,0.0,0.0,0.0,0.0,0.0,0.0
French Polynesia,1983,0.0,0.0,0.0,5.459426613e-05,0.0,5.459426613e-05,5.459426613e-05
French Polynesia,1984,0.0,0.0,0.0,8.1891399195e-05,0.0,8.1891399195e-05,8.1891399195e-05
French Polynesia,1985,0.0,0.0,0.0,0.00010918853226,0.0,0.00010918853226,0.00010918853226
French Polynesia,1986,0.0,0.0,0.0,0.0001194249571594,0.0,0.0001194249571594,0.0001194249571594
French Polynesia,1987,0.0,0.0,0.0,0.0001194249571594,0.0,0.0001194249571594,0.0001194249571594
French Polynesia,1988,0.0,0.0,0.0,0.0001979042147214,0.0,0.0001979042147214,0.0001979042147214
French Polynesia,1989,0.0,0.0,0.0,0.0002183770645201,0.0,0.0002183770645201,0.0002183770645201
French Polynesia,1990,0.0,0.0,0.0,0.0002354377726858,0.0,0.0002354377726858,0.0002354377726858
French Polynesia,1991,0.0,0.0,0.0,0.0002524984808514,0.0,0.0002524984808514,0.0002524984808514
French Polynesia,1992,0.0,0.0,0.0,0.0003070927469815,0.0,0.0003070927469815,0.0003070927469815
French Polynesia,1993,0.0,0.0,0.0,0.000320741313514,0.0,0.000320741313514,0.000320741313514
French Polynesia,1994,0.0,0.0,0.0,0.0003275655967802,0.0,0.0003275655967802,0.0003275655967802
French Polynesia,1995,0.0,0.0,0.0,0.0004265177041409,0.0,0.0004265177041409,0.0004265177041409
French Polynesia,1996,0.0,0.0,0.0,0.000453814837206,0.0,0.000453814837206,0.000453814837206
French Polynesia,1997,0.0,0.0,0.0,0.000453814837206,0.0,0.000453814837206,0.000453814837206
French Polynesia,1998,0.0,0.0,0.0,0.0005152333866023,0.0,0.0005152333866023,0.0005152333866023
French Polynesia,1999,0.0,0.0,0.0,0.0002968563220821,0.0,0.0002968563220821,0.0002968563220821
French Polynesia,2000,0.0,0.0,0.0,0.0003958084294428,0.0,0.0003958084294428,0.0003958084294428
French Polynesia,2001,0.0,0.0,0.0,0.0003582748714784,0.0,0.0003582748714784,0.0003582748714784
French Polynesia,2002,0.0,0.0,0.0,0.0004469905539397,0.0,0.0004469905539397,0.0004469905539397
French Polynesia,2003,0.0,0.0,0.0,0.0005254698115017,0.0,0.0005254698115017,0.0005254698115017
French Polynesia,2004,0.0,0.0,0.0,0.0006073612106967,0.0,0.0006073612106967,0.0006073612106967
French Polynesia,2005,0.0,0.0,0.0,0.0006107733523299,0.0,0.0006107733523299,0.0006107733523299
French Polynesia,2006,0.0,0.0,0.0,0.0006824283266255,0.0,0.0006824283266255,0.0006824283266255
French Polynesia,2007,0.0,0.0,0.0,0.0007609075841875,0.0,0.0007609075841875,0.0007609075841875
French Polynesia,2008,0.0,0.0,0.0,0.0007233740262231,0.0,0.0007233740262231,0.0007233740262231
French Polynesia,2009,0.0,0.0,0.0,0.0007199618845899,0.0,0.0007199618845899,0.0007199618845899
French Polynesia,2010,0.0,0.0,0.0,0.0009461868748663,0.0,0.0009461868748663,0.0009461868748663
French Polynesia,2011,0.0,0.0,0.0,0.0007858162181093,0.0,0.0007858162181093,0.0007858162181093
French Polynesia,2012,0.0,0.0,0.0,0.0007209855270799,0.0,0.0007209855270799,0.0007209855270799
French Polynesia,2013,0.0,0.0,0.0,0.0005810877201216,0.0,0.0005810877201216,0.0005810877201216
French Polynesia,2014,0.0,0.0,0.0,0.0006640027618066,0.0,0.0006640027618066,0.0006640027618066
French Polynesia,2015,0.0,0.0,0.0,0.0006790161849924,0.0,0.0006790161849924,0.0006790161849924
French Polynesia,2016,0.0,0.0,0.0,0.0007404347343887,0.0,0.0007404347343887,0.0007404347343887
French Polynesia,2017,0.0,0.0,0.0,0.0007237152403864,0.0,0.0007237152403864,0.0007237152403864
French Polynesia,2018,0.0,0.0,0.0,0.0006892526098918,0.0,0.0006892526098918,0.0006892526098918
French Polynesia,2019,0.0,0.0,0.0,0.0006827695407889,0.0,0.0006827695407889,0.0006827695407889
French Polynesia,2020,0.0,0.0,0.0,0.0006930059656882,0.0,0.0006930059656882,0.0006930059656882
French Polynesia,2021,0.0,0.0,0.0,0.0006452359828244,0.0,0.0006452359828244,0.0006452359828244
French Polynesia,2022,0.0,0.0,0.0,0.0008260794893802,0.0,0.0008260794893802,0.0008260794893802
French Polynesia,2023,0.0,0.0,0.0,0.0008260794893802,0.0,0.0008260794893802,0.0008260794893802
Gabon,1980,0.0,0.0026175,0.0,0.0008769203997138,0.0,0.0008769203997138,0.0034944203997138
Gabon,1981,0.0,0.0021987,0.0,0.0013921537863161,0.0,0.0013921537863161,0.0035908537863161
Gabon,1982,0.0,0.002094,0.0,0.0016446522671676,0.0,0.0016446522671676,0.0037386522671676
Gabon,1983,0.0,0.0055491,0.0,0.0018459686235222,0.0,0.0018459686235222,0.0073950686235222
Gabon,1984,0.0,0.0055491,0.0,0.0020609335464092,0.3416903090738248,0.0020609335464092,0.349300342620234
Gabon,1985,0.0,0.002094,0.0,0.0022520134778644,0.3717991279069778,0.0022520134778644,0.3761451413848422
Gabon,1986,0.0,0.001047,0.0,0.00226907418603,0.3502438314903475,0.00226907418603,0.3535599056763776
Gabon,1987,0.0,0.0042927,0.0,0.0022793106109294,0.3342463717189595,0.0022793106109294,0.340818382329889
Gabon,1988,0.0,0.0036645,0.0,0.0022827227525625,0.3598897714285718,0.0022827227525625,0.3658369941811344
Gabon,1989,0.0,0.0033504,0.0,0.0023646141517576,0.46244793442623,0.0023646141517576,0.4681629485779877
Gabon,1990,0.0,0.003141,0.0,0.0024128821552935,0.5790078950819679,0.0024128821552935,0.5845617772372614
Gabon,1991,0.0,0.0037153759999999,0.0,0.0024719906088011,0.62784343325527,0.0024719906088011,0.6340307998640712
Gabon,1992,0.0,0.0036974805,0.0,0.0024985357106503,0.6287855222482444,0.0024985357106503,0.6349815384588947
Gabon,1993,0.0,0.0036974805,0.0,0.002481210991526,0.636039607494146,0.002481210991526,0.642218298985672
Gabon,1994,0.0,0.00369591,0.0,0.0026144205208634,0.7403641873536309,0.0026144205208634,0.7466745178744942
Gabon,1995,0.0,0.00369591,0.0,0.0027645187512266,0.7921790819672141,0.0027645187512266,0.7986395107184407
Gabon,1996,0.0,0.0036974805,0.0,0.0026724349289586,0.799515600000001,0.0026724349289586,0.8058855154289596
Gabon,1997,0.0,0.0036974805,0.0,0.002804619415748,0.8080179531615934,0.002804619415748,0.8145200530773414
Gabon,1998,0.0,0.0036974805,0.0,0.0028147438359982,0.7661097131147551,0.0028147438359982,0.7726219374507532
Gabon,1999,0.0,0.0036974805,0.0,0.0028797775354542,0.6838682880562069,0.0028797775354542,0.6904455460916612
Gabon,2000,0.0,0.0029579844,0.0,0.0027840625624623,0.5939161825451997,0.0027840625624623,0.5996582295076621
Gabon,2001,0.0,0.0029579844,0.0,0.0030374850816693,0.5629494347194386,0.0030374850816693,0.568944904201108
Gabon,2002,0.0,0.00332773245,0.0,0.0031899114086685,0.5507629895583145,0.0031899114086685,0.5572806334169831
Gabon,2003,0.0,0.00332773245,0.0,0.0031212215574509,0.5879150697718977,0.0031212215574509,0.5943640237793486
Gabon,2004,0.0,0.0036974805,0.0,0.003096464529822,0.588819622406558,0.003096464529822,0.5956135674363802
Gabon,2005,0.0,0.0036974805,0.0,0.0028233571935264,0.5802679391100709,0.0028233571935264,0.5867887768035973
Gabon,2006,0.0,0.0036974805,0.0,0.0032731198625327,0.5200920046838414,0.0032731198625327,0.527062605046374
Gabon,2007,0.0,0.0029579844,0.0,0.0027849035973725,0.5286885667447313,0.0027849035973725,0.5344314547421039
Gabon,2008,0.0,0.0029579844,0.0,0.0030985806176578,0.5347414885245908,0.0030985806176578,0.5407980535422486
Gabon,2009,0.0,0.0029579843999999,0.0,0.0032684356680984,0.5203687433255275,0.0032684356680984,0.526595163393626
Gabon,2010,0.0,0.0029579843999999,0.0,0.0031421544263444,0.5284236042154573,0.0031421544263444,0.5345237430418017
Gabon,2011,0.0,0.00258823635,0.0,0.0029263494685887,0.5187024234192044,0.0029263494685887,0.5242170092377931
Gabon,2012,0.0,0.014235299925,0.0,0.003159987166556,0.495656571428572,0.003159987166556,0.513051858520128
Gabon,2013,0.0,0.01175798799,0.0,0.0032652935376731,0.4728109133489467,0.0032652935376731,0.4878341948766198
Gabon,2014,0.0,0.0155294181,0.0,0.0027838715545339,0.4728109133489467,0.0027838715545339,0.4911242030034806
Gabon,2015,0.0,0.01397647629,0.0,0.0032016548961239,0.45847349648712,0.0032016548961239,0.475651627673244
Gabon,2016,0.0,0.0140134507809,0.0,0.0029097487795178,0.4543224168618272,0.0029097487795178,0.471245616422245
Gabon,2017,0.0,0.01800558910863,0.0,0.0032752870524896,0.4273551194379396,0.0032752870524896,0.4486359955990593
Gabon,2018,0.0,0.01959284854233,0.0,0.0045409356877576,0.4208782576112417,0.0045409356877576,0.4450120418413293
Gabon,2019,0.0,0.0171561637776,0.0,0.0045764699627346,0.4336553395784548,0.0045764699627346,0.4553879733187895
Gabon,2020,0.0,0.0185611944318,0.0,0.0049485724081759,0.3741859718969559,0.0049485724081759,0.3976957387369319
Gabon,2021,0.0,0.0167864188686,0.0,0.0047725058999065,0.3761879110070262,0.0047725058999065,0.3977468357755327
Gabon,2022,0.0,0.0171191892867,0.0,0.0053043187357161,0.4208193770491808,0.0053043187357161,0.443242885071597
Gabon,2023,0.0,0.0171191892867,0.0,0.005296610854755,0.4390134707259958,0.005296610854755,0.4614292708674508
"Gambia, The",1980,0.0,0.0,0.0,0.0,0.0,0.0,0.0
"Gambia, The",1981,0.0,0.0,0.0,0.0,0.0,0.0,0.0
"Gambia, The",1982,0.0,0.0,0.0,0.0,0.0,0.0,0.0
"Gambia, The",1983,0.0,0.0,0.0,0.0,0.0,0.0,0.0
"Gambia, The",1984,0.0,0.0,0.0,0.0,0.0,0.0,0.0
"Gambia, The",1985,0.0,0.0,0.0,0.0,0.0,0.0,0.0
"Gambia, The",1986,0.0,0.0,0.0,0.0,0.0,0.0,0.0
"Gambia, The",1987,0.0,0.0,0.0,0.0,0.0,0.0,0.0
"Gambia, The",1988,0.0,0.0,0.0,0.0,0.0,0.0,0.0
"Gambia, The",1989,0.0,0.0,0.0,0.0,0.0,0.0,0.0
"Gambia, The",1990,0.0,0.0,0.0,0.0,0.0,0.0,0.0
"Gambia, The",1991,0.0,0.0,0.0,0.0,0.0,0.0,0.0
"Gambia, The",1992,0.0,0.0,0.0,0.0,0.0,0.0,0.0
"Gambia, The",1993,0.0,0.0,0.0,0.0,0.0,0.0,0.0
"Gambia, The",1994,0.0,0.0,0.0,0.0,0.0,0.0,0.0
"Gambia, The",1995,0.0,0.0,0.0,0.0,0.0,0.0,0.0
"Gambia, The",1996,0.0,0.0,0.0,0.0,0.0,0.0,0.0
"Gambia, The",1997,0.0,0.0,0.0,0.0,0.0,0.0,0.0
"Gambia, The",1998,0.0,0.0,0.0,0.0,0.0,0.0,0.0
"Gambia, The",1999,0.0,0.0,0.0,0.0,0.0,0.0,0.0
"Gambia, The",2000,0.0,0.0,0.0,0.0,0.0,0.0,0.0
"Gambia, The",2001,0.0,0.0,0.0,0.0,0.0,0.0,0.0
"Gambia, The",2002,0.0,0.0,0.0,0.0,0.0,0.0,0.0
"Gambia, The",2003,0.0,0.0,0.0,0.0,0.0,0.0,0.0
"Gambia, The",2004,0.0,0.0,0.0,0.0,0.0,0.0,0.0
"Gambia, The",2005,0.0,0.0,0.0,3.4121416331e-06,0.0,3.4121416331e-06,3.4121416331e-06
"Gambia, The",2006,0.0,0.0,0.0,3.4121416331e-06,0.0,3.4121416331e-06,3.4121416331e-06
"Gambia, The",2007,0.0,0.0,0.0,6.8242832662e-06,0.0,6.8242832662e-06,6.8242832662e-06
"Gambia, The",2008,0.0,0.0,0.0,6.8242832662e-06,0.0,6.8242832662e-06,6.8242832662e-06
"Gambia, The",2009,0.0,0.0,0.0,1.05776390626e-05,0.0,1.05776390626e-05,1.05776390626e-05
"Gambia, The",2010,0.0,0.0,0.0,1.12600673893e-05,0.0,1.12600673893e-05,1.12600673893e-05
"Gambia, The",2011,0.0,0.0,0.0,1.22837098792e-05,0.0,1.22837098792e-05,1.22837098792e-05
"Gambia, The",2012,0.0,0.0,0.0,1.05776390626e-05,0.0,1.05776390626e-05,1.05776390626e-05
"Gambia, The",2013,0.0,0.0,0.0,1.05776390626e-05,0.0,1.05776390626e-05,1.05776390626e-05
"Gambia, The",2014,0.0,0.0,0.0,1.05776390626e-05,0.0,1.05776390626e-05,1.05776390626e-05
"Gambia, The",2015,0.0,0.0,0.0,1.05776390626e-05,0.0,1.05776390626e-05,1.05776390626e-05
"Gambia, The",2016,0.0,0.0,0.0,1.05776390626e-05,0.0,1.05776390626e-05,1.05776390626e-05
"Gambia, The",2017,0.0,0.0,0.0,1.05776390626e-05,0.0,1.05776390626e-05,1.05776390626e-05
"Gambia, The",2018,0.0,0.0,0.0,1.70607081656e-05,0.0,1.70607081656e-05,1.70607081656e-05
"Gambia, The",2019,0.0,0.0,0.0,1.70607081656e-05,0.0,1.70607081656e-05,1.70607081656e-05
"Gambia, The",2020,0.0,0.0,0.0,1.70607081656e-05,0.0,1.70607081656e-05,1.70607081656e-05
"Gambia, The",2021,0.0,0.0,0.0,1.70607081656e-05,0.0,1.70607081656e-05,1.70607081656e-05
"Gambia, The",2022,0.0,0.0,0.0,1.70607081656e-05,0.0,1.70607081656e-05,1.70607081656e-05
"Gambia, The",2023,0.0,0.0,0.0,1.70607081656e-05,0.0,1.70607081656e-05,1.70607081656e-05
Georgia,1992,0.0024477597482786,0.00074337,0.0,0.0219707799757108,0.0064562342666323,0.0219707799757108,0.0316181439906218
Georgia,1993,0.0026039997322113,0.0,0.0,0.0223017577141242,0.0021461980940991,0.0223017577141242,0.0270519555404346
Georgia,1994,0.0031942396715125,0.0,0.0,0.0228749975084897,0.0042923961881982,0.0228749975084897,0.0303616333682004
Georgia,1995,0.0005902399393012,0.0,0.0,0.017575941552242,0.0029960925393623,0.017575941552242,0.0211622740309055
Georgia,1996,0.0002777599714358,0.0,0.0,0.0202681213007799,0.0054942553609041,0.0202681213007799,0.0260401366331199
Georgia,1997,8.67999910737e-05,0.0022184883,0.0,0.0204284919575369,0.0060093546634774,0.0204284919575369,0.0287431349120881
Georgia,1998,0.0002603999732211,0.0022184883,0.0,0.021523789421771,0.0051079514639558,0.021523789421771,0.029110629158948
Georgia,1999,0.0002777599714358,0.0022184883,0.0,0.02176263933609,0.0025754377129189,0.02176263933609,0.0268343253204447
Georgia,2000,0.0001215199875031,0.0022184883,0.0,0.0197938336137751,0.0047087468584638,0.0197938336137751,0.0268425887597422
Georgia,2001,1.73599982147e-05,0.0022184883,0.0,0.018722421140973,0.0042408874339398,0.018722421140973,0.0251991568731275
Georgia,2002,0.0001041599892884,0.00047378604,0.0,0.022857936800324,0.0031720807830784,0.022857936800324,0.0266079636126909
Georgia,2003,0.0001388799857179,0.0007289016,0.0,0.0220458470916396,0.0059964774749128,0.0220458470916396,0.0289101061522704
Georgia,2004,0.0001388799857179,0.0007070063,0.0,0.0204353162408032,0.0041900960390444,0.0204353162408032,0.0254712985655655
Georgia,2005,8.67999910737e-05,0.000530254725,0.0,0.0210665624429319,0.0028630282575282,0.0210665624429319,0.0245466454165338
Georgia,2006,0.0001562399839326,0.00035350315,0.0,0.0179546892735192,0.0026966302852955,0.0179546892735192,0.0211610626927474
Georgia,2007,0.0002430399750063,0.00033019525,0.0,0.0230319560236135,0.0024398744333039,0.0230319560236135,0.0260450656819239
Georgia,2008,0.0001909599803621,0.00025737572,0.0,0.024192084178877,0.0021520780888774,0.024192084178877,0.0267924979681167
Georgia,2009,0.0026387197286407,0.00032171965,0.0,0.0250382953038928,0.0021461980940991,0.0250382953038928,0.0301449327766327
Georgia,2010,0.0018227998125479,0.0001659805,0.0,0.0316407893639953,0.0021461980940991,0.0316407893639953,0.0357757677706424
Georgia,2011,0.0024303997500638,9.95883e-05,0.0,0.0266522382963623,0.0021461980940991,0.0266522382963623,0.0313284244405253
Georgia,2012,0.0044094395465444,6.63922e-05,0.0,0.0244002248184979,0.0021520780888774,0.0244002248184979,0.0310281346539198
Georgia,2013,0.0070169112783987,0.0001991766,0.0,0.0279386156920515,0.0021461980940991,0.0279386156920515,0.0373009016645494
Georgia,2014,0.0051659862614392,3.31961e-05,0.0,0.0281569927565717,0.0021461980940991,0.0281569927565717,0.0355023732121101
Georgia,2015,0.0052188644213241,0.000331961,0.0,0.0285562133276477,0.0017157824763236,0.0285562133276477,0.0358228212252955
Georgia,2016,0.0050289121074594,0.0002112479090909,0.0,0.0315452493982678,0.0008608312355509,0.0315452493982678,0.0376462406503691
Georgia,2017,0.004545525952105,0.0002444437270909,0.0,0.0314121758745758,0.0008951233650983,0.0314121758745758,0.0370972689188701
Georgia,2018,0.0023575675647111,0.0002996505256999,0.0,0.0338928028418598,0.0008096517610001,0.0338928028418598,0.0373596726932712
Georgia,2019,0.0002595020412955,0.0002996505256999,0.0,0.0307766811059146,0.0007345701076753,0.0307766811059146,0.0320704037805855
Georgia,2020,0.0016842191307613,0.0002025138133799,0.0,0.0284587815069805,0.0006832318732655,0.0284587815069805,0.0310287463243874
Georgia,2021,0.0027410199927902,0.0003733146136399,0.0,0.0350258838640583,0.0006353569557802,0.0350258838640583,0.0387755754262688
Georgia,2022,0.0042531389409084,0.0002907852399999,0.0,0.0370492838525031,0.0005922624740496,0.0370492838525031,0.0421854705074613
Georgia,2023,0.0023830937515047,0.0003575223635999,0.0,0.0373603687411178,0.0005522020696247,0.0373603687411178,0.0406531869258473
Germany,1991,4.599744175290279,0.596524,1.4293512203285814,1.5401177420887668,0.1466899934686416,0.1107665217601854,6.883075910847688
Germany,1992,4.240532259462277,0.6052754,1.5396310278859553,1.6636624382527294,0.137338906383988,0.1240314103667742,6.646809004098995
Germany,1993,3.832852906384652,0.606504805,1.487971173559153,1.6145499036615327,0.1307907750604504,0.1265787301023798,6.184698390106636
Germany,1994,3.511720406030652,0.62916744905,1.4610900877636577,1.607837355033222,0.1249359752888168,0.1467472672695646,5.873661185402692
Germany,1995,3.4182384870250417,0.66592475,1.4632895717770988,1.6220920874428142,0.1243730137723135,0.1588025156657151,5.83062833824017
Germany,1996,3.2062449505575352,0.719847716875,1.5294835133921154,1.6933115776611785,0.120094506246889,0.1638280642690631,5.739498751340603
Germany,1997,3.0589700762211565,0.7091329693,1.628055035812288,1.7815559915778203,0.1193241378558846,0.1535009557655323,5.668983174954861
Germany,1998,2.7909126905722115,0.691148628975,1.5450484970793674,1.7182785436112915,0.1250604194135175,0.1732300465319244,5.325400282572021
Germany,1999,2.7064915059399177,0.736915456375,1.6249561250329256,1.794668603555624,0.1173863650569735,0.169712478522698,5.355461930927515
Germany,2000,2.578539543389656,0.696901089325,1.621152916349163,1.8396573415791748,0.1346562466100826,0.2185044252300119,5.249754220903913
Germany,2001,2.4586605125985006,0.7026851566,1.6373920137449125,1.8924310275524223,0.1401122325916039,0.2550390138075099,5.193888929342527
Germany,2002,2.476657288129585,0.70515049675,1.5756150261303508,1.8572235079535095,0.1496410969972585,0.2816084818231589,5.188672389830353
Germany,2003,2.438865266961102,0.70205541952,1.575814719030318,1.8453766358041197,0.1574815390744381,0.2695619167738016,5.143778861359659
Germany,2004,2.475042560019994,0.64105666758,1.594958807239089,1.9241251626228584,0.147792289895687,0.3291663553837695,5.1880166801185394
Germany,2005,2.405598020100418,0.63174424334,1.5493734940058153,1.9524659437594836,0.1480530477442206,0.403092449753668,5.137861254944122
Germany,2006,2.2702578004012044,0.65771051528,1.5904397280525635,2.0968045359400587,0.1442900114869492,0.5063648078874954,5.169062863108213
Germany,2007,2.319655787984824,0.65072118237,1.3348931115503366,1.9648233446719667,0.1434070567185549,0.6299302331216301,5.0786073717453455
Germany,2008,2.1294917369800164,0.576099563235,1.411824658348015,2.071622486577996,0.1301329989727466,0.6597978282299813,4.90734678576576
Germany,2009,1.9621050536775624,0.57198667239,1.2798775857044002,1.964705682636973,0.1189626573031825,0.6848280969325732,4.617760066007719
Germany,2010,1.932962012567008,0.4898460449246516,1.3325081033260502,2.0967428631017864,0.105984912870108,0.7642347597757364,4.625535833463554
Germany,2011,1.9641710045441303,0.480273517202161,1.0069740442699986,1.8507371485585973,0.1103108276811329,0.843763104288599,4.405492497986022
Germany,2012,2.004676203794161,0.4218898379300541,0.9275810632657004,1.854226951567569,0.1106130491268346,0.9266458883018684,4.391406042418619
Germany,2013,1.8862199003672755,0.3915357027769878,0.9073610173654616,1.886155109176361,0.1115315652853399,0.9787940918108994,4.275442277605964
Germany,2014,1.8544623126482147,0.3026382504028055,0.9041403865766754,1.957502017961248,0.1040115846069967,1.0533616313845724,4.218614165619265
Germany,2015,1.7963474988769852,0.2792838783053739,0.8577076272191229,1.9854974546812445,0.1039582514106964,1.1277898274621212,4.1650870832743
Germany,2016,1.659381040120708,0.2889771539361,0.7912084719341227,1.9246472709510043,0.1010427033462797,1.1334387990168815,3.974048168354092
Germany,2017,1.649798628407641,0.2638490163755494,0.7147249422119936,1.9368947351764343,0.0939967125611895,1.2221697929644406,3.9445390925208144
Germany,2018,1.5734454902941577,0.2082419571398708,0.7118622783869051,1.9462979253654116,0.0879357918376766,1.2344356469785065,3.815921164637116
Germany,2019,1.1795020713601667,0.1918153740314818,0.7094525043606255,1.9932671411722265,0.0815684600495971,1.283814636811601,3.446153046613472
Germany,2020,0.964495031656786,0.1640791695039608,0.608619309841295,1.9122364130724736,0.081176792907789,1.3036171032311787,3.1219874071410096
Germany,2021,1.1340749117868432,0.161903780913567,0.6664217071162906,1.9225897572520472,0.0778287363250196,1.2561680501357566,3.296397186277477
Germany,2022,1.7298398473346672,0.154321911855871,0.3247722933889262,1.654352105156061,0.0719014863691674,1.329579811767135,3.610415350715767
Germany,2023,1.442709241675031,0.1387422906276094,0.0684629210534517,1.3994998085262262,0.0695591990540506,1.3310368874727745,3.050510539882917
"Germany, East",1980,4.725551592023841,0.09594,0.1340852493122758,0.1397425801400019,0.0,0.0056573308277261,4.961234172163842
"Germany, East",1981,4.816227993844449,0.10803,0.1264950926307078,0.1323571519564216,0.0,0.0058620593257138,5.05661514580087
"Germany, East",1982,4.876398870990259,0.09438,0.1153072242382629,0.1212716478129705,0.0,0.0059644235747076,5.092050518803229
"Germany, East",1983,4.760017514125764,0.11817,0.1299913015033468,0.1357339358719012,0.0,0.0057426343685543,5.013921449997665
"Germany, East",1984,4.857151969215831,0.1287,0.1324048134347815,0.1383692370094892,0.0,0.0059644235747076,5.124221206225321
"Germany, East",1985,4.999498364658378,0.12948,0.1436716284791892,0.1496701734702282,0.0,0.0059985449910389,5.278648538128606
"Germany, East",1986,4.913508123793811,0.11817,0.1230214399443438,0.1290506942100809,0.0,0.006029254265737,5.160728818003892
"Germany, East",1987,4.769735587462822,0.11349,0.1201116919148572,0.126001048373636,0.0,0.0058893564587788,5.009226635836458
"Germany, East",1988,4.732485023253402,0.11973,0.1247582662875258,0.1306237377548728,0.0,0.0058654714673469,4.982838761008275
"Germany, East",1989,4.637765309209128,0.1092,0.1246229291698753,0.1299151608428567,0.0,0.0052922316729814,4.876880470051986
"Germany, East",1990,4.1717830446573725,0.05304,0.0601009583299787,0.0648404230583934,0.0,0.0047394647284147,4.289663467715767
"Germany, West",1980,3.150367728015885,0.602952,0.4659346088659579,0.5780237985210493,0.0,0.1120891896550915,4.331343526536934
"Germany, West",1981,3.210818662562975,0.610944,0.5700998167246499,0.6806889075387301,0.0,0.1105890908140802,4.502451570101705
"Germany, West",1982,3.2509325806601805,0.52392,0.6740006510234996,0.7837723073649918,0.0,0.1097716563414922,4.5586248880251725
"Germany, West",1983,3.173345009417176,0.558552,0.6984584655502719,0.7980513491458888,0.0,0.0995928835956169,4.529948358563065
"Germany, West",1984,3.2381013128105467,0.584304,0.9765898710927636,1.0777259171056497,0.0,0.1011360460128858,4.900131229916196
"Germany, West",1985,3.33299890977226,0.530136,1.3201643908159744,1.4176768794201653,0.0,0.0975124886041909,5.280811789192425
"Germany, West",1986,3.275672082529215,0.485736,1.25300855636245,1.3531820244200992,0.0,0.1001734680576491,5.114590106949314
"Germany, West",1987,3.179823724975216,0.561216,1.366661319784475,1.4688880690708968,0.0,0.1022267492864216,5.209927794046113
"Germany, West",1988,3.154990015502268,0.523032,1.5186142137573504,1.6249228304762615,0.0,0.1063086167189114,5.302944845978529
"Germany, West",1989,3.0918435394727464,0.51504,1.4703134625571836,1.5745781264345309,0.0,0.1042646638773469,5.181461665907277
"Germany, West",1990,2.781188696438258,0.514152,1.4593170588013535,1.5630924183683772,0.0,0.1037753595670235,4.858433114806635
Ghana,1980,0.0,0.0,0.0,0.018002459256383,0.0,0.018002459256383,0.018002459256383
Ghana,1981,0.0,0.0,0.0,0.0182242484625363,0.0,0.0182242484625363,0.0182242484625363
Ghana,1982,0.0,0.0,0.0,0.0168593918092851,0.0,0.0168593918092851,0.0168593918092851
Ghana,1983,0.0,0.0,0.0,0.0087009611644762,0.0,0.0087009611644762,0.0087009611644762
Ghana,1984,0.0,0.0,0.0,0.0061384427979971,0.0,0.0061384427979971,0.0061384427979971
Ghana,1985,0.0,0.0,0.0,0.0102227763328513,0.0,0.0102227763328513,0.0102227763328513
Ghana,1986,0.0,0.0,0.0,0.0149758896277985,0.0,0.0149758896277985,0.0149758896277985
Ghana,1987,0.0,0.0,0.0,0.0157879793364829,0.0,0.0157879793364829,0.0157879793364829
Ghana,1988,0.0,0.0,0.0,0.0164158133969785,0.0,0.0164158133969785,0.0164158133969785
Ghana,1989,0.0,0.0,0.0,0.0176680693763364,0.0,0.0176680693763364,0.0176680693763364
Ghana,1990,0.0,0.0,0.0,0.0193263702100366,0.0,0.0193263702100366,0.0193263702100366
Ghana,1991,0.0,0.0,0.0,0.0207287604212522,0.0,0.0207287604212522,0.0207287604212522
Ghana,1992,0.0,0.0,0.0,0.0223017577141242,0.0,0.0223017577141242,0.0223017577141242
Ghana,1993,0.0,0.0,0.0,0.0212508180911208,0.0,0.0212508180911208,0.0212508180911208
Ghana,1994,0.0,0.0,0.0,0.0205854504726608,0.01299984,0.0205854504726608,0.0335852904726608
Ghana,1995,0.0,0.0,0.0,0.0205956868975602,0.01299984,0.0205956868975602,0.0335955268975602
Ghana,1996,0.0,0.0,0.0,0.0223802369716861,0.014667856,0.0223802369716861,0.0370480929716861
Ghana,1997,0.0,0.0,0.0,0.0231411445558736,0.01516648,0.0231411445558736,0.0383076245558736
Ghana,1998,0.0,0.0,0.0,0.0129388410728211,0.01516648,0.0129388410728211,0.0281053210728211
Ghana,1999,0.0,0.0,0.0,0.0174599287367156,0.01516648,0.0174599287367156,0.0326264087367156
Ghana,2000,0.0,0.0,0.0,0.0224718747754405,0.015208032,0.0224718747754405,0.0376799067754405
Ghana,2001,0.0,0.0,0.0,0.0224703107105184,0.01516648,0.0224703107105184,0.0376367907105184
Ghana,2002,0.0,0.0,0.0,0.0171553660947552,0.01516648,0.0171553660947552,0.0323218460947552
Ghana,2003,0.0,0.0,0.0,0.0132648526050944,0.01516648,0.0132648526050944,0.0284313326050944
Ghana,2004,0.0,0.0,0.0,0.0179789062787325,0.015208032,0.0179789062787325,0.0331869382787325
Ghana,2005,0.0,0.0,0.0,0.0191558571322822,0.01299984,0.0191558571322822,0.0321556971322822
Ghana,2006,0.0,0.0,0.0,0.0190809380224969,0.01299984,0.0190809380224969,0.0320807780224969
Ghana,2007,0.0,0.0,0.0,0.0126896467291196,0.01299984,0.0126896467291196,0.0256894867291196
Ghana,2008,0.0,0.0,0.0,0.0210843351806528,0.013035456,0.0210843351806528,0.0341197911806528
Ghana,2009,0.0,0.0,0.0,0.0233860267205827,0.01299984,0.0233860267205827,0.0363858667205827
Ghana,2010,0.0,0.0,0.0,0.0237885954306351,0.015576064,0.0237885954306351,0.0393646594306351
Ghana,2011,0.0,0.0,0.0,0.0256953425769871,0.165774672,0.0256953425769871,0.1914700145769871
Ghana,2012,0.0,0.0,0.0,0.0274152739688837,0.170232608,0.0274152739688837,0.1976478819688837
Ghana,2013,0.0,0.0,0.0,0.0279752652133208,0.212140768,0.0279752652133208,0.2401160332133208
Ghana,2014,0.0,0.00184874025,0.0,0.028525358046889,0.227538752,0.028525358046889,0.2579128502968891
Ghana,2015,0.0,0.02644034695888,0.0,0.0199333684056651,0.22176896,0.0199333684056651,0.2681426753645451
Ghana,2016,0.0,0.023516585512719,0.0,0.0190513827957016,0.213696,0.0190513827957016,0.2562639683084207
Ghana,2017,0.0,0.033811720173471,0.0,0.0194331816436267,0.3266123728,0.0194331816436267,0.3798572746170978
Ghana,2018,0.0,0.0391683173767497,0.0,0.0208255444386186,0.3740469488,0.0208255444386186,0.4340408106153683
Ghana,2019,0.0,0.0553966227813296,0.0,0.0250956128830637,0.433332107712,0.0250956128830637,0.5138243433763933
Ghana,2020,0.0,0.0953663379448493,0.0,0.0252547082868867,0.4333713377289769,0.0252547082868867,0.553992383960713
Ghana,2021,0.0,0.1079883533141992,0.0,0.0262885872017245,0.3897558173659824,0.0262885872017245,0.5240327578819063
Ghana,2022,0.0,0.1180379864786991,0.0,0.0286859525273436,0.3570561071166196,0.0286859525273436,0.5037800461226626
Ghana,2023,0.0,0.1152009334055991,0.0,0.032034633711912,0.3508210175911676,0.032034633711912,0.4980565847086788
Gibraltar,1980,0.0,0.0,0.0,0.0,0.0,0.0,0.0
Gibraltar,1981,0.0,0.0,0.0,0.0,0.0,0.0,0.0
Gibraltar,1982,0.0,0.0,0.0,0.0,0.0,0.0,0.0
Gibraltar,1983,0.0,0.0,0.0,0.0,0.0,0.0,0.0
Gibraltar,1984,0.0,0.0,0.0,0.0,0.0,0.0,0.0
Gibraltar,1985,0.0,0.0,0.0,0.0,0.0,0.0,0.0
Gibraltar,1986,0.0,0.0,0.0,0.0,0.0,0.0,0.0
Gibraltar,1987,0.0,0.0,0.0,0.0,0.0,0.0,0.0
Gibraltar,1988,0.0,0.0,0.0,0.0,0.0,0.0,0.0
Gibraltar,1989,0.0,0.0,0.0,0.0,0.0,0.0,0.0
Gibraltar,1990,0.0,0.0,0.0,0.0,0.0,0.0,0.0
Gibraltar,1991,0.0,0.0,0.0,0.0,0.0,0.0,0.0
Gibraltar,1992,0.0,0.0,0.0,0.0,0.0,0.0,0.0
Gibraltar,1993,0.0,0.0,0.0,0.0,0.0,0.0,0.0
Gibraltar,1994,0.0,0.0,0.0,0.0,0.0,0.0,0.0
Gibraltar,1995,0.0,0.0,0.0,0.0,0.0,0.0,0.0
Gibraltar,1996,0.0,0.0,0.0,0.0,0.0,0.0,0.0
Gibraltar,1997,0.0,0.0,0.0,0.0,0.0,0.0,0.0
Gibraltar,1998,0.0,0.0,0.0,0.0,0.0,0.0,0.0
Gibraltar,1999,0.0,0.0,0.0,0.0,0.0,0.0,0.0
Gibraltar,2000,0.0,0.0,0.0,0.0,0.0,0.0,0.0
Gibraltar,2001,0.0,0.0,0.0,0.0,0.0,0.0,0.0
Gibraltar,2002,0.0,0.0,0.0,0.0,0.0,0.0,0.0
Gibraltar,2003,0.0,0.0,0.0,0.0,0.0,0.0,0.0
Gibraltar,2004,0.0,0.0,0.0,0.0,0.0,0.0,0.0
Gibraltar,2005,0.0,0.0,0.0,0.0,0.0,0.0,0.0
Gibraltar,2006,0.0,0.0,0.0,0.0,0.0,0.0,0.0
Gibraltar,2007,0.0,0.0,0.0,0.0,0.0,0.0,0.0
Gibraltar,2008,0.0,0.0,0.0,0.0,0.0,0.0,0.0
Gibraltar,2009,0.0,0.0,0.0,0.0,0.0,0.0,0.0
Gibraltar,2010,0.0,0.0,0.0,0.0,0.0,0.0,0.0
Gibraltar,2011,0.0,0.0,0.0,0.0,0.0,0.0,0.0
Gibraltar,2012,0.0,0.0,0.0,0.0,0.0,0.0,0.0
Gibraltar,2013,0.0,0.0,0.0,0.0,0.0,0.0,0.0
Gibraltar,2014,0.0,0.0,0.0,0.0,0.0,0.0,0.0
Gibraltar,2015,0.0,0.0,0.0,0.0,0.0,0.0,0.0
Gibraltar,2016,0.0,0.0,0.0,0.0,0.0,0.0,0.0
Gibraltar,2017,0.0,0.0,0.0,0.0,0.0,0.0,0.0
Gibraltar,2018,0.0,0.0,0.0,0.0,0.0,0.0,0.0
Gibraltar,2019,0.0,0.0,0.0,0.0,0.0,0.0,0.0
Gibraltar,2020,0.0,0.0,0.0,0.0,0.0,0.0,0.0
Gibraltar,2021,0.0,0.0,0.0,0.0,0.0,0.0,0.0
Gibraltar,2022,0.0,0.0,0.0,0.0,0.0,0.0,0.0
Gibraltar,2023,0.0,0.0,0.0,0.0,0.0,0.0,0.0
Greece,1980,0.1209077507718351,0.0,0.0,0.0115876329861024,0.0,0.0115876329861024,0.1324953837579376
Greece,1981,0.1423655148000981,0.0,0.0,0.0115944572693687,0.0,0.0115944572693687,0.1539599720694668
Greece,1982,0.1428033219845465,0.0031636,0.0,0.0121165149392373,0.0,0.0121165149392373,0.1580834369237838
Greece,1983,0.1594556309644591,0.0030198,0.0,0.0079537021468212,0.0,0.0079537021468212,0.1704291331112803
Greece,1984,0.1694001084397872,0.0033097,0.0,0.0097314279376808,0.0571953692307694,0.0097314279376808,0.2396366056082375
Greece,1985,0.1870479075652909,0.0031658,0.0,0.0095266994396932,0.0569716253424661,0.0095266994396932,0.2567120323474502
Greece,1986,0.1985559821279347,0.004314,0.0,0.0109939203419382,0.0575516554794524,0.0109939203419382,0.2714155579493254
Greece,1987,0.2325173108644326,0.0048926,0.0,0.0094516323237643,0.0524356847031962,0.0094516323237643,0.2992972278913933
Greece,1988,0.2518590068345283,0.0059163,0.0,0.0080492421125488,0.0481362145057128,0.0080492421125488,0.3139607634527899
Greece,1989,0.2703250884357272,0.0059163,0.0,0.0064455355449786,0.0392895480377545,0.0064455355449786,0.3219764720184604
Greece,1990,0.2704814481444588,0.005608,0.0,0.0059814842828732,0.0353888316194733,0.0059814842828732,0.3174597640468054
Greece,1991,0.2746458283870097,0.005876,0.0,0.0104752748137027,0.0362448890213611,0.0104752748137027,0.3272419922220735
Greece,1992,0.2869252775127293,0.005776,0.0,0.0088860908489451,0.0294293818181817,0.0088860908489451,0.3310167501798562
Greece,1993,0.285705671784623,0.004106978,0.0,0.0088202781171526,0.0243492962990561,0.0088202781171526,0.3229822242008317
Greece,1994,0.2953739137745254,0.00209442,0.0,0.0096897382071996,0.023048925678291,0.0096897382071996,0.3302069976600161
Greece,1995,0.3005337841626673,0.00188805,0.0,0.0131105281993086,0.0196514758072528,0.0131105281993086,0.3351838381692288
Greece,1996,0.3115779915894074,0.00204113637,0.0,0.0160080804725669,0.0209358789592647,0.0160080804725669,0.3505630873912391
Greece,1997,0.3066943566866913,0.00198872891,0.0,0.0143904284861423,0.020004419895678,0.0143904284861423,0.3430779339785117
Greece,1998,0.3173268168804383,0.00177606198,0.0,0.0144271188491069,0.0144739220566318,0.0144271188491069,0.3480039197661771
Greece,1999,0.3234092095500965,0.0001108891,0.0,0.0180687420076853,0.0005511624441132,0.0180687420076853,0.3421400031018952
Greece,2000,0.3329784237244689,0.00186505578,0.0,0.0156764977090397,0.0122022045454545,0.0156764977090397,0.3627221817589632
Greece,2001,0.3457842838695848,0.001768751775,0.0,0.0115438691695289,0.0083162971187282,0.0115438691695289,0.367413201932842
Greece,2002,0.3672785318298852,0.001869823305,0.0,0.0140603416247079,0.008152953765524,0.0140603416247079,0.3913616505251172
Greece,2003,0.3559737248885923,0.001366372665,0.0,0.0220731342242895,0.0059565557371584,0.0220731342242895,0.3853697875150403
Greece,2004,0.3650530119756057,0.001266925625,0.0,0.0222438953123385,0.005784139325832,0.0222438953123385,0.3943479722387764
Greece,2005,0.361701702218459,0.00080631208,0.0,0.0234911610845601,0.0038141804222553,0.0234911610845601,0.3898133558052745
Greece,2006,0.3376692149864161,0.001146077695,0.0,0.0288290062302045,0.0035596678291107,0.0288290062302045,0.3712039667407314
Greece,2007,0.3455966522191069,0.000972257265,0.0,0.0206628957697746,0.0031525484302036,0.0206628957697746,0.3703843536840853
Greece,2008,0.342532001927968,0.00064520505,0.0,0.0236708721635797,0.0021690909090909,0.0236708721635797,0.3690171700506386
Greece,2009,0.3382216859572676,0.00051665845,0.0,0.0324616274238809,0.0025258648782911,0.0324616274238809,0.3737258367094397
Greece,2010,0.2945816912502854,0.0003099213344706,0.0,0.0432722937158591,0.0050493591654247,0.0432722937158591,0.3432132654660399
Greece,2011,0.3057666224148839,0.0002833835655388,0.0,0.0345036166183522,0.0037870193740685,0.0345036166183522,0.3443406419728436
Greece,2012,0.328126060763499,0.0003042365652544,0.0,0.0389783412565288,0.0036210779930452,0.0389783412565288,0.3710297165783275
Greece,2013,0.2810513644547132,0.0002558999147,0.0,0.0565380186372673,0.0026965474416294,0.0565380186372673,0.3405418304483099
Greece,2014,0.2666776719379837,0.0002397876978485,0.0,0.0494219581318442,0.0025128266269249,0.0494219581318442,0.3188522443946014
Greece,2015,0.2370656909932253,0.0002075632641455,0.0,0.0573073914628428,0.0023291058122205,0.0573073914628428,0.2969097515324343
Greece,2016,0.1659408775883157,0.0004670151402719,0.0,0.0598189936057161,0.0068806408345752,0.0598189936057161,0.2331075271688791
Greece,2017,0.1907828583755974,0.0004151247650466,0.0,0.0544133552563614,0.006086528355688,0.0544133552563614,0.2516978667526935
Greece,2018,0.1785661028863198,0.000584568603737,0.0,0.0630588519641128,0.0088306831942374,0.0630588519641128,0.251040206648407
Greece,2019,0.1339678866188886,0.000584568603737,0.0,0.066684429829002,0.0072457948435171,0.066684429829002,0.2084826798951448
Greece,2020,0.0687744344435329,0.0002981337324935,0.0,0.0697707149891058,0.0039204599503228,0.0697707149891058,0.1427637431154552
Greece,2021,0.0591907667240587,0.0001704315186233,0.0,0.0838111358135792,0.0033337504918032,0.0838111358135792,0.1465060845480645
Greece,2022,0.0709013795754304,0.0,0.0,0.0862590804683489,0.0032382571535022,0.0862590804683489,0.1603987171972816
Greece,2023,0.0541656102573493,6.8650966276e-05,0.0,0.0842597554253565,0.0032382571535022,0.0842597554253565,0.1417322738024842
Greenland,1980,0.0,0.0,0.0,0.0,0.0,0.0,0.0
Greenland,1981,0.0,0.0,0.0,0.0,0.0,0.0,0.0
Greenland,1982,0.0,0.0,0.0,0.0,0.0,0.0,0.0
Greenland,1983,0.0,0.0,0.0,0.0,0.0,0.0,0.0
Greenland,1984,0.0,0.0,0.0,0.0,0.0,0.0,0.0
Greenland,1985,0.0,0.0,0.0,0.0,0.0,0.0,0.0
Greenland,1986,0.0,0.0,0.0,0.0,0.0,0.0,0.0
Greenland,1987,0.0,0.0,0.0,0.0,0.0,0.0,0.0
Greenland,1988,0.0,0.0,0.0,0.0,0.0,0.0,0.0
Greenland,1989,0.0,0.0,0.0,0.0,0.0,0.0,0.0
Greenland,1990,0.0,0.0,0.0,0.0,0.0,0.0,0.0
Greenland,1991,0.0,0.0,0.0,0.0,0.0,0.0,0.0
Greenland,1992,0.0,0.0,0.0,0.0,0.0,0.0,0.0
Greenland,1993,0.0,0.0,0.0,0.0,0.0,0.0,0.0
Greenland,1994,0.0,0.0,0.0,0.0,0.0,0.0,0.0
Greenland,1995,0.0,0.0,0.0,0.0,0.0,0.0,0.0
Greenland,1996,0.0,0.0,0.0,0.0,0.0,0.0,0.0
Greenland,1997,0.0,0.0,0.0,0.0,0.0,0.0,0.0
Greenland,1998,0.0,0.0,0.0,0.0,0.0,0.0,0.0
Greenland,1999,0.0,0.0,0.0,0.0005834762192648,0.0,0.0005834762192648,0.0005834762192648
Greenland,2000,0.0,0.0,0.0,0.000594697785056,0.0,0.000594697785056,0.000594697785056
Greenland,2001,0.0,0.0,0.0,0.0005504851498526,0.0,0.0005504851498526,0.0005504851498526
Greenland,2002,0.0,0.0,0.0,0.0006311831995135,0.0,0.0006311831995135,0.0006311831995135
Greenland,2003,0.0,0.0,0.0,0.0006253234562839,0.0,0.0006253234562839,0.0006253234562839
Greenland,2004,0.0,0.0,0.0,0.0006671508924811,0.0,0.0006671508924811,0.0006671508924811
Greenland,2005,0.0,0.0,0.0,0.0007046640495987,0.0,0.0007046640495987,0.0007046640495987
Greenland,2006,0.0,0.0,0.0,0.0006796911130077,0.0,0.0006796911130077,0.0006796911130077
Greenland,2007,0.0,0.0,0.0,0.0007079381855034,0.0,0.0007079381855034,0.0007079381855034
Greenland,2008,0.0,0.0,0.0,0.0007010779007427,0.0,0.0007010779007427,0.0007010779007427
Greenland,2009,0.0,0.0,0.0,0.0009149539784334,0.0,0.0009149539784334,0.0009149539784334
Greenland,2010,0.0,0.0,0.0,0.0010114651844758,0.0,0.0010114651844758,0.0010114651844758
Greenland,2011,0.0,0.0,0.0,0.001155698771406,0.0,0.001155698771406,0.001155698771406
Greenland,2012,0.0,0.0,0.0,0.0011802753915465,0.0,0.0011802753915465,0.0011802753915465
Greenland,2013,0.0,0.0,0.0,0.0012914072044694,0.0,0.0012914072044694,0.0012914072044694
Greenland,2014,0.0,0.0,0.0,0.0013499230333779,0.0,0.0013499230333779,0.0013499230333779
Greenland,2015,0.0,0.0,0.0,0.0014529858113667,0.0,0.0014529858113667,0.0014529858113667
Greenland,2016,0.0,0.0,0.0,0.0013777011864094,0.0,0.0013777011864094,0.0013777011864094
Greenland,2017,0.0,0.0,0.0,0.001333295843207,0.0,0.001333295843207,0.001333295843207
Greenland,2018,0.0,0.0,0.0,0.0014490361474218,0.0,0.0014490361474218,0.0014490361474218
Greenland,2019,0.0,0.0,0.0,0.0014178293520722,0.0,0.0014178293520722,0.0014178293520722
Greenland,2020,0.0,0.0,0.0,0.0014891543126695,0.0,0.0014891543126695,0.0014891543126695
Greenland,2021,0.0,0.0,0.0,0.001502802879202,0.0,0.001502802879202,0.001502802879202
Greenland,2022,0.0,0.0,0.0,0.0016188156947284,0.0,0.0016188156947284,0.0016188156947284
Greenland,2023,0.0,0.0,0.0,0.0016188156947284,0.0,0.0016188156947284,0.0016188156947284
Grenada,1980,0.0,0.0,0.0,0.0,0.0,0.0,0.0
Grenada,1981,0.0,0.0,0.0,0.0,0.0,0.0,0.0
Grenada,1982,0.0,0.0,0.0,0.0,0.0,0.0,0.0
Grenada,1983,0.0,0.0,0.0,0.0,0.0,0.0,0.0
Grenada,1984,0.0,0.0,0.0,0.0,0.0,0.0,0.0
Grenada,1985,0.0,0.0,0.0,0.0,0.0,0.0,0.0
Grenada,1986,0.0,0.0,0.0,0.0,0.0,0.0,0.0
Grenada,1987,0.0,0.0,0.0,0.0,0.0,0.0,0.0
Grenada,1988,0.0,0.0,0.0,0.0,0.0,0.0,0.0
Grenada,1989,0.0,0.0,0.0,0.0,0.0,0.0,0.0
Grenada,1990,0.0,0.0,0.0,0.0,0.0,0.0,0.0
Grenada,1991,0.0,0.0,0.0,0.0,0.0,0.0,0.0
Grenada,1992,0.0,0.0,0.0,0.0,0.0,0.0,0.0
Grenada,1993,0.0,0.0,0.0,0.0,0.0,0.0,0.0
Grenada,1994,0.0,0.0,0.0,0.0,0.0,0.0,0.0
Grenada,1995,0.0,0.0,0.0,0.0,0.0,0.0,0.0
Grenada,1996,0.0,0.0,0.0,0.0,0.0,0.0,0.0
Grenada,1997,0.0,0.0,0.0,0.0,0.0,0.0,0.0
Grenada,1998,0.0,0.0,0.0,0.0,0.0,0.0,0.0
Grenada,1999,0.0,0.0,0.0,0.0,0.0,0.0,0.0
Grenada,2000,0.0,0.0,0.0,0.0,0.0,0.0,0.0
Grenada,2001,0.0,0.0,0.0,0.0,0.0,0.0,0.0
Grenada,2002,0.0,0.0,0.0,0.0,0.0,0.0,0.0
Grenada,2003,0.0,0.0,0.0,0.0,0.0,0.0,0.0
Grenada,2004,0.0,0.0,0.0,0.0,0.0,0.0,0.0
Grenada,2005,0.0,0.0,0.0,0.0,0.0,0.0,0.0
Grenada,2006,0.0,0.0,0.0,0.0,0.0,0.0,0.0
Grenada,2007,0.0,0.0,0.0,3.41214163312794e-07,0.0,3.41214163312794e-07,3.41214163312794e-07
Grenada,2008,0.0,0.0,0.0,3.41214163312794e-07,0.0,3.41214163312794e-07,3.41214163312794e-07
Grenada,2009,0.0,0.0,0.0,3.41214163312794e-07,0.0,3.41214163312794e-07,3.41214163312794e-07
Grenada,2010,0.0,0.0,0.0,5.8006407763e-06,0.0,5.8006407763e-06,5.8006407763e-06
Grenada,2011,0.0,0.0,0.0,5.8006407763e-06,0.0,5.8006407763e-06,5.8006407763e-06
Grenada,2012,0.0,0.0,0.0,8.5303540828e-06,0.0,8.5303540828e-06,8.5303540828e-06
Grenada,2013,0.0,0.0,0.0,8.5303540828e-06,0.0,8.5303540828e-06,8.5303540828e-06
Grenada,2014,0.0,0.0,0.0,8.5303540828e-06,0.0,8.5303540828e-06,8.5303540828e-06
Grenada,2015,0.0,0.0,0.0,5.1182124496e-06,0.0,5.1182124496e-06,5.1182124496e-06
Grenada,2016,0.0,0.0,0.0,8.5303540828e-06,0.0,8.5303540828e-06,8.5303540828e-06
Grenada,2017,0.0,0.0,0.0,1.12600673893e-05,0.0,1.12600673893e-05,1.12600673893e-05
Grenada,2018,0.0,0.0,0.0,1.19424957159e-05,0.0,1.19424957159e-05,1.19424957159e-05
Grenada,2019,0.0,0.0,0.0,1.43309948591e-05,0.0,1.43309948591e-05,1.43309948591e-05
Grenada,2020,0.0,0.0,0.0,1.43309948591e-05,0.0,1.43309948591e-05,1.43309948591e-05
Grenada,2021,0.0,0.0,0.0,1.43309948591e-05,0.0,1.43309948591e-05,1.43309948591e-05
Grenada,2022,0.0,0.0,0.0,1.43309948591e-05,0.0,1.43309948591e-05,1.43309948591e-05
Grenada,2023,0.0,0.0,0.0,1.43309948591e-05,0.0,1.43309948591e-05,1.43309948591e-05
Guadeloupe,1980,0.0,0.0,0.0,0.0,0.0,0.0,0.0
Guadeloupe,1981,0.0,0.0,0.0,0.0,0.0,0.0,0.0
Guadeloupe,1982,0.0,0.0,0.0,0.0,0.0,0.0,0.0
Guadeloupe,1983,0.0,0.0,0.0,0.0,0.0,0.0,0.0
Guadeloupe,1984,0.0,0.0,0.0,0.0,0.0,0.0,0.0
Guadeloupe,1985,0.0,0.0,0.0,0.0,0.0,0.0,0.0
Guadeloupe,1986,0.0,0.0,0.0,0.0001023642489938,0.0,0.0001023642489938,0.0001023642489938
Guadeloupe,1987,0.0,0.0,0.0,0.0001023642489938,0.0,0.0001023642489938,0.0001023642489938
Guadeloupe,1988,0.0,0.0,0.0,0.0001023642489938,0.0,0.0001023642489938,0.0001023642489938
Guadeloupe,1989,0.0,0.0,0.0,0.0001023642489938,0.0,0.0001023642489938,0.0001023642489938
Guadeloupe,1990,0.0,0.0,0.0,0.0001023642489938,0.0,0.0001023642489938,0.0001023642489938
Guadeloupe,1991,0.0,0.0,0.0,0.0001023642489938,0.0,0.0001023642489938,0.0001023642489938
Guadeloupe,1992,0.0,0.0,0.0,0.0001023642489938,0.0,0.0001023642489938,0.0001023642489938
Guadeloupe,1993,0.0,0.0,0.0,0.000104752748137,0.0,0.000104752748137,0.000104752748137
Guadeloupe,1994,0.0,0.0,0.0,0.000104752748137,0.0,0.000104752748137,0.000104752748137
Guadeloupe,1995,0.0,0.0,0.0,0.000104752748137,0.0,0.000104752748137,0.000104752748137
Guadeloupe,1996,0.0,0.0,0.0,0.0001057763906269,0.0,0.0001057763906269,0.0001057763906269
Guadeloupe,1997,0.0,0.0,0.0,0.0001194249571594,0.0,0.0001194249571594,0.0001194249571594
Guadeloupe,1998,0.0,0.0,0.0,0.0001364856653251,0.0,0.0001364856653251,0.0001364856653251
Guadeloupe,1999,0.0,0.0,0.0,0.0001364856653251,0.0,0.0001364856653251,0.0001364856653251
Guadeloupe,2000,0.0,0.0,0.0,0.0007806522037585,0.0,0.0007806522037585,0.0007806522037585
Guadeloupe,2001,0.0,0.0,0.0,0.0007761460167131,0.0,0.0007761460167131,0.0007761460167131
Guadeloupe,2002,0.0,0.0,0.0,0.000765284065849,0.0,0.000765284065849,0.000765284065849
Guadeloupe,2003,0.0,0.0,0.0,0.0010960579958026,0.0,0.0010960579958026,0.0010960579958026
Guadeloupe,2004,0.0,0.0,0.0,0.0011218209651867,0.0,0.0011218209651867,0.0011218209651867
Guadeloupe,2005,0.0,0.0,0.0,0.0011277852127541,0.0,0.0011277852127541,0.0011277852127541
Guadeloupe,2006,0.0,0.0,0.0,0.001117897302321,0.0,0.001117897302321,0.001117897302321
Guadeloupe,2007,0.0,0.0,0.0,0.0010840337966953,0.0,0.0010840337966953,0.0010840337966953
Guadeloupe,2008,0.0,0.0,0.0,0.0010729191353415,0.0,0.0010729191353415,0.0010729191353415
Guadeloupe,2009,0.0,0.0,0.0,0.0010813208840861,0.0,0.0010813208840861,0.0010813208840861
Guadeloupe,2010,0.0,0.0,0.0,0.0011269443778522,0.0,0.0011269443778522,0.0011269443778522
Guadeloupe,2011,0.0,0.0,,0.0,0.0,0.0,0.0
Guadeloupe,2012,0.0,,,0.0,0.0,0.0,0.0
Guadeloupe,2013,0.0,,,0.0,0.0,0.0,0.0
Guadeloupe,2014,0.0,,,0.0,0.0,0.0,0.0
Guadeloupe,2015,0.0,,,0.0,0.0,0.0,0.0
Guadeloupe,2016,0.0,,,0.0,0.0,0.0,0.0
Guadeloupe,2017,0.0,,,0.0,0.0,0.0,0.0
Guadeloupe,2018,0.0,,,0.0,0.0,0.0,0.0
Guadeloupe,2019,0.0,,,0.0,0.0,0.0,0.0
Guadeloupe,2020,0.0,,,0.0,0.0,0.0,0.0
Guadeloupe,2021,0.0,,,0.0,0.0,0.0,0.0
Guadeloupe,2022,0.0,,,0.0,0.0,0.0,0.0
Guadeloupe,2023,0.0,,,0.0,0.0,0.0,0.0
Guam,1980,0.0,0.0,0.0,0.0,0.0,0.0,0.0
Guam,1981,0.0,0.0,0.0,0.0,0.0,0.0,0.0
Guam,1982,0.0,0.0,0.0,0.0,0.0,0.0,0.0
Guam,1983,0.0,0.0,0.0,0.0,0.0,0.0,0.0
Guam,1984,0.0,0.0,0.0,0.0,0.0,0.0,0.0
Guam,1985,0.0,0.0,0.0,0.0,0.0,0.0,0.0
Guam,1986,0.0,0.0,0.0,0.0,0.0,0.0,0.0
Guam,1987,0.0,0.0,0.0,0.0,0.0,0.0,0.0
Guam,1988,0.0,0.0,0.0,0.0,0.0,0.0,0.0
Guam,1989,0.0,0.0,0.0,0.0,0.0,0.0,0.0
Guam,1990,0.0,0.0,0.0,0.0,0.0,0.0,0.0
Guam,1991,0.0,0.0,0.0,0.0,0.0,0.0,0.0
Guam,1992,0.0,0.0,0.0,0.0,0.0,0.0,0.0
Guam,1993,0.0,0.0,0.0,0.0,0.0,0.0,0.0
Guam,1994,0.0,0.0,0.0,0.0,0.0,0.0,0.0
Guam,1995,0.0,0.0,0.0,0.0,0.0,0.0,0.0
Guam,1996,0.0,0.0,0.0,0.0,0.0,0.0,0.0
Guam,1997,0.0,0.0,0.0,0.0,0.0,0.0,0.0
Guam,1998,0.0,0.0,0.0,0.0,0.0,0.0,0.0
Guam,1999,0.0,0.0,0.0,0.0,0.0,0.0,0.0
Guam,2000,0.0,0.0,0.0,0.0,0.0,0.0,0.0
Guam,2001,0.0,0.0,0.0,0.0,0.0,0.0,0.0
Guam,2002,0.0,0.0,0.0,0.0,0.0,0.0,0.0
Guam,2003,0.0,0.0,0.0,0.0,0.0,0.0,0.0
Guam,2004,0.0,0.0,0.0,0.0,0.0,0.0,0.0
Guam,2005,0.0,0.0,0.0,0.0,0.0,0.0,0.0
Guam,2006,0.0,0.0,0.0,0.0,0.0,0.0,0.0
Guam,2007,0.0,0.0,0.0,0.0,0.0,0.0,0.0
Guam,2008,0.0,0.0,0.0,0.0,0.0,0.0,0.0
Guam,2009,0.0,0.0,0.0,3.41214163312794e-07,0.0,3.41214163312794e-07,3.41214163312794e-07
Guam,2010,0.0,0.0,0.0,6.82428326625588e-07,0.0,6.82428326625588e-07,6.82428326625588e-07
Guam,2011,0.0,0.0,0.0,6.82428326625588e-07,0.0,6.82428326625588e-07,6.82428326625588e-07
Guam,2012,0.0,0.0,0.0,2.0472849798e-06,0.0,2.0472849798e-06,2.0472849798e-06
Guam,2013,0.0,0.0,0.0,6.8242832662e-06,0.0,6.8242832662e-06,6.8242832662e-06
Guam,2014,0.0,0.0,0.0,8.8715682461e-06,0.0,8.8715682461e-06,8.8715682461e-06
Guam,2015,0.0,0.0,0.0,0.0001054351764636,0.0,0.0001054351764636,0.0001054351764636
Guam,2016,0.0,0.0,0.0,0.0002262249902763,0.0,0.0002262249902763,0.0002262249902763
Guam,2017,0.0,0.0,0.0,0.0002067757829675,0.0,0.0002067757829675,0.0002067757829675
Guam,2018,0.0,0.0,0.0,0.0002559106224845,0.0,0.0002559106224845,0.0002559106224845
Guam,2019,0.0,0.0,0.0,0.0002661470473839,0.0,0.0002661470473839,0.0002661470473839
Guam,2020,0.0,0.0,0.0,0.0002763834722833,0.0,0.0002763834722833,0.0002763834722833
Guam,2021,0.0,0.0,0.0,0.0002863252246313,0.0,0.0002863252246313,0.0002863252246313
Guam,2022,0.0,0.0,0.0,0.0004845241119041,0.0,0.0004845241119041,0.0004845241119041
Guam,2023,0.0,0.0,0.0,0.0004845241119041,0.0,0.0004845241119041,0.0004845241119041
Guatemala,1980,0.0,0.0,0.0,0.0039647855299771,0.0,0.0039647855299771,0.0039647855299771
Guatemala,1981,0.0,0.0,0.0,0.0017246137277337,0.0,0.0017246137277337,0.0017246137277337
Guatemala,1982,0.0,0.0,0.0,0.0022932634864134,0.0,0.0022932634864134,0.0022932634864134
Guatemala,1983,0.0,0.0,0.0,0.0033083383254008,0.0,0.0033083383254008,0.0033083383254008
Guatemala,1984,0.0,0.0,0.0,0.0026494179735577,0.0087039999999999,0.0026494179735577,0.0113534179735576
Guatemala,1985,0.0,0.0,0.0,0.0028954981879961,0.00651,0.0028954981879961,0.0094054981879961
Guatemala,1986,0.0,0.0,0.0,0.0064065339260771,0.01085,0.0064065339260771,0.0172565339260772
Guatemala,1987,0.0,0.0,0.0,0.0064198974807792,0.00651,0.0064198974807792,0.0129298974807792
Guatemala,1988,0.0,0.0,0.0,0.0070288757585981,0.0065299999999999,0.0070288757585981,0.0135588757585981
Guatemala,1989,0.0,0.0,0.0,0.0079813832958262,0.0065121584699453,0.0079813832958262,0.0144935417657715
Guatemala,1990,0.0,0.0,0.0,0.0102189061722064,0.0086828779599271,0.0102189061722064,0.0189017841321336
Guatemala,1991,0.0,0.0,0.0,0.0106982360685061,0.0065121584699453,0.0106982360685061,0.0172103945384515
Guatemala,1992,0.0,0.0,0.0,0.009875789929941,0.0108833333333333,0.009875789929941,0.0207591232632744
Guatemala,1993,0.0,0.0,0.0,0.0102871750059482,0.0130243169398907,0.0102871750059482,0.0233114919458389
Guatemala,1994,0.0,0.0,0.0,0.0108814916751847,0.0151950364298724,0.0108814916751847,0.0260765281050572
Guatemala,1995,0.0,0.0,0.0,0.0110038908758008,0.0202962272313296,0.0110038908758008,0.0313001181071305
Guatemala,1996,0.0,0.0,0.0,0.0109010859685159,0.0326499999999999,0.0109010859685159,0.0435510859685158
Guatemala,1997,0.0,0.0,0.0,0.0115877388304959,0.0434143897996356,0.0115877388304959,0.0550021286301316
Guatemala,1998,0.0,0.0,0.0,0.0084371677747892,0.0542679872495446,0.0084371677747892,0.0627051550243338
Guatemala,1999,0.0,0.0,0.0,0.0144345178762299,0.049926548269581,0.0144345178762299,0.064361066145811
Guatemala,2000,0.0,0.0,0.0,0.0147442969147156,0.0457099999999999,0.0147442969147156,0.0604542969147156
Guatemala,2001,0.0,0.0,0.0,0.0138894262302539,0.0455851092896174,0.0138894262302539,0.0594745355198714
Guatemala,2002,0.0,0.0,0.0,0.0124692038788516,0.0537208469945354,0.0124692038788516,0.0661900508733871
Guatemala,2003,0.0,0.0,0.0,0.0149684478188996,0.0520972677595628,0.0149684478188996,0.0670657155784624
Guatemala,2004,0.0,0.0,0.0,0.0146325201750227,0.0435333333333333,0.0146325201750227,0.058165853508356
Guatemala,2005,0.0,0.0,0.0,0.0187557904260843,0.0390729508196721,0.0187557904260843,0.0578287412457565
Guatemala,2006,0.0,0.0,0.0,0.0200943550312563,0.0347315118397085,0.0200943550312563,0.0548258668709648
Guatemala,2007,0.0,0.0,0.0,0.0234848748096329,0.0325607923497267,0.0234848748096329,0.0560456671593597
Guatemala,2008,0.0,0.0,0.0,0.0224008930150961,0.0337929284153005,0.0224008930150961,0.0561938214303967
Guatemala,2009,0.0,0.0,0.0,0.0202333242424108,0.0293264203096539,0.0202333242424108,0.0495597445520647
Guatemala,2010,0.0,0.0,0.0,0.0310443140772821,0.0259470204189435,0.0310443140772821,0.0569913344962256
Guatemala,2011,0.0,0.0,0.0,0.0273303615053595,0.023759327686703,0.0273303615053595,0.0510896891920626
Guatemala,2012,0.0,0.0,0.0,0.0337657545269222,0.0230527912021857,0.0337657545269222,0.056818545729108
Guatemala,2013,0.0,0.0,0.0,0.0359116355170937,0.0216780953642987,0.0359116355170937,0.0575897308813924
Guatemala,2014,0.0,0.0,0.0,0.0385224752893253,0.0218196024863387,0.0385224752893253,0.0603420777756641
Guatemala,2015,0.0,0.0,0.0,0.0381223491806618,0.0214140109836065,0.0381223491806618,0.0595363601642683
Guatemala,2016,0.0,0.0,0.0,0.0405544120321187,0.0212801519307832,0.0405544120321187,0.0618345639629019
Guatemala,2017,0.0,0.0,0.0,0.0406244807405707,0.020912941008561,0.0406244807405707,0.0615374217491317
Guatemala,2018,0.0,0.0,0.0,0.0453147080252094,0.0200754459707437,0.0453147080252094,0.0653901539959532
Guatemala,2019,0.0,0.0,0.0,0.0433442958362125,0.0208478890829369,0.0433442958362125,0.0641921849191495
Guatemala,2020,0.0,4.9346388e-05,0.0,0.0474494104336589,0.0170020382502732,0.0474494104336589,0.0645007950719321
Guatemala,2021,0.0,0.00012033208096,0.0,0.0599604074471513,0.0155015491584699,0.0599604074471513,0.0755822886865812
Guatemala,2022,0.0,7.405613488e-05,0.0,0.0581741633027069,0.0152265477239526,0.0581741633027069,0.0734747671615396
Guatemala,2023,0.0,7.405613488e-05,0.0,0.0532813420660741,0.0125401927906193,0.0532813420660741,0.0658955909915734
Guinea,1980,0.0,0.0,0.0,0.0005049969617029,0.0,0.0005049969617029,0.0005049969617029
Guinea,1981,0.0,0.0,0.0,0.0005049969617029,0.0,0.0005049969617029,0.0005049969617029
Guinea,1982,0.0,0.0,0.0,0.0005049969617029,0.0,0.0005049969617029,0.0005049969617029
Guinea,1983,0.0,0.0,0.0,0.0005220576698685,0.0,0.0005220576698685,0.0005220576698685
Guinea,1984,0.0,0.0,0.0,0.0005288819531348,0.0,0.0005288819531348,0.0005288819531348
Guinea,1985,0.0,0.0,0.0,0.0005493548029335,0.0,0.0005493548029335,0.0005493548029335
Guinea,1986,0.0,0.0,0.0,0.0005561790861998,0.0,0.0005561790861998,0.0005561790861998
Guinea,1987,0.0,0.0,0.0,0.0005630033694661,0.0,0.0005630033694661,0.0005630033694661
Guinea,1988,0.0,0.0,0.0,0.0005732397943654,0.0,0.0005732397943654,0.0005732397943654
Guinea,1989,0.0,0.0,0.0,0.0005800640776317,0.0,0.0005800640776317,0.0005800640776317
Guinea,1990,0.0,0.0,0.0,0.0005903005025311,0.0,0.0005903005025311,0.0005903005025311
Guinea,1991,0.0,0.0,0.0,0.0006005369274305,0.0,0.0006005369274305,0.0006005369274305
Guinea,1992,0.0,0.0,0.0,0.0006073612106967,0.0,0.0006073612106967,0.0006073612106967
Guinea,1993,0.0,0.0,0.0,0.000614185493963,0.0,0.000614185493963,0.000614185493963
Guinea,1994,0.0,0.0,0.0,0.0006210097772292,0.0,0.0006210097772292,0.0006210097772292
Guinea,1995,0.0,0.0,0.0,0.0006517190519274,0.0,0.0006517190519274,0.0006517190519274
Guinea,1996,0.0,0.0,0.0,0.0006653676184599,0.0,0.0006653676184599,0.0006653676184599
Guinea,1997,0.0,0.0,0.0,0.0009724603654414,0.0,0.0009724603654414,0.0009724603654414
Guinea,1998,0.0,0.0,0.0,0.0010475274813702,0.0,0.0010475274813702,0.0010475274813702
Guinea,1999,0.0,0.0,0.0,0.001334147378553,0.0,0.001334147378553,0.001334147378553
Guinea,2000,0.0,0.0,0.0,0.0013853295030499,0.0,0.0013853295030499,0.0013853295030499
Guinea,2001,0.0,0.0,0.0,0.0018630293316878,0.0,0.0018630293316878,0.0018630293316878
Guinea,2002,0.0,0.0,0.0,0.0020097514219123,0.0,0.0020097514219123,0.0020097514219123
Guinea,2003,0.0,0.0,0.0,0.0013512080867186,0.0,0.0013512080867186,0.0013512080867186
Guinea,2004,0.0,0.0,0.0,0.0018732657565872,0.0,0.0018732657565872,0.0018732657565872
Guinea,2005,0.0,0.0,0.0,0.0016685372585995,0.0,0.0016685372585995,0.0016685372585995
Guinea,2006,0.0,0.0,0.0,0.0015559365847063,0.0,0.0015559365847063,0.0015559365847063
Guinea,2007,0.0,0.0,0.0,0.0018186714904571,0.0,0.0018186714904571,0.0018186714904571
Guinea,2008,0.0,0.0,0.0,0.001787962215759,0.0,0.001787962215759,0.001787962215759
Guinea,2009,0.0,0.0,0.0,0.0017671481517969,0.0,0.0017671481517969,0.0017671481517969
Guinea,2010,0.0,0.0,0.0,0.0016477231946374,0.0,0.0016477231946374,0.0016477231946374
Guinea,2011,0.0,0.0,0.0,0.0014122854219516,0.0,0.0014122854219516,0.0014122854219516
Guinea,2012,0.0,0.0,0.0,0.0016613717611699,0.0,0.0016613717611699,0.0016613717611699
Guinea,2013,0.0,0.0,0.0,0.0016446522671676,0.0,0.0016446522671676,0.0016446522671676
Guinea,2014,0.0,0.0,0.0,0.0014569844773456,0.0,0.0014569844773456,0.0014569844773456
Guinea,2015,0.0,0.0,0.0,0.0030777517530814,0.0,0.0030777517530814,0.0030777517530814
Guinea,2016,0.0,0.0,0.0,0.0037697340762797,0.0,0.0037697340762797,0.0037697340762797
Guinea,2017,0.0,0.0,0.0,0.00420751184781,0.0,0.00420751184781,0.00420751184781
Guinea,2018,0.0,0.0,0.0,0.004135515659351,0.0,0.004135515659351,0.004135515659351
Guinea,2019,0.0,0.0,0.0,0.0044733176810307,0.0,0.0044733176810307,0.0044733176810307
Guinea,2020,0.0,0.0,0.0,0.0051728067158219,0.0,0.0051728067158219,0.0051728067158219
Guinea,2021,0.0,0.0,0.0,0.0091035938771853,0.0,0.0091035938771853,0.0091035938771853
Guinea,2022,0.0,0.0,0.0,0.0101408849336562,0.0,0.0101408849336562,0.0101408849336562
Guinea,2023,0.0,0.0,0.0,0.010321728440212,0.0,0.010321728440212,0.010321728440212
Guinea-Bissau,1980,0.0,0.0,0.0,0.0,0.0,0.0,0.0
Guinea-Bissau,1981,0.0,0.0,0.0,0.0,0.0,0.0,0.0
Guinea-Bissau,1982,0.0,0.0,0.0,0.0,0.0,0.0,0.0
Guinea-Bissau,1983,0.0,0.0,0.0,0.0,0.0,0.0,0.0
Guinea-Bissau,1984,0.0,0.0,0.0,0.0,0.0,0.0,0.0
Guinea-Bissau,1985,0.0,0.0,0.0,0.0,0.0,0.0,0.0
Guinea-Bissau,1986,0.0,0.0,0.0,0.0,0.0,0.0,0.0
Guinea-Bissau,1987,0.0,0.0,0.0,0.0,0.0,0.0,0.0
Guinea-Bissau,1988,0.0,0.0,0.0,0.0,0.0,0.0,0.0
Guinea-Bissau,1989,0.0,0.0,0.0,0.0,0.0,0.0,0.0
Guinea-Bissau,1990,0.0,0.0,0.0,0.0,0.0,0.0,0.0
Guinea-Bissau,1991,0.0,0.0,0.0,0.0,0.0,0.0,0.0
Guinea-Bissau,1992,0.0,0.0,0.0,0.0,0.0,0.0,0.0
Guinea-Bissau,1993,0.0,0.0,0.0,0.0,0.0,0.0,0.0
Guinea-Bissau,1994,0.0,0.0,0.0,0.0,0.0,0.0,0.0
Guinea-Bissau,1995,0.0,0.0,0.0,0.0,0.0,0.0,0.0
Guinea-Bissau,1996,0.0,0.0,0.0,0.0,0.0,0.0,0.0
Guinea-Bissau,1997,0.0,0.0,0.0,0.0,0.0,0.0,0.0
Guinea-Bissau,1998,0.0,0.0,0.0,0.0,0.0,0.0,0.0
Guinea-Bissau,1999,0.0,0.0,0.0,0.0,0.0,0.0,0.0
Guinea-Bissau,2000,0.0,0.0,0.0,0.0,0.0,0.0,0.0
Guinea-Bissau,2001,0.0,0.0,0.0,0.0,0.0,0.0,0.0
Guinea-Bissau,2002,0.0,0.0,0.0,0.0,0.0,0.0,0.0
Guinea-Bissau,2003,0.0,0.0,0.0,0.0,0.0,0.0,0.0
Guinea-Bissau,2004,0.0,0.0,0.0,0.0,0.0,0.0,0.0
Guinea-Bissau,2005,0.0,0.0,0.0,0.0,0.0,0.0,0.0
Guinea-Bissau,2006,0.0,0.0,0.0,0.0,0.0,0.0,0.0
Guinea-Bissau,2007,0.0,0.0,0.0,0.0,0.0,0.0,0.0
Guinea-Bissau,2008,0.0,0.0,0.0,0.0,0.0,0.0,0.0
Guinea-Bissau,2009,0.0,0.0,0.0,0.0,0.0,0.0,0.0
Guinea-Bissau,2010,0.0,0.0,0.0,0.0,0.0,0.0,0.0
Guinea-Bissau,2011,0.0,0.0,0.0,0.0,0.0,0.0,0.0
Guinea-Bissau,2012,0.0,0.0,0.0,0.0,0.0,0.0,0.0
Guinea-Bissau,2013,0.0,0.0,0.0,0.0,0.0,0.0,0.0
Guinea-Bissau,2014,0.0,0.0,0.0,1.0236424899e-06,0.0,1.0236424899e-06,1.0236424899e-06
Guinea-Bissau,2015,0.0,0.0,0.0,3.4121416331e-06,0.0,3.4121416331e-06,3.4121416331e-06
Guinea-Bissau,2016,0.0,0.0,0.0,3.4121416331e-06,0.0,3.4121416331e-06,3.4121416331e-06
Guinea-Bissau,2017,0.0,0.0,0.0,3.4121416331e-06,0.0,3.4121416331e-06,3.4121416331e-06
Guinea-Bissau,2018,0.0,0.0,0.0,1.02364248993e-05,0.0,1.02364248993e-05,1.02364248993e-05
Guinea-Bissau,2019,0.0,0.0,0.0,1.02364248993e-05,0.0,1.02364248993e-05,1.02364248993e-05
Guinea-Bissau,2020,0.0,0.0,0.0,1.02364248993e-05,0.0,1.02364248993e-05,1.02364248993e-05
Guinea-Bissau,2021,0.0,0.0,0.0,1.02364248993e-05,0.0,1.02364248993e-05,1.02364248993e-05
Guinea-Bissau,2022,0.0,0.0,0.0,1.02364248993e-05,0.0,1.02364248993e-05,1.02364248993e-05
Guinea-Bissau,2023,0.0,0.0,0.0,1.02364248993e-05,0.0,1.02364248993e-05,1.02364248993e-05
Guyana,1980,0.0,0.0,0.0,1.70607081656e-05,0.0,1.70607081656e-05,1.70607081656e-05
Guyana,1981,0.0,0.0,0.0,1.70607081656e-05,0.0,1.70607081656e-05,1.70607081656e-05
Guyana,1982,0.0,0.0,0.0,1.70607081656e-05,0.0,1.70607081656e-05,1.70607081656e-05
Guyana,1983,0.0,0.0,0.0,1.70607081656e-05,0.0,1.70607081656e-05,1.70607081656e-05
Guyana,1984,0.0,0.0,0.0,1.70607081656e-05,0.0,1.70607081656e-05,1.70607081656e-05
Guyana,1985,0.0,0.0,0.0,1.70607081656e-05,0.0,1.70607081656e-05,1.70607081656e-05
Guyana,1986,0.0,0.0,0.0,1.70607081656e-05,0.0,1.70607081656e-05,1.70607081656e-05
Guyana,1987,0.0,0.0,0.0,1.70607081656e-05,0.0,1.70607081656e-05,1.70607081656e-05
Guyana,1988,0.0,0.0,0.0,1.70607081656e-05,0.0,1.70607081656e-05,1.70607081656e-05
Guyana,1989,0.0,0.0,0.0,1.70607081656e-05,0.0,1.70607081656e-05,1.70607081656e-05
Guyana,1990,0.0,0.0,0.0,1.70607081656e-05,0.0,1.70607081656e-05,1.70607081656e-05
Guyana,1991,0.0,0.0,0.0,1.70607081656e-05,0.0,1.70607081656e-05,1.70607081656e-05
Guyana,1992,0.0,0.0,0.0,1.70607081656e-05,0.0,1.70607081656e-05,1.70607081656e-05
Guyana,1993,0.0,0.0,0.0,1.70607081656e-05,0.0,1.70607081656e-05,1.70607081656e-05
Guyana,1994,0.0,0.0,0.0,1.70607081656e-05,0.0,1.70607081656e-05,1.70607081656e-05
Guyana,1995,0.0,0.0,0.0,1.70607081656e-05,0.0,1.70607081656e-05,1.70607081656e-05
Guyana,1996,0.0,0.0,0.0,1.70607081656e-05,0.0,1.70607081656e-05,1.70607081656e-05
Guyana,1997,0.0,0.0,0.0,1.70607081656e-05,0.0,1.70607081656e-05,1.70607081656e-05
Guyana,1998,0.0,0.0,0.0,2.04728497987e-05,0.0,2.04728497987e-05,2.04728497987e-05
Guyana,1999,0.0,0.0,0.0,2.04728497987e-05,0.0,2.04728497987e-05,2.04728497987e-05
Guyana,2000,0.0,0.0,0.0,7.85509605382e-05,0.0,7.85509605382e-05,7.85509605382e-05
Guyana,2001,0.0,0.0,0.0,8.06007456218e-05,0.0,8.06007456218e-05,8.06007456218e-05
Guyana,2002,0.0,0.0,0.0,0.0001414105697508,0.0,0.0001414105697508,0.0001414105697508
Guyana,2003,0.0,0.0,0.0,0.0001346680898801,0.0,0.0001346680898801,0.0001346680898801
Guyana,2004,0.0,0.0,0.0,0.0001442363870465,0.0,0.0001442363870465,0.0001442363870465
Guyana,2005,0.0,0.0,0.0,0.0001226752920762,0.0,0.0001226752920762,0.0001226752920762
Guyana,2006,0.0,0.0,0.0,0.0001230324068995,0.0,0.0001230324068995,0.0001230324068995
Guyana,2007,0.0,0.0,0.0,0.0001308506314229,0.0,0.0001308506314229,0.0001308506314229
Guyana,2008,0.0,0.0,0.0,0.0001127196788329,0.0,0.0001127196788329,0.0001127196788329
Guyana,2009,0.0,0.0,0.0,0.0001002861627354,0.0,0.0001002861627354,0.0001002861627354
Guyana,2010,0.0,0.0,0.0,0.0001011733995633,0.0,0.0001011733995633,0.0001011733995633
Guyana,2011,0.0,0.0,0.0,0.0001181177028972,0.0,0.0001181177028972,0.0001181177028972
Guyana,2012,0.0,0.0,0.0,0.0001738996183248,0.0,0.0001738996183248,0.0001738996183248
Guyana,2013,0.0,0.0,0.0,0.0002086911624722,0.0,0.0002086911624722,0.0002086911624722
Guyana,2014,0.0,0.0,0.0,0.0001956673218711,0.0,0.0001956673218711,0.0001956673218711
Guyana,2015,0.0,0.0,0.0,0.0002597976838309,0.0,0.0002597976838309,0.0002597976838309
Guyana,2016,0.0,0.0,0.0,0.0001901478927675,0.0,0.0001901478927675,0.0001901478927675
Guyana,2017,0.0,0.0,0.0,0.0001505518491923,0.0,0.0001505518491923,0.0001505518491923
Guyana,2018,0.0,0.0,0.0,0.0001408594468745,0.0,0.0001408594468745,0.0001408594468745
Guyana,2019,0.0,0.0,0.0,0.0001512370776351,0.0,0.0001512370776351,0.0001512370776351
Guyana,2020,0.0,0.0,0.0,0.0001261460361418,0.0,0.0001261460361418,0.0001261460361418
Guyana,2021,0.0,0.0,0.0,0.0001207848136051,0.0,0.0001207848136051,0.0001207848136051
Guyana,2022,0.0,0.0,0.0,0.0001316801852404,0.0,0.0001316801852404,0.0001316801852404
Guyana,2023,0.0,0.0,0.0,0.0007081141928092,0.0,0.0007081141928092,0.0007081141928092
Haiti,1980,0.0,0.0,0.0,0.0008581196555118,0.0,0.0008581196555118,0.0008581196555118
Haiti,1981,0.0,0.0,0.0,0.000875895385987,0.0,0.000875895385987,0.000875895385987
Haiti,1982,0.0,0.0,0.0,0.0009577978077496,0.0,0.0009577978077496,0.0009577978077496
Haiti,1983,0.0,0.0,0.0,0.0009926454034935,0.0,0.0009926454034935,0.0009926454034935
Haiti,1984,0.0,0.0,0.0,0.0010258865830874,0.0,0.0010258865830874,0.0010258865830874
Haiti,1985,0.0,0.0,0.0,0.0011460215697192,0.0,0.0011460215697192,0.0011460215697192
Haiti,1986,0.0,0.0,0.0,0.0012733068531496,0.0,0.0012733068531496,0.0012733068531496
Haiti,1987,0.0,0.0,0.0,0.001237940385138,0.0,0.001237940385138,0.001237940385138
Haiti,1988,0.0,0.0,0.0,0.0012365153259859,0.0,0.0012365153259859,0.0012365153259859
Haiti,1989,0.0,0.0,0.0,0.0012381353932325,0.0,0.0012381353932325,0.0012381353932325
Haiti,1990,0.0,0.0,0.0,0.0013675127635025,0.0,0.0013675127635025,0.0013675127635025
Haiti,1991,0.0,0.0,0.0,0.0012895775285221,0.0,0.0012895775285221,0.0012895775285221
Haiti,1992,0.0,0.0,0.0,0.0010850610393346,0.0,0.0010850610393346,0.0010850610393346
Haiti,1993,0.0,0.0,0.0,0.0009246903825776,0.0,0.0009246903825776,0.0009246903825776
Haiti,1994,0.0,0.0,0.0,0.0007882047172525,0.0,0.0007882047172525,0.0007882047172525
Haiti,1995,0.0,0.0,0.0,0.0008530354082819,0.0,0.0008530354082819,0.0008530354082819
Haiti,1996,0.0,0.0,0.0,0.0009178660993114,0.0,0.0009178660993114,0.0009178660993114
Haiti,1997,0.0,0.0,0.0,0.0006756040433593,0.0,0.0006756040433593,0.0006756040433593
Haiti,1998,0.0,0.0,0.0,0.0010338789148377,0.0,0.0010338789148377,0.0010338789148377
Haiti,1999,0.0,0.0,0.0,0.0009042175327789,0.0,0.0009042175327789,0.0009042175327789
Haiti,2000,0.0,0.0,0.0,0.0009553996572758,0.0,0.0009553996572758,0.0009553996572758
Haiti,2001,0.0,0.0,0.0,0.0009553996572758,0.0,0.0009553996572758,0.0009553996572758
Haiti,2002,0.0,0.0,0.0,0.0008769203997138,0.0,0.0008769203997138,0.0008769203997138
Haiti,2003,0.0,0.0,0.0,0.0008598596915482,0.0,0.0008598596915482,0.0008598596915482
Haiti,2004,0.0,0.0,0.0,0.0008769203997138,0.0,0.0008769203997138,0.0008769203997138
Haiti,2005,0.0,0.0,0.0,0.0008939811078795,0.0,0.0008939811078795,0.0008939811078795
Haiti,2006,0.0,0.0,0.0,0.0009144539576782,0.0,0.0009144539576782,0.0009144539576782
Haiti,2007,0.0,0.0,0.0,0.0005186455282354,0.0,0.0005186455282354,0.0005186455282354
Haiti,2008,0.0,0.0,0.0,0.0006107733523299,0.0,0.0006107733523299,0.0006107733523299
Haiti,2009,0.0,0.0,0.0,0.0006994890347912,0.0,0.0006994890347912,0.0006994890347912
Haiti,2010,0.0,0.0,0.0,0.0005971247857973,0.0,0.0005971247857973,0.0005971247857973
Haiti,2011,0.0,0.0,0.0,0.0004094569959753,0.0,0.0004094569959753,0.0004094569959753
Haiti,2012,0.0,0.0,0.0,0.0007503299451248,0.0,0.0007503299451248,0.0007503299451248
Haiti,2013,0.0,0.0,0.0,0.0004807707561077,0.0,0.0004807707561077,0.0004807707561077
Haiti,2014,0.0,0.0,0.0,0.0003067515328182,0.0,0.0003067515328182,0.0003067515328182
Haiti,2015,0.0,0.0,0.0,0.0002873023255093,0.0,0.0002873023255093,0.0002873023255093
Haiti,2016,0.0,0.0,0.0,0.0002466978400751,0.0,0.0002466978400751,0.0002466978400751
Haiti,2017,0.0,0.0,0.0,0.0004391426281835,0.0,0.0004391426281835,0.0004391426281835
Haiti,2018,0.0,0.0,0.0,0.0006824283266255,0.0,0.0006824283266255,0.0006824283266255
Haiti,2019,0.0,0.0,0.0,0.0006107733523299,0.0,0.0006107733523299,0.0006107733523299
Haiti,2020,0.0,0.0,0.0,0.000508409103336,0.0,0.000508409103336,0.000508409103336
Haiti,2021,0.0,0.0,0.0,0.0004742876870047,0.0,0.0004742876870047,0.0004742876870047
Haiti,2022,0.0,0.0,0.0,0.0006448947686611,0.0,0.0006448947686611,0.0006448947686611
Haiti,2023,0.0,0.0,0.0,0.0006448947686611,0.0,0.0006448947686611,0.0006448947686611
Hawaiian Trade Zone,1980,0.0,0.0,0.0,0.0,0.0,0.0,0.0
Hawaiian Trade Zone,1981,0.0,0.0,0.0,0.0,0.0,0.0,0.0
Hawaiian Trade Zone,1982,0.0,0.0,0.0,0.0,0.0,0.0,0.0
Hawaiian Trade Zone,1983,0.0,0.0,0.0,0.0,0.0,0.0,0.0
Hawaiian Trade Zone,1984,0.0,0.0,0.0,0.0,0.0,0.0,0.0
Hawaiian Trade Zone,1985,0.0,0.0,0.0,0.0,0.0,0.0,0.0
Hawaiian Trade Zone,1986,0.0,0.0,0.0,0.0,0.0,0.0,0.0
Honduras,1980,0.0,0.0,0.0,0.0026341733407747,0.0,0.0026341733407747,0.0026341733407747
Honduras,1981,0.0,0.0,0.0,0.002801368280798,0.0,0.002801368280798,0.002801368280798
Honduras,1982,0.0,0.0,0.0,0.0028866718216262,0.0,0.0028866718216262,0.0028866718216262
Honduras,1983,0.0,0.0,0.0,0.0028354896971293,0.0,0.0028354896971293,0.0028354896971293
Honduras,1984,0.0,0.0,0.0,0.0029515025126556,0.0,0.0029515025126556,0.0029515025126556
Honduras,1985,0.0,0.0,0.0,0.0029549146542887,0.0,0.0029549146542887,0.0029549146542887
Honduras,1986,0.0,0.0,0.0,0.0043402441573387,0.0,0.0043402441573387,0.0043402441573387
Honduras,1987,0.0,0.0,0.0,0.0038591321870677,0.0,0.0038591321870677,0.0038591321870677
Honduras,1988,0.0,0.0,0.0,0.0059337143000094,0.0,0.0059337143000094,0.0059337143000094
Honduras,1989,0.0,0.0,0.0,0.0062271584804584,0.0,0.0062271584804584,0.0062271584804584
Honduras,1990,0.0,0.0,0.0,0.0070494846140423,0.0,0.0070494846140423,0.0070494846140423
Honduras,1991,0.0,0.0,0.0,0.0071586731463024,0.0,0.0071586731463024,0.0071586731463024
Honduras,1992,0.0,0.0,0.0,0.0074043473438876,0.0,0.0074043473438876,0.0074043473438876
Honduras,1993,0.0,0.0,0.0,0.0076466093998397,0.0,0.0076466093998397,0.0076466093998397
Honduras,1994,0.0,0.0,0.0,0.0061418549396302,0.0,0.0061418549396302,0.0061418549396302
Honduras,1995,0.0,0.0,0.0,0.0056505065444598,0.0,0.0056505065444598,0.0056505065444598
Honduras,1996,0.0,0.0,0.0,0.0068891139572853,0.0,0.0068891139572853,0.0068891139572853
Honduras,1997,0.0,0.0,0.0,0.007042660330776,0.0,0.007042660330776,0.007042660330776
Honduras,1998,0.0,0.0,0.0,0.0064967176694755,0.0,0.0064967176694755,0.0064967176694755
Honduras,1999,0.0,0.0,0.0,0.0072064331287511,0.0,0.0072064331287511,0.0072064331287511
Honduras,2000,0.0,0.0,0.0,0.0077247736443259,0.0,0.0077247736443259,0.0077247736443259
Honduras,2001,0.0,0.0,0.0,0.0070312258561473,0.0,0.0070312258561473,0.0070312258561473
Honduras,2002,0.0,0.0,0.0,0.0063274536435675,0.0,0.0063274536435675,0.0063274536435675
Honduras,2003,0.0,0.0,0.0,0.0078873653932772,0.0,0.0078873653932772,0.0078873653932772
Honduras,2004,0.0,0.0,0.0,0.0084387142789824,0.0,0.0084387142789824,0.0084387142789824
Honduras,2005,0.0,0.0,0.0,0.0070839780458154,0.0,0.0070839780458154,0.0070839780458154
Honduras,2006,0.0,0.0,0.0,0.0084000346734472,0.0,0.0084000346734472,0.0084000346734472
Honduras,2007,0.0,0.0,0.0,0.00913999538816,0.0,0.00913999538816,0.00913999538816
Honduras,2008,0.0,0.0,0.0,0.009680055805297,0.0,0.009680055805297,0.009680055805297
Honduras,2009,0.0,0.0,0.0,0.0140941730290012,0.0,0.0140941730290012,0.0140941730290012
Honduras,2010,0.0,0.0,0.0,0.0147618007412744,0.0,0.0147618007412744,0.0147618007412744
Honduras,2011,0.0,0.0,0.0,0.0151042429555619,0.0,0.0151042429555619,0.0151042429555619
Honduras,2012,0.0,0.0,0.0,0.0157225966225398,0.0,0.0157225966225398,0.0157225966225398
Honduras,2013,0.0,0.0,0.0,0.0160629317493651,0.0,0.0160629317493651,0.0160629317493651
Honduras,2014,0.0,0.0,0.0,0.0138474707887434,0.0,0.0138474707887434,0.0138474707887434
Honduras,2015,0.0,0.0,0.0,0.0201138058953677,0.0,0.0201138058953677,0.0201138058953677
Honduras,2016,0.0,0.0,0.0,0.0227792647347589,0.0,0.0227792647347589,0.0227792647347589
Honduras,2017,0.0,0.0,0.0,0.0266193466310762,0.0,0.0266193466310762,0.0266193466310762
Honduras,2018,0.0,0.0,0.0,0.0281833406502352,0.0,0.0281833406502352,0.0281833406502352
Honduras,2019,0.0,0.0,0.0,0.0288807467985687,0.0,0.0288807467985687,0.0288807467985687
Honduras,2020,0.0,0.0,0.0,0.0274537336652908,0.0,0.0274537336652908,0.0274537336652908
Honduras,2021,0.0,0.0,0.0,0.0311157281694547,0.0,0.0311157281694547,0.0311157281694547
Honduras,2022,0.0,0.0,0.0,0.0312576149256344,0.0,0.0312576149256344,0.0312576149256344
Honduras,2023,0.0,0.0,0.0,0.0313019727668651,0.0,0.0313019727668651,0.0313019727668651
Hong Kong,1980,0.0,0.0,0.0,0.0,0.0,0.0,0.0
Hong Kong,1981,0.0,0.0,0.0,0.0,0.0,0.0,0.0
Hong Kong,1982,0.0,0.0,0.0,0.0,0.0,0.0,0.0
Hong Kong,1983,0.0,0.0,0.0,0.0,0.0,0.0,0.0
Hong Kong,1984,0.0,0.0,0.0,0.0,0.0,0.0,0.0
Hong Kong,1985,0.0,0.0,0.0,0.0,0.0,0.0,0.0
Hong Kong,1986,0.0,0.0,0.0,0.0,0.0,0.0,0.0
Hong Kong,1987,0.0,0.0,0.0,0.0,0.0,0.0,0.0
Hong Kong,1988,0.0,0.0,0.0,0.0,0.0,0.0,0.0
Hong Kong,1989,0.0,0.0,0.0,0.0,0.0,0.0,0.0
Hong Kong,1990,0.0,0.0,0.0,0.0,0.0,0.0,0.0
Hong Kong,1991,0.0,0.0,0.0,0.0,0.0,0.0,0.0
Hong Kong,1992,0.0,0.0,0.0,0.0,0.0,0.0,0.0
Hong Kong,1993,0.0,0.0,0.0,0.0,0.0,0.0,0.0
Hong Kong,1994,0.0,0.0,0.0,0.0,0.0,0.0,0.0
Hong Kong,1995,0.0,0.0,0.0,0.0,0.0,0.0,0.0
Hong Kong,1996,0.0,0.0,0.0,0.0,0.0,0.0,0.0
Hong Kong,1997,0.0,0.0,0.0,0.0,0.0,0.0,0.0
Hong Kong,1998,0.0,0.0,0.0,0.0,0.0,0.0,0.0
Hong Kong,1999,0.0,0.0,0.0,0.0,0.0,0.0,0.0
Hong Kong,2000,0.0,0.0,0.0,0.0,0.0,0.0,0.0
Hong Kong,2001,0.0,0.0,0.0,0.0,0.0,0.0,0.0
Hong Kong,2002,0.0,0.0,0.0,0.0,0.0,0.0,0.0
Hong Kong,2003,0.0,0.0,0.0,0.0,0.0,0.0,0.0
Hong Kong,2004,0.0,0.0,0.0,0.0,0.0,0.0,0.0
Hong Kong,2005,0.0,0.0,0.0,0.0,0.0,0.0,0.0
Hong Kong,2006,0.0,0.0,0.0,3.4121416331e-06,0.0,3.4121416331e-06,3.4121416331e-06
Hong Kong,2007,0.0,0.0,0.0,3.4121416331e-06,0.0,3.4121416331e-06,3.4121416331e-06
Hong Kong,2008,0.0,0.0,0.0,3.4121416331e-06,0.0,3.4121416331e-06,3.4121416331e-06
Hong Kong,2009,0.0,0.0,0.0,6.8242832662e-06,0.0,6.8242832662e-06,6.8242832662e-06
Hong Kong,2010,0.0,0.0,0.0,0.0005437579763944,0.0,0.0005437579763944,0.0005437579763944
Hong Kong,2011,0.0,0.0,0.0,0.0015655610460008,0.0,0.0015655610460008,0.0015655610460008
Hong Kong,2012,0.0,0.0,0.0,0.0005998993588093,0.0,0.0005998993588093,0.0005998993588093
Hong Kong,2013,0.0,0.0,0.0,0.0009437243802977,0.0,0.0009437243802977,0.0009437243802977
Hong Kong,2014,0.0,0.0,0.0,0.0045287804987026,0.0,0.0045287804987026,0.0045287804987026
Hong Kong,2015,0.0,0.0,0.0,0.0008273855602455,0.0,0.0008273855602455,0.0008273855602455
Hong Kong,2016,0.0,0.0,0.0,0.0014396909761692,0.0,0.0014396909761692,0.0014396909761692
Hong Kong,2017,0.0,0.0,0.0,0.0015261810025037,0.0,0.0015261810025037,0.0015261810025037
Hong Kong,2018,0.0,0.0,0.0,0.001450696387155,0.0,0.001450696387155,0.001450696387155
Hong Kong,2019,0.0,0.0,0.0,0.0014878809306324,0.0,0.0014878809306324,0.0014878809306324
Hong Kong,2020,0.0,0.0,0.0,0.0014071654094272,0.0,0.0014071654094272,0.0014071654094272
Hong Kong,2021,0.0,0.0,0.0,0.0016420174578004,0.0,0.0016420174578004,0.0016420174578004
Hong Kong,2022,0.0,0.0,0.0,0.0019336022610694,0.0,0.0019336022610694,0.0019336022610694
Hong Kong,2023,0.0,0.0,0.0,0.0020546291175814,0.0,0.0020546291175814,0.0020546291175814
Hungary,1980,0.177160353814832,0.224595,0.0,0.0003787477212772,0.0,0.0003787477212772,0.4021341015361092
Hungary,1981,0.1787260360963848,0.21735,0.0,0.0005664155110992,0.0,0.0005664155110992,0.396642451607484
Hungary,1982,0.179978581921627,0.237336,5.68723606904e-05,0.0005959907387247,0.0,0.0005391183780342,0.4179105726603518
Hungary,1983,0.1736818162240778,0.228589,0.026513894553911,0.0270359522237796,0.0,0.0005220576698685,0.4293067684478575
Hungary,1984,0.1724633069701736,0.238612,0.0403609033234768,0.0409716766758067,0.1290933219999998,0.0006107733523299,0.5811403056459803
Hungary,1985,0.164001815335521,0.257136,0.0694516868403699,0.0699737445102385,0.1303421082432428,0.0005220576698685,0.6214536680890024
Hungary,1986,0.1590256686058901,0.245448,0.0795758070781475,0.080094452606383,0.1287408532432428,0.0005186455282354,0.613308974455516
Hungary,1987,0.1574872155814078,0.241552,0.1177495566159931,0.1183193842687255,0.127383548571429,0.0005698276527323,0.6447421484215625
Hungary,1988,0.1439270455603071,0.215475,0.1441132649358881,0.1446830925886204,0.1268060719999998,0.0005698276527323,0.6308912101489275
Hungary,1989,0.1383382405465904,0.207794,0.1488901232164557,0.1494224173112237,0.1248587173224042,0.0005322940947679,0.6204133751802184
Hungary,1990,0.1213744133916793,0.1677,0.148355570027916,0.1493097896362097,0.1271397180054643,0.0009542196082936,0.5655239210333535
Hungary,1991,0.1166433299756829,0.16984,0.1312530481266479,0.1324091281138777,0.1231401551639342,0.0011560799872298,0.5420326132534949
Hungary,1992,0.1078550872561844,0.16929384,0.1335680942209062,0.1350415493819264,0.1167337699999998,0.0014734551610201,0.5289242466381107
Hungary,1993,0.1009660852173521,0.171291796,0.1319204457193691,0.1332738628977841,0.1135338901639343,0.0013534171784149,0.5190656342790705
Hungary,1994,0.0958742141451717,0.16548842079,0.1343431313915927,0.1358141404510787,0.0834065298579233,0.001471009059486,0.4805833052441738
Hungary,1995,0.1005576463612948,0.1670284,0.1341190047334151,0.1357305396259278,0.1061136512677594,0.0016115348925127,0.5094302372549822
Hungary,1996,0.1038728084096262,0.15875095446,0.135591243198932,0.1372317112924206,0.0913219721803277,0.0016404680934885,0.4911774463423746
Hungary,1997,0.1073105021147747,0.1481195856,0.1335882250565085,0.135288152698078,0.0809053327213113,0.0016999276415695,0.4716235731341641
Hungary,1998,0.0998496856774623,0.130755023525,0.133386916700486,0.1350526212415035,0.0749222686092895,0.0016657045410175,0.4405795990532553
Hungary,1999,0.0990260006510801,0.115662381345,0.1347860097748421,0.1366239540652857,0.0707057939737703,0.0018379442904436,0.4220181300351363
Hungary,2000,0.095527041117523,0.10918663448,0.135591243198932,0.1374159509399453,0.0711332597934425,0.0018247077410133,0.4132628863309109
Hungary,2001,0.0947169707196762,0.109196346105,0.1350779068910747,0.1370111651378646,0.0748498987431692,0.0019332582467898,0.4157743807057101
Hungary,2002,0.0886788829642965,0.10387490533,0.1334171129538894,0.1347979692712638,0.0648729802841529,0.0013808563173743,0.3922247378497132
Hungary,2003,0.0905440870736246,0.100778592075,0.1052842701997497,0.1078389022388786,0.0726826737698305,0.0025546320391288,0.3718442551573338
Hungary,2004,0.0765278269965933,0.10429819092,0.1139304640909146,0.1221659299333446,0.0707015618376611,0.0082354658424299,0.3736935096875991
Hungary,2005,0.0651459975411313,0.10276340102,0.1310618051884265,0.1492073924876812,0.0637218294653715,0.0181455872992546,0.380838620514184
Hungary,2006,0.0677463915913624,0.105037227925,0.1258982458564503,0.1413005977970761,0.0607143478927321,0.0154023519406258,0.3747985652061708
Hungary,2007,0.0668342114795012,0.088377729825,0.1395368869769723,0.1585167389980886,0.0534852491288141,0.0189798520211162,0.3672139294314041
Hungary,2008,0.0640159833727062,0.08848399266,0.1395670832303757,0.1697151524064994,0.0542131578087431,0.0301480691761237,0.3764282862479489
Hungary,2009,0.0611705260088407,0.10083195304,0.143915343720461,0.1765476328781862,0.053512946103825,0.0326322891577252,0.392063058030852
Hungary,2010,0.0620350549208286,0.098538432376078,0.1489581180388237,0.1833037450707435,0.0475275557868851,0.0343456270319197,0.3914047881545354
Hungary,2011,0.065043887827117,0.0932643502985498,0.1480723612723249,0.1782004078505262,0.0424194509289617,0.0301280465782012,0.3789280969051548
Hungary,2012,0.0632399495461975,0.0779560344990996,0.1491493609770451,0.1804698319452763,0.0423633218579234,0.0313204709682311,0.3640291378484969
Hungary,2013,0.0650643097699198,0.0680919344137996,0.1453345676304194,0.1790549044901678,0.0417800181967212,0.0337203368597484,0.3539911668706086
Hungary,2014,0.0663316659364139,0.0633720462515401,0.1487467442650002,0.1856299067546648,0.0374283638797813,0.0368831624896646,0.3527619828224003
Hungary,2015,0.0634213655632709,0.0603615316083783,0.1505383886336001,0.190713748613207,0.0385782381967212,0.0401753599796068,0.3530748839815775
Hungary,2016,0.0610903363792834,0.062711932454808,0.1526118647006315,0.1939337977516436,0.0428772236666666,0.0413219330510121,0.3606132902524017
Hungary,2017,0.0528442015641978,0.061928465505998,0.153145331844091,0.1959716639343548,0.0445773618217923,0.0428263320902637,0.355321692826343
Hungary,2018,0.0523536758597635,0.0647762352417258,0.1495217814356867,0.1950663582559239,0.0472864049276064,0.0455445768202372,0.3594826742850198
Hungary,2019,0.0453868851116486,0.0580792583227144,0.1550275649729011,0.2040568836706111,0.0482932360229234,0.0490293186977099,0.3558162631278975
Hungary,2020,0.0406009451305459,0.0573979827150535,0.1527109523829376,0.2027545695807144,0.0439182566328086,0.0500436171977767,0.3446717540591226
Hungary,2021,0.0330640839691694,0.0508449343376044,0.1520869029538188,0.2091973103132329,0.0477727855925791,0.057110407359414,0.340879114212586
Hungary,2022,0.0309162715201376,0.0518894265990319,0.1505167138829521,0.2083990200842002,0.0479177308431092,0.057882306201248,0.3391224490464791
Hungary,2023,0.0255460750060877,0.0549067064380769,0.151840083323319,0.2107770948539936,0.0497544685874316,0.0589370115306746,0.34098434488559
Iceland,1980,0.0,0.0,0.0,0.0105878754875959,0.0,0.0105878754875959,0.0105878754875959
Iceland,1981,0.0,0.0,0.0,0.0109768596337725,0.0,0.0109768596337725,0.0109768596337725
Iceland,1982,0.0,0.0,0.0,0.0121984063384323,0.0,0.0121984063384323,0.0121984063384323
Iceland,1983,0.0,0.0,0.0,0.0128637739568923,0.0,0.0128637739568923,0.0128637739568923
Iceland,1984,0.0,0.0,0.0,0.0133790073434946,0.0,0.0133790073434946,0.0133790073434946
Iceland,1985,0.0,0.0,0.0,0.0131299210042763,0.0,0.0131299210042763,0.0131299210042763
Iceland,1986,0.0,0.0,0.0,0.0138464707472331,0.0,0.0138464707472331,0.0138464707472331
Iceland,1987,0.0,0.0,0.0,0.0141672120607472,0.0,0.0141672120607472,0.0141672120607472
Iceland,1988,0.0,0.0,0.0,0.0150611931686267,0.0,0.0150611931686267,0.0150611931686267
Iceland,1989,0.0,0.0,0.0,0.0152659216666144,0.0,0.0152659216666144,0.0152659216666144
Iceland,1990,0.0,0.0,0.0,0.0152249759670168,0.0,0.0152249759670168,0.0152249759670168
Iceland,1991,0.0,0.0,0.0,0.0151669695592536,0.0,0.0151669695592536,0.0151669695592536
Iceland,1992,0.0,0.0,0.0,0.0153444009241763,0.0,0.0153444009241763,0.0153444009241763
Iceland,1993,0.0,0.0,0.0,0.0159585864181393,0.0,0.0159585864181393,0.0159585864181393
Iceland,1994,0.0,0.0,0.0,0.0161394299246951,0.0,0.0161394299246951,0.0161394299246951
Iceland,1995,0.0,0.0,0.0,0.0168047975431551,0.0,0.0168047975431551,0.0168047975431551
Iceland,1996,0.0,0.0,0.0,0.0172995580799586,0.0,0.0172995580799586,0.0172995580799586
Iceland,1997,0.0,0.0,0.0,0.0188689043812831,0.0,0.0188689043812831,0.0188689043812831
Iceland,1998,0.0,0.0,0.0,0.0212235209580557,0.0,0.0212235209580557,0.0212235209580557
Iceland,1999,0.0,0.0,0.0,0.0243046848527703,0.0,0.0243046848527703,0.0243046848527703
Iceland,2000,0.0,0.0,0.0,0.0259834585362692,0.0,0.0259834585362692,0.0259834585362692
Iceland,2001,0.0,0.0,0.0,0.0271708838245977,0.0,0.0271708838245977,0.0271708838245977
Iceland,2002,0.0,0.0,0.0,0.028457261220287,0.0,0.028457261220287,0.028457261220287
Iceland,2003,0.0,0.0,0.0,0.0287404689758366,0.0,0.0287404689758366,0.0287404689758366
Iceland,2004,0.0,0.0,0.0,0.0291801952282456,0.0,0.0291801952282456,0.0291801952282456
Iceland,2005,0.0,0.0,0.0,0.0294083006965779,0.0,0.0294083006965779,0.0294083006965779
Iceland,2006,0.0,0.0,0.0,0.0336328460514245,0.0,0.0336328460514245,0.0336328460514245
Iceland,2007,0.0,0.0,0.0,0.0405867206968336,0.0,0.0405867206968336,0.0405867206968336
Iceland,2008,0.0,0.0,0.0,0.0557578064269436,0.0,0.0557578064269436,0.0557578064269436
Iceland,2009,0.0,0.0,0.0,0.0570134745479347,0.0,0.0570134745479347,0.0570134745479347
Iceland,2010,0.0,0.0,0.0,0.0571328995050942,0.0,0.0571328995050942,0.0571328995050942
Iceland,2011,0.0,0.0,0.0,0.0574911743765726,0.0,0.0574911743765726,0.0574911743765726
Iceland,2012,0.0,0.0,0.0,0.0590091652616814,0.0,0.0590091652616814,0.0590091652616814
Iceland,2013,0.0,0.0,0.0,0.0614044486881372,0.0,0.0614044486881372,0.0614044486881372
Iceland,2014,0.0,0.0,0.0,0.0607390810696773,0.0,0.0607390810696773,0.0607390810696773
Iceland,2015,0.0,0.0,0.0,0.0633088758610558,0.0,0.0633088758610558,0.0633088758610558
Iceland,2016,0.0,0.0,0.0,0.0619938364756482,0.0,0.0619938364756482,0.0619938364756482
Iceland,2017,0.0,0.0,0.0,0.0650695409437498,0.0,0.0650695409437498,0.0650695409437498
Iceland,2018,0.0,0.0,0.0,0.0672116834610275,0.0,0.0672116834610275,0.0672116834610275
Iceland,2019,0.0,0.0,0.0,0.0660546262332338,0.0,0.0660546262332338,0.0660546262332338
Iceland,2020,0.0,0.0,0.0,0.0644632033755429,0.0,0.0644632033755429,0.0644632033755429
Iceland,2021,0.0,0.0,0.0,0.0661641559796572,0.0,0.0661641559796572,0.0661641559796572
Iceland,2022,0.0,0.0,0.0,0.0677886909421843,0.0,0.0677886909421843,0.0677886909421843
Iceland,2023,0.0,0.0,0.0,0.0675993870304492,0.0,0.0675993870304492,0.0675993870304492
India,1980,1.873128815918125,0.058701,0.0341594179086706,0.1929604895144449,0.0,0.1588010716057743,2.12479030543257
India,1981,2.044708331555569,0.073664,0.0344052681135616,0.2035110074513823,0.0,0.1691057393378207,2.3218833390069515
India,1982,2.177431648526916,0.099947,0.0230168353959779,0.1878573976923887,0.0,0.1648405622964107,2.465236046219305
India,1983,2.2892122382750086,0.119038,0.0397597303696457,0.2099232336137361,0.0,0.1701635032440903,2.618173471888745
India,1984,2.4928789427805764,0.126899,0.0443922426586173,0.226617666575815,1.2052593532391953,0.1822254239171976,4.051654962595586
India,1985,2.587637292750737,0.151605,0.0548023147658488,0.2271427643718749,1.290573207247008,0.1723404496060259,4.25695826436962
India,1986,2.8601090171102808,0.20718,0.0552364027842228,0.2371410853879064,1.3513413968254029,0.1819046826036836,4.65577149932359
India,1987,3.076955250052506,0.261277,0.0553764485973245,0.2157334567878052,1.3107894187192048,0.1603570081904806,4.864755125559516
India,1988,3.3549897367266173,0.35681,0.0605750043819536,0.2560804835352852,1.3805966901424136,0.1955054791533315,5.348476910404316
India,1989,3.453995178539261,0.362565,0.0443516409732993,0.2542563578184308,1.4697352025730313,0.2099047168451314,5.540551738930724
India,1990,3.699748905460487,0.459249,0.0654886993424165,0.3076518031871396,1.4376556814852983,0.242163103844723,5.904305390132925
India,1991,4.011472962001968,0.516799,0.0612360218198438,0.3072036635855045,1.3646589690632862,0.2459676417656607,6.200134594650759
India,1992,4.17007242848891,0.5487421275,0.0715818432601218,0.3079579548950599,1.22270581128178,0.236376111634938,6.24947832216575
India,1993,4.276994742836841,0.612142085,0.0705118851366876,0.3089250453266031,1.122607042141038,0.2384131601899154,6.320668915304482
India,1994,4.4199802733379165,0.68327964,0.0564393827182024,0.3365762107980063,1.497382229198392,0.2801368280798039,6.937218353334315
India,1995,4.695284368264548,0.72231005,0.0775098257422117,0.3245488799806746,1.6481209725436865,0.2470390542384628,7.390264270788909
India,1996,4.965426296396834,0.7200898012,0.089028313778206,0.3250427384000325,1.557687196040094,0.2360144246218264,7.56824603203696
India,1997,5.152071296649812,0.741268913,0.1253835416418131,0.3811474420361841,1.606822230227263,0.255763900394371,7.881309881913259
India,1998,5.183796243052594,0.7865483934,0.127663242398937,0.4119151132882932,1.5670474900568747,0.2842518708893561,7.949307239797762
India,1999,5.223637444205612,0.777784623,0.1377725767429733,0.4255053581199544,1.5673755568989212,0.2877327813769811,7.994302982224487
India,2000,5.396460190562148,0.7430946985,0.1702326952761528,0.4443512467700884,1.5686183552797135,0.2741185514939356,8.152524491111949
India,2001,5.641349736413848,0.7328702997,0.2207818775505438,0.4993009375340311,1.5585828215920068,0.2785190599834872,8.432103795239886
India,2002,5.879179914453323,0.9523297168,0.2150307729804035,0.5119495315127716,1.611562032997712,0.296918758532368,8.955021195763807
India,2003,6.2409414455541725,0.996878883,0.1982012248698877,0.528556754816733,1.6123624907473786,0.3303555299468452,9.378739574118285
India,2004,6.619591702312856,1.029743022,0.1821465624277698,0.5608347267792976,1.649390949032392,0.3786881643515278,9.859560400124543
India,2005,7.026395162756684,1.091819729,0.1910681586624928,0.6421698255779833,1.5788139157067178,0.4511016669154905,10.339198633041384
India,2006,7.424432598497754,1.124683868,0.1898642072321877,0.7012996714261365,1.6286654412572532,0.5114354641939487,10.879081579181143
India,2007,7.887317830787887,1.1547284574,0.1920643647455851,0.7051166667521632,1.6693284156657553,0.5130523020065781,11.416491370605806
India,2008,8.10291739091323,1.190588721,0.1819358276784712,0.7134074923814366,1.665763768724918,0.5314716647029655,11.672677373019583
India,2009,8.185609486546818,1.50450481545,0.227629161205513,0.7827842412037184,1.655466496461074,0.5551550799982052,12.12836503966161
India,2010,8.618542866847553,1.9352612937,0.3214430185868022,0.9087534487682046,1.7886936374303948,0.5873104301814025,13.251251246746152
India,2011,8.787015946116549,1.7607402141,0.3953890014749849,1.0954508916104218,1.860071201099428,0.700061890135437,13.503278252926398
India,2012,9.08733759116499,1.5418493685,0.4024794785045638,1.0881371918688434,1.8440663467869625,0.6856577133642795,13.561390498320796
India,2013,9.283560736693122,1.2985551516,0.4161928577873603,1.2397249784519044,1.8312077246501095,0.8235321206645442,13.653048591395136
India,2014,9.796663759759271,1.21247780556,0.4389796234614725,1.3000605459984158,1.826527910466064,0.8610809225369431,14.135730021783752
India,2015,10.328187587730936,1.155203832615,0.4549327913186952,1.2757455219827103,1.8072062108007572,0.8208127306640151,14.566343153129406
India,2016,11.081924673336774,1.1432610720543,0.4580442927646782,1.3520839728191552,1.76984438453928,0.894039680054477,15.34711410274951
India,2017,11.259603286986035,1.1661113074305,0.4632389083857566,1.4854429484620153,1.7770892232027784,1.0222040400762586,15.688246766081328
India,2018,12.03306657080494,1.177993564374,0.4568000011159082,1.592176912656813,1.7069710225233328,1.135376911540905,16.510208070359088
India,2019,12.33618563143286,1.155018701028,0.5614050631226956,1.8253344026818183,1.6187339493353223,1.2639293395591231,16.935272684478
India,2020,12.161194225800717,1.0226873514594,0.5076576342544735,1.79641196934776,1.5488148454536224,1.2887543350932866,16.5291083920615
India,2021,12.967338172306754,1.200307780143,0.5584575954059985,1.954795876015062,1.4963243033557438,1.3963382806090636,17.61876613182056
India,2022,14.730689347724798,1.236783516888,0.5475876341437447,2.1236202567745184,1.4788542859957106,1.5760326226307737,19.569947407383022
India,2023,16.618290882072557,1.300326994935,0.5717694454578098,2.2379910885331165,1.4464033989267695,1.6662216430753067,21.60301236446745
Indonesia,1980,0.012117192439272,0.7194,0.0,0.0076227244084078,0.0,0.0076227244084078,0.7391399168476799
Indonesia,1981,0.0146881885278456,0.7293,0.0,0.0099190957275029,0.0,0.0099190957275029,0.7539072842553486
Indonesia,1982,0.0126035994592567,0.7414,0.0,0.0094925780233619,0.0,0.0094925780233619,0.7634961774826187
Indonesia,1983,0.0139687180894487,0.8459,0.0,0.0107107125863886,0.0,0.0107107125863886,0.8705794306758374
Indonesia,1984,0.0317000604276098,1.1396,0.0,0.0116081058359012,3.115763876954268,0.0116081058359012,4.298672043217779
Indonesia,1985,0.0511150590232853,1.2551,0.0,0.0143207584342379,2.7534773248436326,0.0143207584342379,4.074013142301156
Indonesia,1986,0.0814761059424343,1.3057,0.0,0.019684645081515,2.894141391366898,0.019684645081515,4.301002142390847
Indonesia,1987,0.0978732409717884,1.3948,0.0,0.0178932707241229,2.868959049962751,0.0178932707241229,4.379525561658663
Indonesia,1988,0.1285459493825103,1.5235,0.0,0.0226907418603008,2.765233015063552,0.0226907418603008,4.439969706306363
Indonesia,1989,0.1842227799913348,1.6027,0.0,0.0268535546527168,2.9503337617749885,0.0268535546527168,4.76411009641904
Indonesia,1990,0.2453761142684528,1.7622,0.0,0.0265839954636997,3.0657041489104166,0.0265839954636997,5.099864258642569
Indonesia,1991,0.3244902888259997,1.995544705,0.0,0.0278294271597914,3.3393887660083186,0.0278294271597914,5.687253186994109
Indonesia,1992,0.4507560483181224,2.105091835,0.0,0.0344387455031603,3.160927554101016,0.0344387455031603,5.751214182922299
Indonesia,1993,0.6108320129490125,2.15024082,0.0,0.0311770301140109,3.184583542472864,0.0311770301140109,5.976833405535888
Indonesia,1994,0.6748247582348209,2.4050523,0.0,0.0317707707593375,3.349464047360073,0.0317707707593375,6.461111876354232
Indonesia,1995,0.8787997747787034,2.4389404,0.0,0.0353638159015118,3.341449655461765,0.0353638159015118,6.694553646141981
Indonesia,1996,1.1112050825233328,2.5971463245,0.0,0.0379674199733999,3.331080396023637,0.0379674199733999,7.077399223020371
Indonesia,1997,1.2384774593121446,2.5848284525,0.0,0.0282797148505906,3.2899212908230333,0.0282797148505906,7.141506917485769
Indonesia,1998,1.452450584209333,2.4731977375,0.0,0.0448285217679403,3.2312862993427776,0.0448285217679403,7.201763142820051
Indonesia,1999,1.754209514468959,2.731488116,0.0,0.0439722192240442,3.111319156622986,0.0439722192240442,7.640989006315989
Indonesia,2000,1.7746499367077644,2.438168789,0.0,0.0510197937588019,2.9363784556096597,0.0510197937588019,7.200216975076226
Indonesia,2001,2.162660352083675,2.057854491,0.0,0.0610673388180532,2.780404229368543,0.0610673388180532,7.061986411270271
Indonesia,2002,2.356503344863324,2.248781507,0.0,0.0559895370457508,2.58642513281522,0.0559895370457508,7.247699521724295
Indonesia,2003,2.674495073136789,2.3865877,0.0,0.0533162620819235,2.4453679397587784,0.0533162620819235,7.55976697497749
Indonesia,2004,3.238776724649307,2.211058024,0.0,0.0565277543863842,2.3032992255421862,0.0565277543863842,7.809661728577877
Indonesia,2005,3.776880077010744,2.1806482775,0.0,0.0598938371076725,2.259535647251976,0.0598938371076725,8.276957838870391
Indonesia,2006,4.728846194504959,2.3969809045,0.0,0.0587142552706064,2.128336780327885,0.0587142552706064,9.31287813460345
Indonesia,2007,5.46114090985958,2.6402588765,0.0,0.0719983821064382,2.0200953601158886,0.0719983821064382,10.193493528581907
Indonesia,2008,5.846681192911003,2.6945345,0.0,0.0899413594111456,2.086121332192721,0.0899413594111456,10.71727838451487
Indonesia,2009,6.135425038439211,2.78691854,0.0,0.0831931494426637,2.04118990533776,0.0831931494426637,11.046726633219636
Indonesia,2010,7.345464116324013,3.17955071,0.0,0.1199826729242714,2.0478021615995283,0.1199826729242714,12.692799660847813
Indonesia,2011,7.194681653495852,2.9351179375,0.0,0.1406821987836501,1.9491722036990733,0.1406821987836501,12.219653993478577
Indonesia,2012,7.822300565881109,2.8550517695,0.0,0.1567466265451779,1.8746628589750616,0.1567466265451779,12.70876182090135
Indonesia,2013,9.65200658809216,2.84080923,0.0,0.1995022354894656,1.7910699664230827,0.1995022354894656,14.483388020004709
Indonesia,2014,9.404577443576104,2.8273365575,0.0,0.2178545460019454,1.7212039544143916,0.2178545460019454,14.17097250149244
Indonesia,2015,9.51441787039594,2.80231588,0.0,0.1347595975037298,1.707009763519665,0.1347595975037298,14.158503111419336
Indonesia,2016,9.271160011015152,2.761243824459,0.0,0.2461807940937554,1.799112425465811,0.2461807940937554,14.07769705503372
Indonesia,2017,9.261265740236034,2.775486242969,0.0,0.2104831990814599,1.7227601318065835,0.2104831990814599,13.969995314093078
Indonesia,2018,11.010805561371194,2.77913559883,0.0,0.4342874663010257,1.6545276301797478,0.4342874663010257,15.878756256681967
Indonesia,2019,12.17761270925171,2.58217803248,0.0,0.5042810754040827,1.5943754167634594,0.5042810754040827,16.858447233899252
Indonesia,2020,11.10555379967701,2.27851383376,0.0,0.5515659250378477,1.525824589300163,0.5515659250378477,15.46145814777502
Indonesia,2021,12.095724775833204,2.2692234106,0.0,0.6155837013366141,1.4158274651112754,0.6155837013366141,16.396359352881095
Indonesia,2022,13.451477912649148,2.20989231914,0.0,0.7215021060809598,1.3132265539969814,0.7215021060809598,17.69609889186709
Indonesia,2023,14.857016782311463,2.25919758515,0.0,0.8365590821527612,1.3070524589884225,0.8365590821527612,19.259825908602647
Iran,1980,0.0251259881669884,0.264,0.0,0.0189749196218244,0.0,0.0189749196218244,0.3081009077888129
Iran,1981,0.0252097104513839,0.22176,0.0,0.0210324410266006,0.0,0.0210324410266006,0.2680021514779845
Iran,1982,0.0283584549478336,0.264,0.0,0.0217694636193562,0.0,0.0217694636193562,0.3141279185671899
Iran,1983,0.0286658231875829,0.32736,0.0,0.0209437253441392,0.0,0.0209437253441392,0.3769695485317222
Iran,1984,0.0290010603343978,0.502656,0.0,0.0213873037564459,4.699227827069138,0.0213873037564459,5.252272191159982
Iran,1985,0.0309009371086792,0.6336,0.0,0.0213941280397121,4.8395731,0.0213941280397121,5.525468165148391
Iran,1986,0.0352839408790306,0.566016,0.0,0.020936901060873,3.974635744787302,0.020936901060873,4.596872586727206
Iran,1987,0.0308780491654241,0.59664,0.0,0.0216193293874986,5.016656957372143,0.0216193293874986,5.6657943359250655
Iran,1988,0.0296215444700213,0.746948,0.0,0.021789936469155,4.853809962160842,0.021789936469155,5.652169443100019
Iran,1989,0.0302381237155141,0.829472,0.0,0.0226327354525376,6.1434079683053024,0.0226327354525376,7.025750827473354
Iran,1990,0.032134553860827,0.863324352,0.0,0.0205479169146964,6.712543739173017,0.0205479169146964,7.628550561948541
Iran,1991,0.0239532057559811,0.959904,0.0,0.0238338093073986,7.2100951702059,0.0238338093073986,8.21778618526928
Iran,1992,0.0271396970434129,0.932316,0.0,0.0321935563085621,7.472124375007096,0.0321935563085621,8.463773628359071
Iran,1993,0.0317185125255824,1.00951224,0.0,0.0331830773821692,7.920984451621587,0.0331830773821692,8.995398281529338
Iran,1994,0.031103162203478,1.18590912,0.0,0.025150895977786,7.839775287875115,0.025150895977786,9.08193846605638
Iran,1995,0.0317185125255824,1.31642016,0.0,0.0245742440417874,7.927314047627363,0.0245742440417874,9.300026964194734
Iran,1996,0.031103162203478,1.4995370544,0.0,0.0249973496042952,7.984056211958019,0.0249973496042952,9.539693778165791
Iran,1997,0.0338428242337608,1.75275408,0.0,0.0233970551783582,7.849929090457021,0.0233970551783582,9.65992304986914
Iran,1998,0.034401378432069,1.864632,0.0,0.0237519179082035,7.920350729058288,0.0237519179082035,9.84313602539856
Iran,1999,0.029051591984303,2.155514592,0.0,0.0168593918092851,7.634818237240495,0.0168593918092851,9.836243813034082
Iran,2000,0.0320844432035573,2.2465086336,0.0,0.0124952626605145,8.059904389200234,0.0124952626605145,10.350992728664306
Iran,2001,0.0311186613685813,2.46131424,0.0,0.0172654366636273,8.06800182090299,0.0172654366636273,10.5777001589352
Iran,2002,0.0288056245558241,2.796948,0.0,0.0274131458805498,7.478609659552093,0.0274131458805498,10.331776429988468
Iran,2003,0.0319263754249737,3.02070384,0.0,0.0375813279472711,8.453401012931542,0.0375813279472711,11.543612556303788
Iran,2004,0.0341999015206014,3.128852496,0.0,0.036059512778896,8.887372308820844,0.036059512778896,12.086484219120342
Iran,2005,0.0379083212584378,3.85978824,0.0,0.0546283875463783,8.952898109713857,0.0546283875463783,12.905223058518672
Iran,2006,0.0371151138834646,4.0503536304,0.0,0.0621282748559935,9.076561469546974,0.0621282748559935,13.226158488686432
Iran,2007,0.0400920192154692,4.173046416,0.0,0.0612479423146465,9.28999352787033,0.0612479423146465,13.564379905400443
Iran,2008,0.0388767842986673,4.337134032,0.0,0.0175691172689757,8.928673704058747,0.0175691172689757,13.32225363762639
Iran,2009,0.0321626890302821,5.26560889008,0.0,0.0257369993865089,8.892102663656619,0.0257369993865089,14.21561124215341
Iran,2010,0.0303877788720933,5.450319336,0.0,0.0333263657941738,9.079599461520791,0.0333263657941738,14.59363294218706
Iran,2011,0.0324811552035917,5.66106004464,0.0010132640591445,0.0432355508158901,9.053931942053596,0.0422222867567456,14.790708692713077
Iran,2012,0.0290396852207684,5.95567190064,0.0137307619443259,0.0572875049845343,7.632870930244217,0.0435567430402084,13.67487002108952
Iran,2013,0.0308343633318648,6.015302832,0.0402586353784804,0.0916263867857257,7.071732929812281,0.0513677514072453,13.209496511929872
Iran,2014,0.0299204441996154,6.50741650944,0.0385040342474923,0.087411927364585,7.346027447245936,0.0489078931170927,13.970776328250135
Iran,2015,0.0336700157682617,6.891679872,0.0330654945014717,0.0822654973528399,7.482209285848829,0.0492000028513682,14.48982467096993
Iran,2016,0.0372707188377397,7.4794441779552,0.0612507784323697,0.1184833842498822,9.391374770854386,0.0572326058175125,17.02657305189721
Iran,2017,0.0440496484694248,8.023347849792,0.065820806127695,0.1182238093015451,10.346723041532984,0.05240300317385,18.532344349095958
Iran,2018,0.0478226112090608,8.435222703072,0.0651384038021487,0.1215173352111037,9.833818283212675,0.0563789314089549,18.43838093270484
Iran,2019,0.042293513448585,8.758547145216,0.0606510915402229,0.1713149450387954,7.034041861920642,0.1106638534985724,16.006197465624023
Iran,2020,0.0430387236957049,9.265245573408,0.059885973781277,0.1399673626454028,6.188675382598148,0.0800813888641257,15.636927042347256
Iran,2021,0.0458290055406302,9.535614916608,0.0334596676528764,0.0802201276128131,7.177188995930322,0.0467604599599366,16.838853045691767
Iran,2022,0.0436560255167671,9.727297457856,0.0621216573728312,0.1106666674068938,7.596427146300646,0.0485450100340625,17.478047297080305
Iran,2023,0.0482677836539485,9.885726942432,0.0627730662301029,0.1115713436112295,8.50729007973195,0.0487982773811265,18.55285614942913
Iraq,1980,0.0,0.064914,0.0,0.0023304927354263,0.0,0.0023304927354263,0.0672444927354263
Iraq,1981,0.0,0.024081,0.0,0.0023304927354263,0.0,0.0023304927354263,0.0264114927354263
Iraq,1982,0.0,0.025128,0.0,0.0020609335464092,0.0,0.0020609335464092,0.0271889335464092
Iraq,1983,0.0,0.018846,0.0,0.0020268121300779,0.0,0.0020268121300779,0.0208728121300779
Iraq,1984,0.0,0.02094,0.0,0.0020609335464092,2.541036308878751,0.0020609335464092,2.5640372424251603
Iraq,1985,0.0,0.024081,0.0,0.0020609335464092,3.0561192752931574,0.0020609335464092,3.082261208839567
Iraq,1986,0.0,0.047115,0.0,0.0020268121300779,3.632084845933381,0.0020268121300779,3.6812266580634594
Iraq,1987,0.0,0.138204,0.0,0.0020609335464092,4.4946729020815095,0.0020609335464092,4.634937835627919
Iraq,1988,0.0,0.211494,0.0,0.0023987355680889,5.600377788885828,0.0023987355680889,5.814270524453917
Iraq,1989,0.0,0.225105,0.0,0.0020268121300779,6.03437613071505,0.0020268121300779,6.261507942845129
Iraq,1990,0.0,0.1549549650349654,0.0,0.0020609335464092,4.290728933746506,0.0020609335464092,4.447744832327881
Iraq,1991,0.0,0.040833,0.0,0.0010475274813702,0.6319649780677256,0.0010475274813702,0.6738455055490958
Iraq,1992,0.0,0.1057479423,0.0,0.0023646141517576,0.9168666399248212,0.0023646141517576,1.0249791963765789
Iraq,1993,0.0,0.09428575275,0.0,0.0020268121300779,1.0233509467880102,0.0020268121300779,1.1196635116680882
Iraq,1994,0.0,0.11720118,0.0,0.0018903264647528,1.1252591916281434,0.0018903264647528,1.2443506980928962
Iraq,1995,0.0,0.11721165,0.0,0.0019244478810841,1.1763006140866226,0.0019244478810841,1.2954367119677066
Iraq,1996,0.0,0.1197983682,0.0,0.0019244478810841,1.235857944104655,0.0019244478810841,1.3575807601857397
Iraq,1997,0.0,0.11277315525,0.0,0.0019619814390485,2.459652152081236,0.0019619814390485,2.5743872887702848
Iraq,1998,0.0,0.10907567475,0.0,0.0020029271386461,4.510695534253963,0.0020029271386461,4.621774136142609
Iraq,1999,0.0,0.1175798799,0.0,0.0020438728382436,5.378760556206879,0.0020438728382436,5.4983843089451225
Iraq,2000,0.0,0.11647063575,0.0,0.0020848185378411,5.491946808880694,0.0020848185378411,5.610502263168535
Iraq,2001,0.0,0.1020504618,0.0,0.002108703529273,5.0388838411055135,0.002108703529273,5.1430430064347865
Iraq,2002,0.0,0.0872605398,0.0,0.0017640772243271,4.30648996767867,0.0017640772243271,4.395514584702997
Iraq,2003,0.0,0.0406722855,0.0,0.0014774573271443,2.830321978177616,0.0014774573271443,2.8724717210047603
Iraq,2004,0.0,0.06470590875,0.0,0.001682185825132,4.277921545695274,0.001682185825132,4.344309640270406
Iraq,2005,0.0,0.05361346725,0.0,0.0204728497987676,3.890460297855898,0.0204728497987676,3.9645466149046658
Iraq,2006,0.0,0.066554649,0.0,0.0208004153955479,4.075905475961213,0.0208004153955479,4.163260540356761
Iraq,2007,0.0,0.0539832153,0.0,0.0195720444076218,4.48034798496133,0.0195720444076218,4.553903244668952
Iraq,2008,0.0,0.0695126334,0.0,0.0118913135914508,5.080951077442779,0.0118913135914508,5.16235502443423
Iraq,2009,0.0,0.0424470761400001,0.0,0.0110109810501038,5.098729930504962,0.0110109810501038,5.152187987695066
Iraq,2010,0.0,0.048178170915,0.0,0.0162644507941329,5.1730175586751495,0.0162644507941329,5.237460180384282
Iraq,2011,0.0,0.03238992918,0.0,0.0115899907759709,5.653095794235451,0.0115899907759709,5.697075714191422
Iraq,2012,0.0,0.0238857240299998,0.0,0.0149866378739428,6.424880988170277,0.0149866378739428,6.46375335007422
Iraq,2013,0.0,0.043593295095,0.0,0.0163877894777456,6.554034955876029,0.0163877894777456,6.6140160404487744
Iraq,2014,0.0,0.033462198525,0.0,0.0101947865350347,7.270072849987354,0.0101947865350347,7.313729835047389
Iraq,2015,0.0,0.03704875461,0.0,0.0088822721344357,8.740536290015596,0.0088822721344357,8.786467316760032
Iraq,2016,0.0,0.040755229988429,0.0,0.0116976199595047,9.62549139224508,0.0116976199595047,9.677944242193016
Iraq,2017,0.0,0.3599100851609987,0.0,0.0076195954745302,9.58961497408888,0.0076195954745302,9.957144654724408
Iraq,2018,0.0,0.3769183509749986,0.0,0.0063967487439082,9.931088600847486,0.0063967487439082,10.314403700566393
Iraq,2019,0.0,0.3960261009749986,0.0,0.0171298518036934,10.146512612143637,0.0171298518036934,10.559668564922328
Iraq,2020,0.0,0.272501997932999,0.0,0.0154864415560801,8.827752591739198,0.0154864415560801,9.11574103122828
Iraq,2021,0.0,0.3545853677309987,0.0,0.0127026560411176,8.799139000441189,0.0127026560411176,9.166427024213306
Iraq,2022,0.0,0.3645684802739987,0.0,0.0103307910883896,9.64777163847734,0.0103307910883896,10.02267090983973
Iraq,2023,0.0,0.3895917383939986,0.0,0.0060053658621635,9.398500928796992,0.0060053658621635,9.794098033053157
Ireland,1980,0.0015184012209802,0.03232,0.0,0.0028423139803955,0.0,0.0028423139803955,0.0366807152013758
Ireland,1981,0.0017461614041272,0.04949,0.0,0.0029173810963243,0.0,0.0029173810963243,0.0541535425004516
Ireland,1982,0.0015690145950129,0.07272,0.0,0.0027024161734373,0.0,0.0027024161734373,0.0769914307684502
Ireland,1983,0.0018980015262252,0.078468,0.0,0.0026478219073072,0.0,0.0026478219073072,0.0830138234335325
Ireland,1984,0.0017714680911435,0.082492,0.0,0.0023202563105269,0.0,0.0023202563105269,0.0865837244016706
Ireland,1985,0.0014424811599312,0.087522,0.0,0.0028116047056974,0.0,0.0028116047056974,0.0917760858656286
Ireland,1986,0.0013665610988822,0.059472,0.0,0.0031050488861464,0.0,0.0031050488861464,0.0639436099850286
Ireland,1987,0.0011388009157351,0.059472,0.0,0.0022963713190951,0.0,0.0022963713190951,0.0629071722348302
Ireland,1988,0.0011388009157351,0.071568,0.0,0.0029412660877562,0.0,0.0029412660877562,0.0756480670034914
Ireland,1989,0.0010881875417024,0.0808,0.0,0.0023339048770595,0.0,0.0023339048770595,0.084222092418762
Ireland,1990,0.0006326671754084,0.082738,0.0,0.0023543777268582,0.0,0.0023543777268582,0.0857250449022667
Ireland,1991,0.0,0.08484,0.0,0.0025181605252484,0.0,0.0025181605252484,0.0873581605252484
Ireland,1992,0.0,0.08374819,0.0,0.0027774832893661,0.0,0.0027774832893661,0.0865256732893661
Ireland,1993,0.0,0.09506798,0.0,0.00276819590386,0.0,0.00276819590386,0.09783617590386
Ireland,1994,0.0,0.09671265,0.0,0.0033074052856716,0.0,0.0033074052856716,0.1000200552856716
Ireland,1995,0.0,0.09918921,0.0,0.0026182526799308,0.0,0.0026182526799308,0.1018074626799308
Ireland,1996,0.0,0.09561387927,0.0,0.0027666428393945,0.0,0.0027666428393945,0.0983805221093945
Ireland,1997,0.0,0.0840101472,0.0,0.0032881921281609,0.0,0.0032881921281609,0.0872983393281609
Ireland,1998,0.0,0.06201087984,0.0,0.0045382453760866,0.0,0.0045382453760866,0.0665491252160866
Ireland,1999,0.0,0.04862621232,0.0,0.0044280498020256,0.0,0.0044280498020256,0.0530542621220257
Ireland,2000,0.0,0.04351705001,0.0,0.0046610724744641,0.0,0.0046610724744641,0.0481781224844641
Ireland,2001,0.0,0.029904212275,0.0,0.0041551614748208,0.0,0.0041551614748208,0.0340593737498208
Ireland,2002,0.0,0.02956437603,0.0,0.0052392954756754,0.0,0.0052392954756754,0.0348036715056754
Ireland,2003,0.0,0.024693907805,0.0,0.0044398862933415,0.0,0.0044398862933415,0.0291337940983415
Ireland,2004,0.0,0.03037549095,0.0,0.0054559184673865,0.0,0.0054559184673865,0.0358314094173865
Ireland,2005,0.0,0.02038198162,0.0,0.0072659346747309,0.0,0.0072659346747309,0.0276479162947309
Ireland,2006,0.0,0.01810148018,0.0,0.0093648546944262,0.0,0.0093648546944262,0.0274663348744262
Ireland,2007,0.0,0.016284205595,0.0,0.0117319133664624,0.0,0.0117319133664624,0.0280161189614624
Ireland,2008,0.0,0.01560718173,0.0,0.0155422944842198,0.0,0.0155422944842198,0.0311494762142198
Ireland,2009,0.0,0.01394624665,0.0,0.01824562456238,0.0,0.01824562456238,0.03219187121238
Ireland,2010,0.0,0.0098804805231731,0.0,0.0175819865249758,0.0,0.0175819865249758,0.027462467048149
Ireland,2011,0.0,0.008209577291252,0.0,0.0217343418874574,0.0,0.0217343418874574,0.0299439191787095
Ireland,2012,0.0,0.0074836697943323,0.0,0.0220416766438779,0.0,0.0220416766438779,0.0295253464382102
Ireland,2013,0.0,0.0063984314283006,0.0,0.023635608937839,0.0,0.023635608937839,0.0300340403661396
Ireland,2014,0.0,0.0054127040090986,0.0,0.026646732047484,0.0,0.026646732047484,0.0320594360565826
Ireland,2015,0.0,0.0047284048905317,0.0,0.0312903621753583,0.0,0.0312903621753583,0.03601876706589
Ireland,2016,0.0,0.10993451997408,0.0,0.0312068943272592,0.0,0.0312068943272592,0.1411414143013392
Ireland,2017,0.0,0.12601812422076,0.0,0.0371456331944954,0.0,0.0371456331944954,0.1631637574152554
Ireland,2018,0.0,0.1215360648451255,0.0,0.0437078538581843,0.0,0.0437078538581843,0.1652439187033098
Ireland,2019,0.0,0.0950034613206646,0.0,0.0493475832432937,0.0,0.0493475832432937,0.1443510445639583
Ireland,2020,0.0,0.0733520283097907,0.0,0.0559236595364421,0.0,0.0559236595364421,0.1292756878462328
Ireland,2021,0.0,0.0559267529145891,0.0,0.0507095604658255,0.0,0.0507095604658255,0.1066363133804146
Ireland,2022,0.0,0.0518191699834104,0.0,0.0564543220561762,0.0,0.0564543220561762,0.1082734920395866
Ireland,2023,0.0,0.0417282351348249,0.0,0.0560523495460938,0.0,0.0560523495460938,0.0977805846809188
Israel,1980,0.0,0.005195,0.0,0.0,0.0,0.0,0.005195
Israel,1981,0.0,0.005195,0.0,0.0,0.0,0.0,0.005195
Israel,1982,0.0,0.003117,0.0,0.0,0.0,0.0,0.003117
Israel,1983,0.0,0.002078,0.0,0.0,0.0,0.0,0.002078
Israel,1984,0.0,0.002078,0.0,0.0,0.0,0.0,0.002078
Israel,1985,0.0,0.002078,0.0,0.0,0.0,0.0,0.002078
Israel,1986,0.0,0.0014546,0.0,0.0,0.0003550684931506,0.0,0.0018096684931506
Israel,1987,0.0,0.0021819,0.0,3.41214163312e-05,0.0001845063769485,3.41214163312e-05,0.0024005277932797
Israel,1988,0.0,0.0014546,0.0,3.41214163312e-05,0.0008879781420765,3.41214163312e-05,0.0023766995584077
Israel,1989,0.0,0.0014546,0.0,1.02364248993e-05,0.0,1.02364248993e-05,0.0014648364248993
Israel,1990,0.0,0.001100301,0.0,1.02364248993e-05,0.0,1.02364248993e-05,0.0011105374248993
Israel,1991,0.0,0.001100301,0.0,2.04728497987e-05,0.0,2.04728497987e-05,0.0011207738497987
Israel,1992,0.0,0.00078964,0.0,9.89521073607e-05,0.0,9.89521073607e-05,0.0008885921073607
Israel,1993,0.0,0.00110076855,0.0,0.0001023642489938,0.0,0.0001023642489938,0.0012031327989938
Israel,1994,0.0,0.00110134,0.0,0.0001023642489938,0.0010892531876138,0.0001023642489938,0.0022929574366076
Israel,1995,0.0,0.00073769,0.0,8.53035408281e-05,0.0021607468123861,8.53035408281e-05,0.0029837403532143
Israel,1996,0.0,0.0007338457,0.0,8.1891399195e-05,0.0021666666666666,8.1891399195e-05,0.0029824037658617
Israel,1997,0.0,0.0007338457,0.0,8.53035408281e-05,0.0021607468123861,8.53035408281e-05,0.0029798960532143
Israel,1998,0.0,0.0007338457,0.0,8.53035408281e-05,0.0021607468123861,8.53035408281e-05,0.0029798960532143
Israel,1999,0.0,0.00036692285,0.0,0.0001126006738932,0.0021607468123861,0.0001126006738932,0.0026402703362793
Israel,2000,0.0,0.00036692285,0.0,0.0001057763906269,0.0,0.0001057763906269,0.0004726992406269
Israel,2001,0.0,0.00036692285,0.0,6.82428326625e-05,0.0,6.82428326625e-05,0.0004351656826625
Israel,2002,0.0,0.00035279685,0.0,0.00010918853226,0.0,0.00010918853226,0.00046198538226
Israel,2003,0.0,0.0007055937,0.0,0.0001467220902245,0.0,0.0001467220902245,0.0008523157902245
Israel,2004,0.0,0.02363738895,0.0,0.0001330735236919,0.0001624999999999,0.0001330735236919,0.0239329624736919
Israel,2005,0.0,0.02434298265,0.0,0.0001330735236919,0.0002160746812386,0.0001330735236919,0.0246921308549306
Israel,2006,0.0,0.0347351277,0.0,8.53035408281e-05,0.0002160746812386,8.53035408281e-05,0.0350365059220668
Israel,2007,0.0,0.0408227274,0.0,8.1891399195e-05,0.0002160746812386,8.1891399195e-05,0.0411206934804336
Israel,2008,0.0,0.0515655504,0.0,0.0001542844041253,0.0002166666666666,0.0001542844041253,0.051936501470792
Israel,2009,0.0,0.0422551038,0.0,0.0006044290889885,0.0002160746812386,0.0006044290889885,0.0430756075702272
Israel,2010,0.0,0.0563803975,0.0,0.0009670641414519,0.0002160746812386,0.0009670641414519,0.0575635363226905
Israel,2011,0.0,0.0945423182636714,0.0,0.0014872657342773,0.0008426912568305,0.0014872657342773,0.0968722752547794
Israel,2012,0.0,0.0498165292389345,0.0,0.002115399807226,0.0008449999999999,0.002115399807226,0.0527769290461605
Israel,2013,0.0,0.165449056961425,0.0,0.0021811815377317,0.0008426912568305,0.0021811815377317,0.1684729297559873
Israel,2014,0.0,0.2872631978011555,0.0,0.0036435112369498,0.0008426912568305,0.0036435112369498,0.291749400294936
Israel,2015,0.0,0.3090806558620028,0.0,0.0045440326163067,0.0008426912568305,0.0045440326163067,0.3144673797351401
Israel,2016,0.0,0.34617001948959,0.0,0.006479161740754,0.0008449999999999,0.006479161740754,0.353494181230344
Israel,2017,0.0,0.3628645734462801,0.0,0.0057712963582725,0.0021607468123861,0.0057712963582725,0.3707966166169388
Israel,2018,0.0,0.3732940102276756,0.0,0.0071338625164485,0.0021607468123861,0.0071338625164485,0.3825886195565103
Israel,2019,0.0,0.3740177991733215,0.0,0.010504141411914,0.0021607468123861,0.010504141411914,0.3866826873976217
Israel,2020,0.0,0.5451329484286098,0.0,0.0138186025904657,0.0064999999999999,0.0138186025904657,0.5654515510190756
Israel,2021,0.0,0.6846605662926754,0.0,0.0171863963827781,0.0064822404371584,0.0171863963827781,0.7083292031126119
Israel,2022,0.0,0.7806990719583674,0.0,0.020385517173715,0.0086429872495446,0.020385517173715,0.8097275763816271
Israel,2023,0.0,0.8794521119545411,0.0,0.0272480164262619,0.0324112021857922,0.0272480164262619,0.9391113305665952
Italy,1980,0.0176739248237317,0.453189,0.025087949364962,0.200105322113206,0.0,0.175017372748244,0.6709682469369378
Italy,1981,0.0166844049269132,0.507408,0.0308625450601853,0.193579574216067,0.0,0.1627170291558817,0.7176719791429803
Italy,1982,0.0261810472699914,0.520665,0.0799036266854714,0.2372872969062878,0.0,0.1573836702208163,0.7841333441762793
Italy,1983,0.0240508308254514,0.466532,0.0663107984665775,0.2216884357094788,0.0,0.1553776372429013,0.7122712665349303
Italy,1984,0.0244493874505589,0.494379,0.0788911676597427,0.2374290723418337,0.0977784506666666,0.158537904682091,0.8540359104590594
Italy,1985,0.0260023839552881,0.508533,0.0800315289945137,0.2325787170105084,0.0993623589573828,0.1525471880159947,0.8664764599231793
Italy,1986,0.0142518351805675,0.570204,0.1006065590346373,0.2573943890736283,0.1065233973818841,0.156787830038991,0.94837362163608
Italy,1987,0.013372261938951,0.583488,0.0005900334914478,0.1526276353552489,0.1658392082334906,0.152037601863801,0.9153271055276906
Italy,1988,0.0142930651762683,0.593457,0.0,0.1561203603332764,0.2054177128134284,0.1561203603332764,0.9692881383229732
Italy,1989,0.014760338460877,0.6072,0.0,0.1267796600426948,0.1968723778311229,0.1267796600426948,0.9456123763346947
Italy,1990,0.0131386252966466,0.618943,0.0,0.1189199981993523,0.1999513525904255,0.1189199981993523,0.9509529760864246
Italy,1991,0.0129187319862425,0.621982,0.0,0.1558454009201037,0.183281783243561,0.1558454009201037,0.9740279161499072
Italy,1992,0.0098127389767842,0.64929982425,0.0,0.1573635919380455,0.1888158809112685,0.1573635919380455,1.0052920360760982
Italy,1993,0.0085208657781599,0.691416811085,0.0,0.1558476930152453,0.1866932872768683,0.1558476930152453,1.0424786571552735
Italy,1994,0.0036694696173688,0.7295288,0.0,0.1665351526364365,0.1924852057137666,0.1665351526364365,1.092218627967572
Italy,1995,0.0023638530868443,0.72057986,0.0,0.1446975461885687,0.2098694790244615,0.1446975461885687,1.0775107382998748
Italy,1996,0.0018828364703353,0.7216507242,0.0,0.1624330943658539,0.2264721240372121,0.1624330943658539,1.1124387790734014
Italy,1997,0.0029685596904557,0.696063629415,0.0,0.1650535787784208,0.2498369016406471,0.1650535787784208,1.1139226695245237
Italy,1998,0.0025974897291487,0.686742800205,0.0,0.1695080920389069,0.2367966453294318,0.1695080920389069,1.0956450273024876
Italy,1999,0.0015804831685296,0.63135973362,0.0,0.190584000869794,0.1869088155100195,0.190584000869794,1.010433033168343
Italy,2000,0.0019240664660361,0.600904466085,0.0,0.1899646812992591,0.1683176139037222,0.1899646812992591,0.9611108277540176
Italy,2001,0.0019103231341358,0.55065146829,0.0,0.2097942929233751,0.1440282812906593,0.2097942929233751,0.9063843656381704
Italy,2002,0.002240163099742,0.528288703635,0.0,0.1980185500792144,0.1897695303148595,0.1980185500792144,0.918316947128816
Italy,2003,0.0023409475336773,0.501626796825,0.0,0.1927760940416841,0.2031817106310188,0.1927760940416841,0.8999255490313803
Italy,2004,0.0023843310432788,0.468245222445,0.0,0.2354484618591039,0.2304365858300823,0.2354484618591039,0.9365146011774652
Italy,2005,0.0024277145528804,0.436091974395,0.0,0.2174672358589819,0.2574025423536318,0.2174672358589819,0.9133894671604944
Italy,2006,0.0022995804965606,0.396641022855,0.0,0.2324365945676414,0.2477283174486096,0.2324365945676414,0.8791055153678117
Italy,2007,0.0021714464402407,0.35065103997,0.0,0.2215718183031289,0.2421981277777795,0.2215718183031289,0.8165924324911491
Italy,2008,0.0016079698323301,0.334357652475,0.0,0.2792556984953845,0.2241432045277143,0.2792556984953845,0.839364525330429
Italy,2009,0.0009895198968185,0.289487614185,0.0,0.3326642584866923,0.1860624447046591,0.3326642584866923,0.80920383727317
Italy,2010,0.001388076521926,0.3035433608188794,0.0,0.373108215518097,0.2157868670309669,0.373108215518097,0.8938265198898694
Italy,2011,0.0012643865348237,0.3050961046346315,0.0,0.3950578959028297,0.2229177725735118,0.3950578959028297,0.9243361596457969
Italy,2012,0.0010994665520206,0.3107293147568947,0.0,0.4235715374511767,0.2275608665105402,0.4235715374511767,0.9629611852706323
Italy,2013,0.0010032632287188,0.2793133352288879,0.0,0.5224880479186842,0.2287555087171497,0.5224880479186842,1.0315601550934406
Italy,2014,0.0011819265434221,0.2581526869491041,0.0,0.5645741312734194,0.2388976515742926,0.5645741312734194,1.0628063963402383
Italy,2015,0.0011132098839208,0.2445029854990046,0.0,0.5249163454601136,0.225239319542026,0.5249163454601136,0.995771860385065
Italy,2016,0.0,0.20889851116224,0.0,0.5213917475152682,0.1592876801977633,0.5213917475152682,0.8895779388752715
Italy,2017,0.0,0.19997933757078,0.0,0.5103023717525405,0.1742086381993247,0.5103023717525405,0.8844903475226452
Italy,2018,0.0,0.1967313203589373,0.0,0.5439548908263332,0.2011558376086405,0.5439548908263332,0.9418420487939112
Italy,2019,0.0,0.1734409915689916,0.0,0.5493530885017205,0.1745452932995068,0.5493530885017205,0.897339373370219
Italy,2020,0.0,0.1451853224307906,0.0,0.5587862824533852,0.2267807897814223,0.5587862824533852,0.9307523946655984
Italy,2021,0.0,0.1153746647369723,0.0,0.5365129926505596,0.2174814608430929,0.5365129926505596,0.8693691182306249
Italy,2022,0.0,0.1125648820367277,0.0,0.4860191544423436,0.18689416199844,0.4860191544423436,0.7854781984775114
Italy,2023,0.0,0.1003098047033606,0.0,0.5146410388750379,0.1821840880444978,0.5146410388750379,0.7971349316228963
Jamaica,1980,0.0,0.0,0.0,0.0009566318827937,0.0,0.0009566318827937,0.0009566318827937
Jamaica,1981,0.0,0.0,0.0,0.0009144170792875,0.0,0.0009144170792875,0.0009144170792875
Jamaica,1982,0.0,0.0,0.0,0.0010113122235166,0.0,0.0010113122235166,0.0010113122235166
Jamaica,1983,0.0,0.0,0.0,0.0010941424354904,0.0,0.0010941424354904,0.0010941424354904
Jamaica,1984,0.0,0.0,0.0,0.00082972644076,0.0,0.00082972644076,0.00082972644076
Jamaica,1985,0.0,0.0,0.0,0.0007607995797044,0.0,0.0007607995797044,0.0007607995797044
Jamaica,1986,0.0,0.0,0.0,0.0008938251014039,0.0,0.0008938251014039,0.0008938251014039
Jamaica,1987,0.0,0.0,0.0,0.0011041468315586,0.0,0.0011041468315586,0.0011041468315586
Jamaica,1988,0.0,0.0,0.0,0.0012153784486243,0.0,0.0012153784486243,0.0012153784486243
Jamaica,1989,0.0,0.0,0.0,0.0013479839528894,0.0,0.0013479839528894,0.0013479839528894
Jamaica,1990,0.0,0.0,0.0,0.00139136175344,0.0,0.00139136175344,0.00139136175344
Jamaica,1991,0.0,0.0,0.0,0.00089655721481,0.0,0.00089655721481,0.00089655721481
Jamaica,1992,0.0,0.0,0.0,0.0013200147919295,0.0,0.0013200147919295,0.0013200147919295
Jamaica,1993,0.0,0.0,0.0,0.0016026685244824,0.0,0.0016026685244824,0.0016026685244824
Jamaica,1994,0.0,0.0,0.0,0.0017267876764912,0.0,0.0017267876764912,0.0017267876764912
Jamaica,1995,0.0,0.0,0.0,0.0015925821058096,0.0,0.0015925821058096,0.0015925821058096
Jamaica,1996,0.0,0.0,0.0,0.0016578608154356,0.0,0.0016578608154356,0.0016578608154356
Jamaica,1997,0.0,0.0,0.0,0.001699668550815,0.0,0.001699668550815,0.001699668550815
Jamaica,1998,0.0,0.0,0.0,0.0014257091791526,0.0,0.0014257091791526,0.0014257091791526
Jamaica,1999,0.0,0.0,0.0,0.0014354915852063,0.0,0.0014354915852063,0.0014354915852063
Jamaica,2000,0.0,0.0,0.0,0.0024802759527138,0.0,0.0024802759527138,0.0024802759527138
Jamaica,2001,0.0,0.0,0.0,0.0019579992737545,0.0,0.0019579992737545,0.0019579992737545
Jamaica,2002,0.0,0.0,0.0,0.0034190218535034,0.0,0.0034190218535034,0.0034190218535034
Jamaica,2003,0.0,0.0,0.0,0.0044149969078225,0.0,0.0044149969078225,0.0044149969078225
Jamaica,2004,0.0,0.0,0.0,0.0038822848889315,0.0,0.0038822848889315,0.0038822848889315
Jamaica,2005,0.0,0.0,0.0,0.0042634752110495,0.0,0.0042634752110495,0.0042634752110495
Jamaica,2006,0.0,0.0,0.0,0.0082438694864609,0.0,0.0082438694864609,0.0082438694864609
Jamaica,2007,0.0,0.0,0.0,0.0079390345277042,0.0,0.0079390345277042,0.0079390345277042
Jamaica,2008,0.0,0.0,0.0,0.0095677439140411,0.0,0.0095677439140411,0.0095677439140411
Jamaica,2009,0.0,0.0,0.0,0.0018956546859197,0.0,0.0018956546859197,0.0018956546859197
Jamaica,2010,0.0,0.0,0.0,0.0019317281832791,0.0,0.0019317281832791,0.0019317281832791
Jamaica,2011,0.0,0.0,0.0,0.00216318979092,0.0,0.00216318979092,0.00216318979092
Jamaica,2012,0.0,0.0,0.0,0.002568146600099,0.0,0.002568146600099,0.002568146600099
Jamaica,2013,0.0,0.0,0.0,0.0023441473022079,0.0,0.0023441473022079,0.0023441473022079
Jamaica,2014,0.0,0.0,0.0,0.0023076177859198,0.0,0.0023076177859198,0.0023076177859198
Jamaica,2015,0.0,0.0,0.0,0.0024757817661666,0.0,0.0024757817661666,0.0024757817661666
Jamaica,2016,0.0,0.0,0.0,0.0052392062175223,0.0,0.0052392062175223,0.0052392062175223
Jamaica,2017,0.0,0.0,0.0,0.0021653858820766,0.0,0.0021653858820766,0.0021653858820766
Jamaica,2018,0.0,0.0,0.0,0.0022905174761104,0.0,0.0022905174761104,0.0022905174761104
Jamaica,2019,0.0,0.0,0.0,0.0023551856603944,0.0,0.0023551856603944,0.0023551856603944
Jamaica,2020,0.0,0.0,0.0,0.0023167079632401,0.0,0.0023167079632401,0.0023167079632401
Jamaica,2021,0.0,0.0,0.0,0.0022975999700946,0.0,0.0022975999700946,0.0022975999700946
Jamaica,2022,0.0,0.0,0.0,0.0022848254687263,0.0,0.0022848254687263,0.0022848254687263
Jamaica,2023,0.0,0.0,0.0,0.0022848254687263,0.0,0.0022848254687263,0.0022848254687263
Japan,1980,0.4659419519347219,0.085878,0.8467089576800523,1.149963045324298,0.0,0.3032540876442456,1.70178299725902
Japan,1981,0.4557323320715061,0.081474,0.8908680246598801,1.1908703413277548,0.0,0.3000023166678747,1.728076673399261
Japan,1982,0.4524656766686857,0.079272,1.0163897248864588,1.3851073812127632,0.0,0.3687176563263044,1.916845057881449
Japan,1983,0.4383652152847476,0.081474,1.1262717199312031,1.5155130495921076,0.0,0.3892413296609044,2.035352264876855
Japan,1984,0.427461524934825,0.082575,1.358818703624507,1.7227574062004836,0.018880152,0.3639387025759767,2.251674083135309
Japan,1985,0.4196625878510416,0.086979,1.593314558212659,1.994994461371992,0.0245585136737233,0.4016799031593328,2.526194562896757
Japan,1986,0.4100523706131396,0.081474,1.690420754952255,2.0977207673943004,0.0272505795574289,0.4073000124420456,2.616497717564869
Japan,1987,0.3323465521990723,0.084777,2.0079615316165658,2.404290128650821,0.0279676475342464,0.3963285970342551,2.84938132838414
Japan,1988,0.2854335807065185,0.081474,1.85140560320348,2.313786823987849,0.0257271197632057,0.4623812207843688,2.706421524457573
Japan,1989,0.2590700599015313,0.078171,1.8579638114253407,2.3358698686235053,0.0236859403460836,0.4779060571981647,2.6967968688711204
Japan,1990,0.201922055703354,0.08958885775,1.974121076947604,2.391172876172397,0.023314280510018,0.4170517992247932,2.7059980701357693
Japan,1991,0.2006820280395534,0.094067965145,2.0786530319198224,2.527250272550853,0.0323049089253186,0.4485972406310309,2.854305174660725
Japan,1992,0.1923561280111785,0.09318985767,2.1740742427180573,2.5738328621276443,0.0370656944444442,0.3997586194095872,2.8964445422532674
Japan,1993,0.1823599866397253,0.09620258032,2.423440155541098,2.8651720081996754,0.0338918374316938,0.4417318526585774,3.1776264125910947
Japan,1994,0.1706176838641449,0.0953441433,2.614589947896089,2.9683792011829158,0.0316594551092895,0.3537892532868263,3.2660004834563496
Japan,1995,0.1598623418822016,0.0968542127,2.831888621800822,3.2500854405537414,0.0319914878724953,0.4181968187529191,3.538793483008438
Japan,1996,0.1560410321427347,0.09461354658,2.9345160674225768,3.35651397967346,0.0308911246061018,0.4219979122508837,3.638059683002297
Japan,1997,0.1004675474548584,0.09900263604,3.128120379063159,3.594502373913948,0.0309057111912567,0.4663819948507887,3.824878268600063
Japan,1998,0.093609435273431,0.09823234526,3.210541001183518,3.687778233619721,0.0290521531238614,0.4772372324362037,3.9086721672770137
Japan,1999,0.0933563684032676,0.0985768784,3.0586096014930173,3.5211040369767668,0.026838145974499,0.4624944354837493,3.739875429754533
Japan,2000,0.0750090203164232,0.10630916828,3.111100725594641,3.5127934072843923,0.0273817962298724,0.4016926816897513,3.721493392110688
Japan,2001,0.0714154707601033,0.105805611695,3.0927624243229355,3.481574155342814,0.0277741948251365,0.3888117310198781,3.686569432623054
Japan,2002,0.0325190928159932,0.11711753592,2.8533129030071493,3.2387521810413187,0.0261798666703096,0.3854392780341693,3.414568676447621
Japan,2003,0.0342905609071368,0.12078747072,2.313680902807212,2.747740633006939,0.029915302932836,0.434059730199727,2.932733967566912
Japan,2004,0.0321901058847808,0.1253880264,2.7226938048928613,3.1603986773972417,0.0304917852897704,0.4377048725043802,3.3484685949717927
Japan,2005,0.031608052083405,0.13462473528,2.847626960877809,3.2646217087344813,0.0334160336888341,0.4169947478566723,3.4642705297867207
Japan,2006,0.0341893341590714,0.148413229825,2.9597038859909666,3.417433253664869,0.0326141694120145,0.4577293676739027,3.632649987060955
Japan,2007,0.0323925593809115,0.15768465335,2.713977258059446,3.1327756719129805,0.0348650660144061,0.4187984138535344,3.3577179506582984
Japan,2008,0.0326456262510749,0.156958682895,2.44918537058422,2.89670995950528,0.0360308909999999,0.4475245889210597,3.1223451596513545
Japan,2009,0.0305198645417025,0.151144350665,2.670084839600818,3.138183084110607,0.0332909940182148,0.468098244509789,3.3531382933355243
Japan,2010,0.028976156633706,0.1392186844848825,2.8255032192810794,3.3462056083035683,0.0317751037959926,0.5207023890224888,3.5461755532181494
Japan,2011,0.0302414909845228,0.1390666666666672,1.554488620510614,2.0960499025956425,0.0304844755209471,0.5415612820850283,2.2958425357677794
Japan,2012,0.0315574387093724,0.1325980949673016,0.1532572288471759,0.6774599329047825,0.0293889523333332,0.5242027040576066,0.8710044189147897
Japan,2013,0.0316586654574377,0.1211083736138751,0.1056695268688041,0.6698552858712427,0.0289988742987249,0.5641857590024386,0.8516211992412804
Japan,2014,0.0333542134875323,0.11303128886992,0.0,0.6141659154013143,0.027602399535519,0.6141659154013143,0.7881538172942857
Japan,2015,0.0320129590756664,0.1117671102265191,0.0330068810685117,0.7037227049038264,0.0265169168397085,0.6707158238353146,0.8740196910457205
Japan,2016,0.0325950128770422,0.11512760674766,0.1509573692248863,0.9091702276677328,0.0211291417923496,0.7582128584428464,1.0780219890847846
Japan,2017,0.033604673768933,0.12042533067511,0.28332682399198,1.1239813407965098,0.0204406051845937,0.8406545168045298,1.2984519504251466
Japan,2018,0.0243875228372167,0.1098689837136956,0.4811701939878229,1.3496964587108098,0.0181955271023551,0.8685262647229869,1.502148492364077
Japan,2019,0.0196156180133551,0.0997818789995045,0.642711284827884,1.555627025600209,0.019111707043927,0.912915740772325,1.6941362296569955
Japan,2020,0.0199889928735942,0.0907476783009169,0.4231618567045384,1.4058845630137773,0.0187086981073332,0.982722706309239,1.5353299322956218
Japan,2021,0.0170747507168538,0.0911093863320155,0.6188561847717566,1.6904750701794884,0.0178930703968906,1.0716188854077318,1.8165522776252483
Japan,2022,0.0155792317965869,0.0849143702995143,0.520597490386995,1.6131526860046743,0.0153424093228342,1.0925551956176796,1.72898869742361
Japan,2023,0.0125088510774381,0.0798358298081398,0.7788792888331254,1.943614770098233,0.0144099375775263,1.1647354812651076,2.050369388561337
Jordan,1980,0.0,0.0,0.0,0.0,0.0,0.0,0.0
Jordan,1981,0.0,0.0,0.0,0.0,0.0,0.0,0.0
Jordan,1982,0.0,0.0,0.0,0.0,0.0,0.0,0.0
Jordan,1983,0.0,0.0,0.0,0.0,0.0,0.0,0.0
Jordan,1984,0.0,0.0,0.0,0.0,0.0,0.0,0.0
Jordan,1985,0.0,0.0,0.0,0.0,0.0,0.0,0.0
Jordan,1986,0.0,0.0,0.0,1.02364248993e-05,0.0,1.02364248993e-05,1.02364248993e-05
Jordan,1987,0.0,0.0,0.0,6.48306910294e-05,0.0,6.48306910294e-05,6.48306910294e-05
Jordan,1988,0.0,0.0,0.0,9.21278240944e-05,0.0,9.21278240944e-05,9.21278240944e-05
Jordan,1989,0.0,0.0029316,0.0,5.80064077631e-05,0.0,5.80064077631e-05,0.0029896064077631
Jordan,1990,0.0,0.00480573,0.0,6.48306910294e-05,0.0,6.48306910294e-05,0.0048705606910294
Jordan,1991,0.0,0.00480573,0.0,2.7297133065e-05,0.0,2.7297133065e-05,0.004833027133065
Jordan,1992,0.0,0.0055491,0.0,5.459426613e-05,0.0,5.459426613e-05,0.00560369426613
Jordan,1993,0.0,0.007394961,0.0,7.84792575619e-05,0.0,7.84792575619e-05,0.0074734402575619
Jordan,1994,0.0,0.01035483,0.0,5.11821244969e-05,0.0,5.11821244969e-05,0.0104060121244969
Jordan,1995,0.0,0.01072128,0.0,6.48306910294e-05,0.0,6.48306910294e-05,0.0107861106910294
Jordan,1996,0.0,0.00998319735,0.0,7.84792575619e-05,0.0,7.84792575619e-05,0.0100616766075619
Jordan,1997,0.0,0.01072269345,0.0,6.82428326625e-05,0.0,6.82428326625e-05,0.0107909362826625
Jordan,1998,0.0,0.0103529454,0.0,5.459426613e-05,0.0,5.459426613e-05,0.01040753966613
Jordan,1999,0.0,0.0103529454,0.0,5.80064077631e-05,0.0,5.80064077631e-05,0.0104109518077631
Jordan,2000,0.0,0.01072269345,0.0,0.0001433099485913,0.0,0.0001433099485913,0.0108660033985913
Jordan,2001,0.0,0.01072269345,0.0,0.0002086256597532,0.0,0.0002086256597532,0.0109313191097532
Jordan,2002,0.0,0.01146218955,0.0,0.0002385349012432,0.0,0.0002385349012432,0.0117007244512432
Jordan,2003,0.0,0.01146218955,0.0,0.000210886753608,0.0,0.000210886753608,0.011673076303608
Jordan,2004,0.0,0.01146218955,0.0,0.0002477662844247,4.36e-05,0.0002477662844247,0.0117535558344247
Jordan,2005,0.0,0.0103529454,0.0,0.0002513134316617,4.34808743169e-05,0.0002513134316617,0.0106477397059787
Jordan,2006,0.0,0.0118319376,0.0,0.0002403599769995,4.34808743169e-05,0.0002403599769995,0.0121157784513164
Jordan,2007,0.0,0.0073984925,0.0,0.0003138090257646,4.34808743169e-05,0.0003138090257646,0.0077557824000815
Jordan,2008,0.0,0.0062147337,0.0,0.0003070667459022,4.36e-05,0.0003070667459022,0.0065654004459022
Jordan,2009,0.0,0.0065106734,0.0,0.0002764634756041,4.34808743169e-05,0.0002764634756041,0.0068306177499211
Jordan,2010,0.0,0.0065106734,0.0,0.000302772567657,4.34808743169e-05,0.000302772567657,0.0068569268419739
Jordan,2011,0.0,0.00588920003,0.0,0.0002722232996005,3.91327868852e-05,0.0002722232996005,0.0062005561164857
Jordan,2012,0.0,0.0053269146,0.0,0.0002720632929588,4.796e-05,0.0002720632929588,0.0056469378929588
Jordan,2013,0.0,0.00491259902,0.0,0.0002517404493866,4.78289617486e-05,0.0002517404493866,0.0052121684311352
Jordan,2014,0.0,0.00429112565,0.0,0.000258378724932,4.78289617486e-05,0.000258378724932,0.0045973333366806
Jordan,2015,0.0,0.00446868947,0.0,0.0008202360468273,4.78289617486e-05,0.0008202360468273,0.0053367544785759
Jordan,2016,0.0,0.0037880339422,0.0,0.0029747834790153,4.796e-05,0.0029747834790153,0.0068107774212153
Jordan,2017,0.0,0.0036400653492,0.0,0.0047967911079508,4.34808743169e-05,0.0047967911079508,0.0084803373314678
Jordan,2018,0.0,0.003430417571252,0.0,0.0074010756080825,4.34808743169e-05,0.0074010756080825,0.0108749740536514
Jordan,2019,0.0,0.003428768192836,0.0,0.0101185338058928,4.34808743169e-05,0.0101185338058928,0.0135907828730457
Jordan,2020,0.0,0.005502066314934,0.0,0.0134048880177644,4.36e-05,0.0134048880177644,0.0189505543326984
Jordan,2021,0.0,0.006755417191978,0.0,0.0167716481671718,4.34808743169e-05,0.0167716481671718,0.0235705462334667
Jordan,2022,0.0,0.005541769209662,0.0,0.0178259999318083,4.34808743169e-05,0.0178259999318083,0.0234112500157873
Jordan,2023,0.0,0.00591885835002,0.0,0.0178259999318083,4.34808743169e-05,0.0178259999318083,0.0237883391561453
Kazakhstan,1992,3.362883312031172,0.29949435,0.0054023992458801,0.0285947259262507,0.933966610604145,0.0231923266803706,4.624938998561567
Kazakhstan,1993,2.849292555201004,0.24773067,0.004321919396704,0.0300938251517194,0.8836162153171022,0.0257719057550153,4.010733265669825
Kazakhstan,1994,2.652626496107092,0.16638924,0.0042195581478347,0.0352256891680683,0.8732093889587375,0.0310061310202335,3.727450814233897
Kazakhstan,1995,2.146158239581117,0.17712099,0.0011373472096589,0.0292806913996982,0.9048531453379466,0.0281433441900392,3.2574130663187617
Kazakhstan,1996,1.9769456988653855,0.15677778,0.001023612488693,0.0257889364619356,0.9744075330111552,0.0247653239732425,3.1339199483384768
Kazakhstan,1997,1.8649789273487496,0.2255463105,0.003241439547528,0.0251951588150732,1.1172778703771702,0.0219537192675451,3.232998267040993
Kazakhstan,1998,1.83670153723058,0.2033614275,0.0011373472096589,0.0218831683390768,1.1257315917899624,0.0207458211294178,3.187677724859619
Kazakhstan,1999,1.5423402837338198,0.170084103,1.13734720965e-05,0.0207264853268163,1.3128298563199916,0.0207151118547197,3.0459807283806275
Kazakhstan,2000,1.9902073698455565,0.3290757645,0.0,0.0254409280166019,1.5441433292590778,0.0254409280166019,3.888867391621236
Kazakhstan,2001,2.0348558804193515,0.3727060344,0.0,0.0272971330650235,1.7577763074242048,0.0272971330650235,4.19263535530858
Kazakhstan,2002,1.886931111861388,0.4843699455,0.0,0.030030258513159,2.0845388598971497,0.030030258513159,4.485870175771697
Kazakhstan,2003,2.147566793939697,0.26607069678,0.0,0.0291362774052794,2.305900442540733,0.0291362774052794,4.748674210665709
Kazakhstan,2004,2.207576518411705,0.331627026045,0.0,0.0272152416658284,2.6757512137690376,0.0272152416658284,5.242169999891572
Kazakhstan,2005,2.2002148294208026,0.44776488855,0.0,0.0265362254808359,2.760146674214393,0.0265362254808359,5.434662617666032
Kazakhstan,2006,2.569016844077156,0.50544558435,0.0,0.0262427813003869,2.908814540766842,0.0262427813003869,6.009519750494385
Kazakhstan,2007,2.599925307191388,0.6491080638,0.0,0.027669250562005,3.0199782239901127,0.027669250562005,6.296680845543506
Kazakhstan,2008,2.6308337703411637,0.7354193364,0.0,0.0252020781022829,3.016962660455943,0.0252020781022829,6.40841784529939
Kazakhstan,2009,2.6803457796418404,0.6967960272,0.0,0.0232400966632344,3.2442222146264785,0.0232400966632344,6.644604118131554
Kazakhstan,2010,2.948103962111784,0.7089966534,0.0,0.0271026409919352,3.3945584578025016,0.0271026409919352,7.0787617143062205
Kazakhstan,2011,3.094832788625109,0.7682813565,0.0,0.0266317654465635,3.457140650256001,0.0266317654465635,7.346886560827673
Kazakhstan,2012,3.2031851566234404,0.7860264377,0.0,0.0258367364460447,3.3929325456518997,0.0258367364460447,7.407980876421385
Kazakhstan,2013,3.1778577573106035,0.7924791945,0.0,0.0262086598840557,3.499920042211086,0.0262086598840557,7.496465653905745
Kazakhstan,2014,3.041456572156678,0.8126440595,0.0,0.0282990176518224,3.629783129423526,0.0282990176518224,7.512182778732026
Kazakhstan,2015,2.9130751725878787,0.854990276,0.0,0.0321898732556838,3.69204119944138,0.0321898732556838,7.492296521284943
Kazakhstan,2016,2.8090491715704333,0.85753102740621,0.0,0.0406960092332447,3.5848837913783598,0.0406960092332447,7.292159999588248
Kazakhstan,2017,2.750647417779241,0.90386493376947,0.0,0.0395942881023734,3.964865605255097,0.0395942881023734,7.658972244906181
Kazakhstan,2018,2.714389000789572,0.955486549623198,0.0,0.0384414684504754,4.1498957618829255,0.0384414684504754,7.85821278074617
Kazakhstan,2019,2.641484484157892,0.935362896091398,0.0,0.0394902795851283,4.150441346795287,0.0394902795851283,7.766779006629705
Kazakhstan,2020,2.607367734049052,0.8548905516493981,0.0,0.0418821110666385,3.9332911073422174,0.0418821110666385,7.437431504107306
Kazakhstan,2021,2.262049170154151,1.0786739930099976,0.0,0.0432655917523647,3.930674581394452,0.0432655917523647,7.314663336310964
Kazakhstan,2022,2.7080604747049115,1.0893451488931976,0.0,0.0461155551908603,3.857337935806728,0.0461155551908603,7.700859114595697
Kazakhstan,2023,2.623948365687013,1.1602349363899975,0.0,0.0481696644540033,4.132065124793739,0.0481696644540033,7.964418091324753
Kenya,1980,0.0,0.0,0.0,0.0049609983615295,0.0,0.0049609983615295,0.0049609983615295
Kenya,1981,0.0,0.0,0.0,0.0062405384992379,0.0,0.0062405384992379,0.0062405384992379
Kenya,1982,0.0,0.0,0.0,0.0065357055563791,0.0,0.0065357055563791,0.0065357055563791
Kenya,1983,0.0,0.0,0.0,0.0074073001809856,0.0,0.0074073001809856,0.0074073001809856
Kenya,1984,0.0,0.0,0.0,0.0074002811751067,0.0,0.0074002811751067,0.0074002811751067
Kenya,1985,0.0,0.0,0.0,0.0084367880490273,0.0,0.0084367880490273,0.0084367880490273
Kenya,1986,0.0,0.0,0.0,0.0088643711473913,0.0,0.0088643711473913,0.0088643711473913
Kenya,1987,0.0,0.0,0.0,0.0091478608146427,0.0,0.0091478608146427,0.0091478608146427
Kenya,1988,0.0,0.0,0.0,0.0107905783015004,0.0,0.0107905783015004,0.0107905783015004
Kenya,1989,0.0,0.0,0.0,0.01137059197704,0.0,0.01137059197704,0.01137059197704
Kenya,1990,0.0,0.0,0.0,0.0117732842522215,0.0,0.0117732842522215,0.0117732842522215
Kenya,1991,0.0,0.0,0.0,0.0125298400957744,0.0,0.0125298400957744,0.0125298400957744
Kenya,1992,0.0,0.0,0.0,0.0125861904347966,0.0,0.0125861904347966,0.0125861904347966
Kenya,1993,0.0,0.0,0.0,0.0133065911776029,0.0,0.0133065911776029,0.0133065911776029
Kenya,1994,0.0,0.0,0.0,0.0125118473489212,0.0,0.0125118473489212,0.0125118473489212
Kenya,1995,0.0,0.0,0.0,0.0132722669128517,0.0,0.0132722669128517,0.0132722669128517
Kenya,1996,0.0,0.0,0.0,0.0139308142482114,0.0,0.0139308142482114,0.0139308142482114
Kenya,1997,0.0,0.0,0.0,0.0135024504674424,0.0,0.0135024504674424,0.0135024504674424
Kenya,1998,0.0,0.0,0.0,0.0136335719101063,0.0,0.0136335719101063,0.0136335719101063
Kenya,1999,0.0,0.0,0.0,0.0107811475100417,0.0,0.0107811475100417,0.0107811475100417
Kenya,2000,0.0,0.0,0.0,0.0059405385832757,0.0,0.0059405385832757,0.0059405385832757
Kenya,2001,0.0,0.0,0.0,0.0097553129291127,0.0,0.0097553129291127,0.0097553129291127
Kenya,2002,0.0,0.0,0.0,0.016601716213539,0.0,0.016601716213539,0.016601716213539
Kenya,2003,0.0,0.0,0.0,0.018421870165531,0.0,0.018421870165531,0.018421870165531
Kenya,2004,0.0,0.0,0.0,0.0178967100668851,0.0,0.0178967100668851,0.0178967100668851
Kenya,2005,0.0,0.0,0.0,0.0183152935416875,0.0,0.0183152935416875,0.0183152935416875
Kenya,2006,0.0,0.0,0.0,0.0191582885332062,0.0,0.0191582885332062,0.0191582885332062
Kenya,2007,0.0,0.0,0.0,0.0198789759479119,0.0,0.0198789759479119,0.0198789759479119
Kenya,2008,0.0,0.0,0.0,0.0182510313742567,0.0,0.0182510313742567,0.0182510313742567
Kenya,2009,0.0,0.0,0.0,0.0169253779311225,0.0,0.0169253779311225,0.0169253779311225
Kenya,2010,0.0,0.0,0.0,0.0217166990567176,0.0,0.0217166990567176,0.0217166990567176
Kenya,2011,0.0,0.0,0.0,0.0220554970542436,0.0,0.0220554970542436,0.0220554970542436
Kenya,2012,0.0,0.0,0.0,0.0251134001707297,0.0,0.0251134001707297,0.0251134001707297
Kenya,2013,0.0,0.0,0.0,0.0253229896430342,0.0,0.0253229896430342,0.0253229896430342
Kenya,2014,0.0,0.0,0.0,0.0279034807350246,0.0,0.0279034807350246,0.0279034807350246
Kenya,2015,0.0,0.0,0.0,0.0339282788157918,0.0,0.0339282788157918,0.0339282788157918
Kenya,2016,0.0,0.0,0.0,0.0335685441371473,0.0,0.0335685441371473,0.0335685441371473
Kenya,2017,0.0,0.0,0.0,0.0339464510687211,0.0,0.0339464510687211,0.0339464510687211
Kenya,2018,0.0,0.0,0.0,0.0341702831596716,0.0,0.0341702831596716,0.0341702831596716
Kenya,2019,0.0,0.0,0.0,0.0357645881369952,0.0,0.0357645881369952,0.0357645881369952
Kenya,2020,0.0,0.0,0.0,0.0384826096581882,0.0,0.0384826096581882,0.0384826096581882
Kenya,2021,0.0,0.0,0.0,0.0392996811089271,0.0,0.0392996811089271,0.0392996811089271
Kenya,2022,0.0,0.0,0.0,0.0402945352428487,0.0,0.0402945352428487,0.0402945352428487
Kenya,2023,0.0,0.0,0.0,0.0402708877996433,0.0,0.0402708877996433,0.0402708877996433
Kiribati,1980,0.0,0.0,0.0,0.0,0.0,0.0,0.0
Kiribati,1981,0.0,0.0,0.0,0.0,0.0,0.0,0.0
Kiribati,1982,0.0,0.0,0.0,0.0,0.0,0.0,0.0
Kiribati,1983,0.0,0.0,0.0,0.0,0.0,0.0,0.0
Kiribati,1984,0.0,0.0,0.0,0.0,0.0,0.0,0.0
Kiribati,1985,0.0,0.0,0.0,0.0,0.0,0.0,0.0
Kiribati,1986,0.0,0.0,0.0,0.0,0.0,0.0,0.0
Kiribati,1987,0.0,0.0,0.0,0.0,0.0,0.0,0.0
Kiribati,1988,0.0,0.0,0.0,0.0,0.0,0.0,0.0
Kiribati,1989,0.0,0.0,0.0,0.0,0.0,0.0,0.0
Kiribati,1990,0.0,0.0,0.0,0.0,0.0,0.0,0.0
Kiribati,1991,0.0,0.0,0.0,0.0,0.0,0.0,0.0
Kiribati,1992,0.0,0.0,0.0,0.0,0.0,0.0,0.0
Kiribati,1993,0.0,0.0,0.0,0.0,0.0,0.0,0.0
Kiribati,1994,0.0,0.0,0.0,0.0,0.0,0.0,0.0
Kiribati,1995,0.0,0.0,0.0,0.0,0.0,0.0,0.0
Kiribati,1996,0.0,0.0,0.0,0.0,0.0,0.0,0.0
Kiribati,1997,0.0,0.0,0.0,0.0,0.0,0.0,0.0
Kiribati,1998,0.0,0.0,0.0,0.0,0.0,0.0,0.0
Kiribati,1999,0.0,0.0,0.0,0.0,0.0,0.0,0.0
Kiribati,2000,0.0,0.0,0.0,0.0,0.0,0.0,0.0
Kiribati,2001,0.0,0.0,0.0,0.0,0.0,0.0,0.0
Kiribati,2002,0.0,0.0,0.0,0.0,0.0,0.0,0.0
Kiribati,2003,0.0,0.0,0.0,0.0,0.0,0.0,0.0
Kiribati,2004,0.0,0.0,0.0,0.0,0.0,0.0,0.0
Kiribati,2005,0.0,0.0,0.0,1.3648566532e-06,0.0,1.3648566532e-06,1.3648566532e-06
Kiribati,2006,0.0,0.0,0.0,1.3648566532e-06,0.0,1.3648566532e-06,1.3648566532e-06
Kiribati,2007,0.0,0.0,0.0,1.3648566532e-06,0.0,1.3648566532e-06,1.3648566532e-06
Kiribati,2008,0.0,0.0,0.0,1.7060708165e-06,0.0,1.7060708165e-06,1.7060708165e-06
Kiribati,2009,0.0,0.0,0.0,1.7060708165e-06,0.0,1.7060708165e-06,1.7060708165e-06
Kiribati,2010,0.0,0.0,0.0,2.3884991431e-06,0.0,2.3884991431e-06,2.3884991431e-06
Kiribati,2011,0.0,0.0,0.0,2.3884991431e-06,0.0,2.3884991431e-06,2.3884991431e-06
Kiribati,2012,0.0,0.0,0.0,2.7297133065e-06,0.0,2.7297133065e-06,2.7297133065e-06
Kiribati,2013,0.0,0.0,0.0,2.7297133065e-06,0.0,2.7297133065e-06,2.7297133065e-06
Kiribati,2014,0.0,0.0,0.0,4.435784123e-06,0.0,4.435784123e-06,4.435784123e-06
Kiribati,2015,0.0,0.0,0.0,1.33073523691e-05,0.0,1.33073523691e-05,1.33073523691e-05
Kiribati,2016,0.0,0.0,0.0,1.6378279839e-05,0.0,1.6378279839e-05,1.6378279839e-05
Kiribati,2017,0.0,0.0,0.0,1.6378279839e-05,0.0,1.6378279839e-05,1.6378279839e-05
Kiribati,2018,0.0,0.0,0.0,1.6378279839e-05,0.0,1.6378279839e-05,1.6378279839e-05
Kiribati,2019,0.0,0.0,0.0,2.04728497987e-05,0.0,2.04728497987e-05,2.04728497987e-05
Kiribati,2020,0.0,0.0,0.0,2.04728497987e-05,0.0,2.04728497987e-05,2.04728497987e-05
Kiribati,2021,0.0,0.0,0.0,2.04728497987e-05,0.0,2.04728497987e-05,2.04728497987e-05
Kiribati,2022,0.0,0.0,0.0,2.04728497987e-05,0.0,2.04728497987e-05,2.04728497987e-05
Kiribati,2023,0.0,0.0,0.0,2.04728497987e-05,0.0,2.04728497987e-05,2.04728497987e-05
Kosovo,2008,0.0600800254968187,0.0,0.0,0.0002559106224845,0.0,0.0002559106224845,0.0603359361193033
Kosovo,2009,0.0668732770868445,0.0,0.0,0.0004060448543422,0.0,0.0004060448543422,0.0672793219411867
Kosovo,2010,0.0673252189805677,0.0,0.0,0.0005288819531348,0.0,0.0005288819531348,0.0678541009337025
Kosovo,2011,0.0645500132894241,0.0,0.0,0.0003650991547446,0.0,0.0003650991547446,0.0649151124441687
Kosovo,2012,0.0675935594799658,0.0,0.0,0.0003343898800465,0.0,0.0003343898800465,0.0679279493600123
Kosovo,2013,0.0639772185319074,0.0,0.0,0.0004947605368035,0.0,0.0004947605368035,0.0644719790687109
Kosovo,2014,0.0560763940021731,0.0,0.0,0.0005186455282354,0.0,0.0005186455282354,0.0565950395304086
Kosovo,2015,0.0641484679305814,0.0,0.0,0.0004845241119041,0.0,0.0004845241119041,0.0646329920424856
Kosovo,2016,0.0685075435331935,0.0,0.0,0.0008397280559127,0.0,0.0008397280559127,0.0693472715891062
Kosovo,2017,0.0589619230171457,0.0,0.0,0.0006175976355961,0.0,0.0006175976355961,0.0595795206527419
Kosovo,2018,0.0596318973696343,0.0,0.0,0.0010314904156945,0.0,0.0010314904156945,0.0606633877853289
Kosovo,2019,0.0627629046140369,0.0,0.0,0.0010574226921063,0.0,0.0010574226921063,0.0638203273061432
Kosovo,2020,0.0652422767602304,0.0,0.0,0.001244749267765,0.0,0.001244749267765,0.0664870260279955
Kosovo,2021,0.0664403764736719,0.0,0.0,0.0014979301769431,0.0,0.0014979301769431,0.0679383066506151
Kosovo,2022,0.0671023385170142,0.0,0.0,0.0021940070701012,0.0,0.0021940070701012,0.0692963455871154
Kosovo,2023,0.0511994916121812,0.0,0.0,0.0027467740146679,0.0,0.0027467740146679,0.0539462656268492
Kuwait,1980,0.0,0.255468,0.0,0.0,0.0,0.0,0.255468
Kuwait,1981,0.0,0.1047,0.0,0.0,0.0,0.0,0.1047
Kuwait,1982,0.0,0.1047,0.0,0.0,0.0,0.0,0.1047
Kuwait,1983,0.0,0.129828,0.0,0.0,0.0,0.0,0.129828
Kuwait,1984,0.0,0.150768,0.0,0.0,2.113502218578291,0.0,2.2642702185782912
Kuwait,1985,0.0,0.14658,0.0,0.0,1.9638193824970755,0.0,2.1103993824970755
Kuwait,1986,0.0,0.181131,0.0,0.0,2.859412665418916,0.0,3.040543665418916
Kuwait,1987,0.0,0.195789,0.0,0.0,2.61612405657709,0.0,2.81191305657709
Kuwait,1988,0.0,0.24081,0.0,0.0,2.9279622105026544,0.0,3.1687722105026546
Kuwait,1989,0.0,0.301536,0.0,0.0,3.536242525260417,0.0,3.8377785252604175
Kuwait,1990,0.0,0.154923092168354,0.0,0.0,2.348338541135976,0.0,2.5032616333043296
Kuwait,1991,0.0,0.018846,0.0,0.0,0.2729282998395825,0.0,0.2917742998395826
Kuwait,1992,0.0,0.0968739891,0.0,0.0,1.9651286979643776,0.0,2.062002687064378
Kuwait,1993,0.0,0.200403129,0.0,0.0,3.764472143145972,0.0,3.964875272145972
Kuwait,1994,0.0,0.22073901,0.0,0.0,4.097288159595818,0.0,4.318027169595818
Kuwait,1995,0.0,0.22073901,0.0,0.0,4.11869703152626,0.0,4.33943604152626
Kuwait,1996,0.0,0.22073958585,0.0,0.0,4.0761444204779,0.0,4.2968840063279
Kuwait,1997,0.0,0.34275644235,0.0,0.0,4.144248672415373,0.0,4.487005114765373
Kuwait,1998,0.0,0.332773245,0.0,0.0,4.090399496875884,0.0,4.423172741875884
Kuwait,1999,0.0,0.3194623152,0.0,0.0,3.74840278142444,0.0,4.06786509662444
Kuwait,2000,0.0,0.354958128,0.0,0.0,4.000373005594881,0.0,4.3553311335948806
Kuwait,2001,0.0,0.3142858425,0.0,0.0,3.896104490297557,0.0,4.210390332797557
Kuwait,2002,0.0,0.29579844,0.0,0.0,3.6512802558087705,0.0,3.9470786958087705
Kuwait,2003,0.0,0.3364707255,0.0,0.0,4.884688804846264,0.0,5.221159530346264
Kuwait,2004,0.0,0.3586556085,0.0,0.0,5.27217331214567,0.0,5.630828920645669
Kuwait,2005,0.0,0.4547901015,0.0,0.0,5.427875035434907,0.0,5.882665136934906
Kuwait,2006,0.0,0.45885733005,0.0,0.0,5.592828056483413,0.0,6.051685386533413
Kuwait,2007,0.0,0.4459161483,0.0,0.0,5.468253266062003,0.0,5.914169414362004
Kuwait,2008,0.0,0.4695800235,0.0,0.0,5.822576162788572,0.0,6.292156186288572
Kuwait,2009,0.0,0.424803534645,0.0,0.0,5.302796124004662,0.0,5.727599658649663
Kuwait,2010,0.0,0.433825387065,0.0,0.0,5.20096659502778,0.0,5.634791982092779
Kuwait,2011,0.0,0.500380036065,0.0,0.0,5.754949840017454,0.0,6.255329876082453
Kuwait,2012,0.0,0.573664099575,0.0,0.0,6.016857106894349,0.0,6.59052120646935
Kuwait,2013,0.0,0.603096044355,0.0,2.11552781253e-05,6.141011327517272,2.11552781253e-05,6.744128527150397
Kuwait,2014,0.0,0.555694344345,0.0,3.07092746981e-05,6.123840439795506,3.07092746981e-05,6.679565493415204
Kuwait,2015,0.0,0.625206977745,0.0,3.75335579644e-05,6.491572547312464,3.75335579644e-05,7.116817058615429
Kuwait,2016,0.0,0.6393312332688,0.0,5.11821244969e-05,6.731787751158112,5.11821244969e-05,7.371170166551409
Kuwait,2017,0.0,0.624583662,0.0,0.0001296613820588,6.416843427991935,0.0001296613820588,7.041556751373994
Kuwait,2018,0.0,0.66277194,0.0,0.0003105048886146,6.4912086221048,0.0003105048886146,7.154291066993414
Kuwait,2019,0.0,0.64253254005,0.0,0.0003241534551471,6.401683166120973,0.0003241534551471,7.04453985962612
Kuwait,2020,0.0,0.5133435765,0.0,0.0003036806053483,5.810953689027108,0.0003036806053483,6.324600946132456
Kuwait,2021,0.0,0.5995561137975,0.0,0.0007301983094893,5.757185022651787,0.0007301983094893,6.357471334758776
Kuwait,2022,0.0,0.6320863493535,0.0,0.0064864812445762,6.412720657490442,0.0064864812445762,7.051293488088518
Kuwait,2023,0.0,0.7101736342515,0.0,0.0065082852834267,6.16253328003571,0.0065082852834267,6.879215199570637
Kyrgyzstan,1992,0.0337900056240451,0.00364649,0.0,0.0313746423166114,0.0064562342666323,0.0313746423166114,0.0752673722072889
Kyrgyzstan,1993,0.0270351463213685,0.00145935,0.0,0.0306888018483526,0.0037514366685896,0.0306888018483526,0.0629347348383109
Kyrgyzstan,1994,0.013274084050666,0.0012834,0.0,0.039604727935716,0.0037631966581463,0.039604727935716,0.0579254086445283
Kyrgyzstan,1995,0.0072732555224326,0.00128781,0.0,0.0375574429558392,0.0042923961881982,0.0375574429558392,0.05041090466647
Kyrgyzstan,1996,0.0064249708596331,0.00088995,0.0,0.0413961022931081,0.0042933957873105,0.0413961022931081,0.0530044189400518
Kyrgyzstan,1997,0.0082000850737286,0.00066554649,0.0,0.0369364331786099,0.0036356595714038,0.0369364331786099,0.0494377243137425
Kyrgyzstan,1998,0.0067862773023961,0.00051764727,0.0,0.0335891222365114,0.0049362556164279,0.0335891222365114,0.0458293024253355
Kyrgyzstan,1999,0.0065506426369066,0.00036974805,0.0,0.0410173545718309,0.0032192971411486,0.0410173545718309,0.0511570423998862
Kyrgyzstan,2000,0.0066763144695812,0.000480672465,0.0,0.046220870562351,0.0032281171333161,0.046220870562351,0.0566059746302485
Kyrgyzstan,2001,0.0074774721882026,0.00059159688,0.0,0.0419898149372724,0.0032192971411486,0.0419898149372724,0.0532781811466237
Kyrgyzstan,2002,0.0072104196337959,0.00036974805,0.0,0.0364382605001732,0.0032407591220896,0.0364382605001732,0.0472591873060588
Kyrgyzstan,2003,0.006534933692448,0.000998319735,0.0,0.0456578671928849,0.0029402913889157,0.0456578671928849,0.0561314120092487
Kyrgyzstan,2004,0.0072418375781142,0.001072269345,0.0,0.0476096122070341,0.0031134689951278,0.0476096122070341,0.0590371881252762
Kyrgyzstan,2005,0.0052625066982487,0.00110924415,0.0,0.0431977130753997,0.0046582906232708,0.0431977130753997,0.0542277545469192
Kyrgyzstan,2006,0.0050425810326189,0.00096134493,0.0,0.0421297127442306,0.0028691552120872,0.0421297127442306,0.0510027939189368
Kyrgyzstan,2007,0.0062050451940033,0.000680336412,0.0,0.0430236938521102,0.0026376362976843,0.0430236938521102,0.0525467117557979
Kyrgyzstan,2008,0.0076188529653358,0.00110924415,0.0,0.0341998955888413,0.0021520780888774,0.0341998955888413,0.0450800707930546
Kyrgyzstan,2009,0.0095353479565647,0.000569411997,0.0,0.0345138126190891,0.0021461980940991,0.0345138126190891,0.0467647706667529
Kyrgyzstan,2010,0.0090326607366684,0.00044369766,0.0,0.0375233215395079,0.0021461980940991,0.0375233215395079,0.0491458780302754
Kyrgyzstan,2011,0.0130541583850362,0.00036974805,0.0,0.0477631585805249,0.0021461980940991,0.0477631585805249,0.0633332631096602
Kyrgyzstan,2012,0.0182852471389666,0.00022184883,0.0,0.0478962321042168,0.0021520780888774,0.0478962321042168,0.0685554061620609
Kyrgyzstan,2013,0.022118237066023,0.00118319376,0.0,0.0443441926641307,0.0021461980940991,0.0443441926641307,0.0697918215842528
Kyrgyzstan,2014,0.0281802855947333,0.00125714337,0.0,0.0449208446001293,0.0021461980940991,0.0449208446001293,0.0765044716589617
Kyrgyzstan,2015,0.0285269278450467,0.00110924415,0.0,0.0374960244064429,0.0021461980940991,0.0374960244064429,0.0692783944955887
Kyrgyzstan,2016,0.0285767141251771,0.0010052525109375,0.0,0.0388267596433628,0.0021520780888774,0.0388267596433628,0.0705608043683549
Kyrgyzstan,2017,0.0288630134202546,0.0010052525109375,0.0,0.0479781235034119,0.0075116933293468,0.0479781235034119,0.0853580827639509
Kyrgyzstan,2018,0.0369994417285705,0.001052686305162,0.0,0.0483664252212619,0.0085847923763964,0.0483664252212619,0.0950033456313908
Kyrgyzstan,2019,0.0401093965484739,0.000944791903974,0.0,0.0467654483669982,0.0100871310422657,0.0467654483669982,0.097906767861712
Kyrgyzstan,2020,0.042336894181475,0.000871194085974,0.0,0.0476983278894954,0.0103299748266117,0.0476983278894954,0.1012363909835563
Kyrgyzstan,2021,0.0329685844185273,0.000863834304174,0.0,0.0442111191404387,0.0113748498987252,0.0442111191404387,0.0894183877618653
Kyrgyzstan,2022,0.0541494791546978,0.001147185902427,0.0,0.0406147218591218,0.0127183699056312,0.0406147218591218,0.1086297568218779
Kyrgyzstan,2023,0.0560081819434146,0.001058868521874,0.0,0.0401421335585481,0.0133064281834144,0.0401421335585481,0.1105156122072512
Laos,1980,0.0,0.0,0.0,0.0031391703024777,0.0,0.0031391703024777,0.0031391703024777
Laos,1981,0.0,0.0,0.0,0.0037158222384763,0.0,0.0037158222384763,0.0037158222384763
Laos,1982,0.0,0.0,0.0,0.0038830171784995,0.0,0.0038830171784995,0.0038830171784995
Laos,1983,0.0,0.0,0.0,0.0034769723241573,0.0,0.0034769723241573,0.0034769723241573
Laos,1984,0.0,0.0,0.0,0.0032074131351402,0.0,0.0032074131351402,0.0032074131351402
Laos,1985,0.0,0.0,0.0,0.0029242053795906,0.0,0.0029242053795906,0.0029242053795906
Laos,1986,0.0,0.0,0.0,0.0027945439975317,0.0,0.0027945439975317,0.0027945439975317
Laos,1987,0.0,0.0,0.0,0.0018118472071909,0.0,0.0018118472071909,0.0018118472071909
Laos,1988,0.0,0.0,0.0,0.0016617129753333,0.0,0.0016617129753333,0.0016617129753333
Laos,1989,0.0,0.0,0.0,0.0022554256194975,0.0,0.0022554256194975,0.0022554256194975
Laos,1990,7.23986750746e-05,0.0,0.0,0.0027877197142655,0.0,0.0027877197142655,0.0028601183893401
Laos,1991,0.0001206644584576,0.0,0.0,0.00298903607062,0.0,0.00298903607062,0.0031097005290777
Laos,1992,0.0002171960252238,0.0,0.0,0.0029276175212237,0.0,0.0029276175212237,0.0031448135464476
Laos,1993,0.0003378604836815,0.0,0.0,0.0029583267959219,0.0,0.0029583267959219,0.0032961872796034
Laos,1994,0.0004585249421392,0.0,0.0,0.0029105568130581,0.0,0.0029105568130581,0.0033690817551973
Laos,1995,0.0005550565089053,0.0,0.0,0.0035554515817193,0.0,0.0035554515817193,0.0041105080906246
Laos,1996,0.001145341932589,0.0,0.0,0.0040740971099547,0.0,0.0040740971099547,0.0052194390425437
Laos,1997,0.0020679284611541,0.0,0.0,0.0039717328609609,0.0,0.0039717328609609,0.006039661322115
Laos,1998,0.0033220612321955,0.0,0.0,0.0061486792228965,0.0,0.0061486792228965,0.009470740455092
Laos,1999,0.0044385710453694,0.0,0.0,0.0079298171553893,0.0,0.0079298171553893,0.0123683882007588
Laos,2000,0.0034400392887029,0.0,0.0,0.0111815881317602,0.0,0.0111815881317602,0.0146216274204632
Laos,2001,0.003762967181731,0.0,0.0,0.0112498309644228,0.0,0.0112498309644228,0.0150127981461539
Laos,2002,0.0041683849968628,0.0,0.0,0.0109597989256069,0.0,0.0109597989256069,0.0151281839224698
Laos,2003,0.0046317812156033,0.0,0.0,0.0096631851050183,0.0,0.0096631851050183,0.0142949663206216
Laos,2004,0.0055184481128598,0.0,0.0,0.0102296006161175,0.0,0.0102296006161175,0.0157480487289773
Laos,2005,0.0059402262302726,0.0,0.0,0.011976617132279,0.0,0.011976617132279,0.0179168433625517
Laos,2006,0.0065574659548003,0.0,0.0,0.0122837098792605,0.0,0.0122837098792605,0.0188411758340609
Laos,2007,0.007484631532557,0.0,0.0,0.0114989173036411,0.0,0.0114989173036411,0.0189835488361982
Laos,2008,0.0085607897925158,0.0,0.0,0.0126931668752359,0.0,0.0126931668752359,0.0212539566677517
Laos,2009,0.0095608015150592,0.0,0.0,0.0114989173036411,0.0,0.0114989173036411,0.0210597188187003
Laos,2010,0.0132797960141014,0.0,0.0,0.0285425647611152,0.0,0.0285425647611152,0.0418223607752166
Laos,2011,0.0150401277688153,0.0,0.0,0.0438084864277296,0.0,0.0438084864277296,0.0588486141965449
Laos,2012,0.0165057745517538,0.0,0.0,0.044106707606465,0.0,0.044106707606465,0.0606124821582188
Laos,2013,0.0182664794467434,0.0,0.0,0.0524313097488155,0.0,0.0524313097488155,0.070697789195559
Laos,2014,0.0200271843417331,0.0,0.0,0.0516425456083421,0.0,0.0516425456083421,0.0716697299500752
Laos,2015,0.069568053810607,0.0,0.0,0.0474759670596148,0.0,0.0474759670596148,0.1170440208702219
Laos,2016,0.1888226693796612,0.0,0.0,0.0598588774565473,0.0,0.0598588774565473,0.2486815468362085
Laos,2017,0.1935004118926316,0.0,0.0,0.0688737538511966,0.0,0.0688737538511966,0.2623741657438282
Laos,2018,0.2285617913133508,0.0,0.0,0.0766608260814479,0.0,0.0766608260814479,0.3052226173947987
Laos,2019,0.2200445922105953,0.0,0.0,0.0679107138767821,0.0,0.0679107138767821,0.2879553060873774
Laos,2020,0.2118025394680695,0.0,0.0,0.0979371982332812,0.0,0.0979371982332812,0.3097397377013508
Laos,2021,0.2117746948332106,0.0,0.0,0.1129043194971175,0.0,0.1129043194971175,0.3246790143303281
Laos,2022,0.1901180453675414,0.0,0.0,0.1327581185999745,0.0,0.1327581185999745,0.3228761639675159
Laos,2023,0.2216259227786335,0.0,0.0,0.1370710656242482,0.0,0.1370710656242482,0.3586969884028818
Latvia,1992,0.0,0.0,0.0,0.0085235297995535,0.0,0.0085235297995535,0.0085235297995535
Latvia,1993,0.0,0.0,0.0,0.0097109550878821,0.0,0.0097109550878821,0.0097109550878821
Latvia,1994,0.0,0.0,0.0,0.0111645274235946,0.0,0.0111645274235946,0.0111645274235946
Latvia,1995,0.0,0.0,0.0,0.009922507869136,0.0,0.009922507869136,0.009922507869136
Latvia,1996,0.0,0.0,0.0,0.0062851648882216,0.0,0.0062851648882216,0.0062851648882216
Latvia,1997,0.0,0.0,0.0,0.009977102135266,0.0,0.009977102135266,0.009977102135266
Latvia,1998,0.0,0.0,0.0,0.0102091277663187,0.0,0.0102091277663187,0.0102091277663187
Latvia,1999,0.0,0.0,0.0,0.0093185588000724,0.0,0.0093185588000724,0.0093185588000724
Latvia,2000,0.0,0.0,0.0,0.0095369358645925,0.0,0.0095369358645925,0.0095369358645925
Latvia,2001,0.0,0.0,0.0,0.0095812937058232,0.0,0.0095812937058232,0.0095812937058232
Latvia,2002,0.0,0.0,0.0,0.0083563348595303,0.0,0.0083563348595303,0.0083563348595303
Latvia,2003,0.0,0.0,0.0,0.0078172164814961,0.0,0.0078172164814961,0.0078172164814961
Latvia,2004,0.0,0.0,0.0,0.010930578486791,0.0,0.010930578486791,0.010930578486791
Latvia,2005,0.0,0.0,0.0,0.0117348934546473,0.0,0.0117348934546473,0.0117348934546473
Latvia,2006,0.0,0.0,0.0,0.0097851723672086,0.0,0.0097851723672086,0.0097851723672086
Latvia,2007,0.0,0.0,0.0,0.0101563335657999,0.0,0.0101563335657999,0.0101563335657999
Latvia,2008,0.0,0.0,0.0,0.0121934863431223,0.0,0.0121934863431223,0.0121934863431223
Latvia,2009,0.0,0.0,0.0,0.0140196226944602,0.0,0.0140196226944602,0.0140196226944602
Latvia,2010,0.0,0.0,0.0,0.0141912029681885,0.0,0.0141912029681885,0.0141912029681885
Latvia,2011,0.0,0.0,0.0,0.0124093670492621,0.0,0.0124093670492621,0.0124093670492621
Latvia,2012,0.0,0.0,0.0,0.0161623580037182,0.0,0.0161623580037182,0.0161623580037182
Latvia,2013,0.0,0.0,0.0,0.0124852628091593,0.0,0.0124852628091593,0.0124852628091593
Latvia,2014,0.0,0.0,0.0,0.0097777393690338,0.0,0.0097777393690338,0.0097777393690338
Latvia,2015,0.0,0.0,0.0,0.0091843229966985,0.0,0.0091843229966985,0.0091843229966985
Latvia,2016,0.0,0.0,0.0,0.0107516504711357,0.0,0.0107516504711357,0.0107516504711357
Latvia,2017,0.0,0.0,0.0,0.0174723659156082,0.0,0.0174723659156082,0.0174723659156082
Latvia,2018,0.0,0.0,0.0,0.020757222781623,0.0,0.020757222781623,0.020757222781623
Latvia,2019,0.0,0.0,0.0,0.018985604551778,0.0,0.018985604551778,0.018985604551778
Latvia,2020,0.0,0.0,0.0,0.020112938266698,0.0,0.020112938266698,0.020112938266698
Latvia,2021,0.0,0.0,0.0,0.0198279438726305,0.0,0.0198279438726305,0.0198279438726305
Latvia,2022,0.0,0.0,0.0,0.0202502628959975,0.0,0.0202502628959975,0.0202502628959975
Latvia,2023,0.0,0.0,0.0,0.0240108831414653,0.0,0.0240108831414653,0.0240108831414653
Lebanon,1980,0.0,0.0,0.0,0.0028696111134605,0.0,0.0028696111134605,0.0028696111134605
Lebanon,1981,0.0,0.0,0.0,0.0028696111134605,0.0,0.0028696111134605,0.0028696111134605
Lebanon,1982,0.0,0.0,0.0,0.0021940070701012,0.0,0.0021940070701012,0.0021940070701012
Lebanon,1983,0.0,0.0,0.0,0.0018903264647528,0.0,0.0018903264647528,0.0018903264647528
Lebanon,1984,0.0,0.0,0.0,0.001975630005581,0.0,0.001975630005581,0.001975630005581
Lebanon,1985,0.0,0.0,0.0,0.001975630005581,0.0,0.001975630005581,0.001975630005581
Lebanon,1986,0.0,0.0,0.0,0.0018903264647528,0.0,0.0018903264647528,0.0018903264647528
Lebanon,1987,0.0,0.0,0.0,0.0020609335464092,0.0,0.0020609335464092,0.0020609335464092
Lebanon,1988,0.0,0.0,0.0,0.0020268121300779,0.0,0.0020268121300779,0.0020268121300779
Lebanon,1989,0.0,0.0,0.0,0.0016890101083983,0.0,0.0016890101083983,0.0016890101083983
Lebanon,1990,0.0,0.0,0.0,0.0010134060650389,0.0,0.0010134060650389,0.0010134060650389
Lebanon,1991,0.0,0.0,0.0,0.0016890101083983,0.0,0.0016890101083983,0.0016890101083983
Lebanon,1992,0.0,0.0,0.0,0.0018596171900547,0.0,0.0018596171900547,0.0018596171900547
Lebanon,1993,0.0,0.0,0.0,0.0024328569844202,0.0,0.0024328569844202,0.0024328569844202
Lebanon,1994,0.0,0.0,0.0,0.0027604225812005,0.0,0.0027604225812005,0.0027604225812005
Lebanon,1995,0.0,0.0,0.0,0.0024226205595208,0.0,0.0024226205595208,0.0024226205595208
Lebanon,1996,0.0,0.0,0.0,0.002695591890171,0.0,0.002695591890171,0.002695591890171
Lebanon,1997,0.0,0.0,0.0,0.0030436303367501,0.0,0.0030436303367501,0.0030436303367501
Lebanon,1998,0.0,0.0,0.0,0.0026512340489404,0.0,0.0026512340489404,0.0026512340489404
Lebanon,1999,0.0,0.0,0.0,0.001122594597299,0.0,0.001122594597299,0.001122594597299
Lebanon,2000,0.0,0.0,0.0,0.0015184030267419,0.0,0.0015184030267419,0.0015184030267419
Lebanon,2001,0.0,0.0,0.0,0.0011260067389322,0.0,0.0011260067389322,0.0011260067389322
Lebanon,2002,0.0,0.0,0.0,0.0022895470358288,0.0,0.0022895470358288,0.0022895470358288
Lebanon,2003,0.0,0.0,0.0,0.0046029790630895,0.0,0.0046029790630895,0.0046029790630895
Lebanon,2004,0.0,0.0,0.0,0.0037840650711388,0.0,0.0037840650711388,0.0037840650711388
Lebanon,2005,0.0,0.0,0.0,0.0035349787319205,0.0,0.0035349787319205,0.0035349787319205
Lebanon,2006,0.0,0.0,0.0,0.002347553443592,0.0,0.002347553443592,0.002347553443592
Lebanon,2007,0.0,0.0,0.0,0.001975630005581,0.0,0.001975630005581,0.001975630005581
Lebanon,2008,0.0,0.0,0.0,0.0012590802626242,0.0,0.0012590802626242,0.0012590802626242
Lebanon,2009,0.0,0.0,0.0,0.0021018792460068,0.0,0.0021018792460068,0.0021018792460068
Lebanon,2010,0.0,0.0,0.0,0.0028389018387624,0.0,0.0028389018387624,0.0028389018387624
Lebanon,2011,0.0,0.0,0.0,0.002722889023236,0.0,0.002722889023236,0.002722889023236
Lebanon,2012,0.0,0.0,0.0,0.0034087294914948,0.0,0.0034087294914948,0.0034087294914948
Lebanon,2013,0.0,0.0,0.0,0.0043095348826405,0.0,0.0043095348826405,0.0043095348826405
Lebanon,2014,0.0,0.0,0.0,0.000696076893158,0.0,0.000696076893158,0.000696076893158
Lebanon,2015,0.0,0.0,0.0,0.0016958343916645,0.0,0.0016958343916645,0.0016958343916645
Lebanon,2016,0.0,0.0,0.0,0.0014365116275468,0.0,0.0014365116275468,0.0014365116275468
Lebanon,2017,0.0,0.0,0.0,0.0016136017783062,0.0,0.0016136017783062,0.0016136017783062
Lebanon,2018,0.0,0.0,0.0,0.0017807399159716,0.0,0.0017807399159716,0.0017807399159716
Lebanon,2019,0.0,0.0,0.0,0.0040110304921494,0.0,0.0040110304921494,0.0040110304921494
Lebanon,2020,0.0,0.0,0.0,0.0043807770398008,0.0,0.0043807770398008,0.0043807770398008
Lebanon,2021,0.0,0.0,0.0,0.0034335665224445,0.0,0.0034335665224445,0.0034335665224445
Lebanon,2022,0.0,0.0,0.0,0.0069787816792644,0.0,0.0069787816792644,0.0069787816792644
Lebanon,2023,0.0,0.0,0.0,0.0074667179328017,0.0,0.0074667179328017,0.0074667179328017
Lesotho,1980,0.0,0.0,0.0,0.0,0.0,0.0,0.0
Lesotho,1981,0.0,0.0,0.0,0.0,0.0,0.0,0.0
Lesotho,1982,0.0,0.0,0.0,0.0,0.0,0.0,0.0
Lesotho,1983,0.0,0.0,0.0,0.0,0.0,0.0,0.0
Lesotho,1984,0.0,0.0,0.0,0.0,0.0,0.0,0.0
Lesotho,1985,0.0,0.0,0.0,0.0,0.0,0.0,0.0
Lesotho,1986,0.0,0.0,0.0,0.0,0.0,0.0,0.0
Lesotho,1987,0.0,0.0,0.0,0.0,0.0,0.0,0.0
Lesotho,1988,0.0,0.0,0.0,0.0,0.0,0.0,0.0
Lesotho,1989,0.0,0.0,0.0,0.0,0.0,0.0,0.0
Lesotho,1990,0.0,0.0,0.0,0.0,0.0,0.0,0.0
Lesotho,1991,0.0,0.0,0.0,0.0,0.0,0.0,0.0
Lesotho,1992,0.0,0.0,0.0,0.0,0.0,0.0,0.0
Lesotho,1993,0.0,0.0,0.0,0.0,0.0,0.0,0.0
Lesotho,1994,0.0,0.0,0.0,0.0,0.0,0.0,0.0
Lesotho,1995,0.0,0.0,0.0,0.0,0.0,0.0,0.0
Lesotho,1996,0.0,0.0,0.0,0.0,0.0,0.0,0.0
Lesotho,1997,0.0,0.0,0.0,0.0,0.0,0.0,0.0
Lesotho,1998,0.0,0.0,0.0,0.0,0.0,0.0,0.0
Lesotho,1999,0.0,0.0,0.0,0.0006653676184599,0.0,0.0006653676184599,0.0006653676184599
Lesotho,2000,0.0,0.0,0.0,0.0009826967903408,0.0,0.0009826967903408,0.0009826967903408
Lesotho,2001,0.0,0.0,0.0,0.0009724603654414,0.0,0.0009724603654414,0.0009724603654414
Lesotho,2002,0.0,0.0,0.0,0.0010714124728021,0.0,0.0010714124728021,0.0010714124728021
Lesotho,2003,0.0,0.0,0.0,0.0011089460307665,0.0,0.0011089460307665,0.0011089460307665
Lesotho,2004,0.0,0.0,0.0,0.0010134060650389,0.0,0.0010134060650389,0.0010134060650389
Lesotho,2005,0.0,0.0,0.0,0.0015661730096057,0.0,0.0015661730096057,0.0015661730096057
Lesotho,2006,0.0,0.0,0.0,0.0017913743573921,0.0,0.0017913743573921,0.0017913743573921
Lesotho,2007,0.0,0.0,0.0,0.0018903264647528,0.0,0.0018903264647528,0.0018903264647528
Lesotho,2008,0.0,0.0,0.0,0.0019926907137467,0.0,0.0019926907137467,0.0019926907137467
Lesotho,2009,0.0,0.0,0.0,0.0022110677782669,0.0,0.0022110677782669,0.0022110677782669
Lesotho,2010,0.0,0.0,0.0,0.0023680262933907,0.0,0.0023680262933907,0.0023680262933907
Lesotho,2011,0.0,0.0,0.0,0.0016719494002326,0.0,0.0016719494002326,0.0016719494002326
Lesotho,2012,0.0,0.0,0.0,0.0016583008337001,0.0,0.0016583008337001,0.0016583008337001
Lesotho,2013,0.0,0.0,0.0,0.0017572529410608,0.0,0.0017572529410608,0.0017572529410608
Lesotho,2014,0.0,0.0,0.0,0.0017777257908596,0.0,0.0017777257908596,0.0017777257908596
Lesotho,2015,0.0,0.0,0.0,0.0018193539187838,0.0,0.0018193539187838,0.0018193539187838
Lesotho,2016,0.0,0.0,0.0,0.0017845500741259,0.0,0.0017845500741259,0.0017845500741259
Lesotho,2017,0.0,0.0,0.0,0.0018415328393991,0.0,0.0018415328393991,0.0018415328393991
Lesotho,2018,0.0,0.0,0.0,0.0017640772243271,0.0,0.0017640772243271,0.0017640772243271
Lesotho,2019,0.0,0.0,0.0,0.0013409716618192,0.0,0.0013409716618192,0.0013409716618192
Lesotho,2020,0.0,0.0,0.0,0.0014569844773456,0.0,0.0014569844773456,0.0014569844773456
Lesotho,2021,0.0,0.0,0.0,0.0018159417771506,0.0,0.0018159417771506,0.0018159417771506
Lesotho,2022,0.0,0.0,0.0,0.0016422410192762,0.0,0.0016422410192762,0.0016422410192762
Lesotho,2023,0.0013672774787198,0.0,0.0,0.0016422410192762,0.0,0.0016422410192762,0.003009518497996
Liberia,1980,0.0,0.0,0.0,0.0011294188805653,0.0,0.0011294188805653,0.0011294188805653
Liberia,1981,0.0,0.0,0.0,0.0010714124728021,0.0,0.0010714124728021,0.0010714124728021
Liberia,1982,0.0,0.0,0.0,0.0011191824556659,0.0,0.0011191824556659,0.0011191824556659
Liberia,1983,0.0,0.0,0.0,0.0010918853226009,0.0,0.0010918853226009,0.0010918853226009
Liberia,1984,0.0,0.0,0.0,0.0007609075841875,0.0,0.0007609075841875,0.0007609075841875
Liberia,1985,0.0,0.0,0.0,0.0008837446829801,0.0,0.0008837446829801,0.0008837446829801
Liberia,1986,0.0,0.0,0.0,0.0010748246144353,0.0,0.0010748246144353,0.0010748246144353
Liberia,1987,0.0,0.0,0.0,0.0010782367560684,0.0,0.0010782367560684,0.0010782367560684
Liberia,1988,0.0,0.0,0.0,0.001095297464234,0.0,0.001095297464234,0.001095297464234
Liberia,1989,0.0,0.0,0.0,0.0010611760479027,0.0,0.0010611760479027,0.0010611760479027
Liberia,1990,0.0,0.0,0.0,0.0,0.0,0.0,0.0
Liberia,1991,0.0,0.0,0.0,0.0,0.0,0.0,0.0
Liberia,1992,0.0,0.0,0.0,0.0,0.0,0.0,0.0
Liberia,1993,0.0,0.0,0.0,0.0,0.0,0.0,0.0
Liberia,1994,0.0,0.0,0.0,0.0,0.0,0.0,0.0
Liberia,1995,0.0,0.0,0.0,0.0,0.0,0.0,0.0
Liberia,1996,0.0,0.0,0.0,0.0,0.0,0.0,0.0
Liberia,1997,0.0,0.0,0.0,0.0,0.0,0.0,0.0
Liberia,1998,0.0,0.0,0.0,0.0,0.0,0.0,0.0
Liberia,1999,0.0,0.0,0.0,0.0,0.0,0.0,0.0
Liberia,2000,0.0,0.0,0.0,0.0,0.0,0.0,0.0
Liberia,2001,0.0,0.0,0.0,0.0,0.0,0.0,0.0
Liberia,2002,0.0,0.0,0.0,0.0,0.0,0.0,0.0
Liberia,2003,0.0,0.0,0.0,0.0,0.0,0.0,0.0
Liberia,2004,0.0,0.0,0.0,0.0,0.0,0.0,0.0
Liberia,2005,0.0,0.0,0.0,0.0,0.0,0.0,0.0
Liberia,2006,0.0,0.0,0.0,0.0,0.0,0.0,0.0
Liberia,2007,0.0,0.0,0.0,0.0,0.0,0.0,0.0
Liberia,2008,0.0,0.0,0.0,0.0,0.0,0.0,0.0
Liberia,2009,0.0,0.0,0.0,0.0,0.0,0.0,0.0
Liberia,2010,0.0,0.0,0.0,0.0,0.0,0.0,0.0
Liberia,2011,0.0,0.0,0.0,0.0,0.0,0.0,0.0
Liberia,2012,0.0,0.0,0.0,0.0,0.0,0.0,0.0
Liberia,2013,0.0,0.0,0.0,0.0,0.0,0.0,0.0
Liberia,2014,0.0,0.0,0.0,0.0,0.0,0.0,0.0
Liberia,2015,0.0,0.0,0.0,0.0,0.0,0.0,0.0
Liberia,2016,0.0,0.0,0.0,0.0,0.0,0.0,0.0
Liberia,2017,0.0,0.0,0.0,1.02364248993e-05,0.0,1.02364248993e-05,1.02364248993e-05
Liberia,2018,0.0,0.0,0.0,0.0004595070734826,0.0,0.0004595070734826,0.0004595070734826
Liberia,2019,0.0,0.0,0.0,0.000459308065222,0.0,0.000459308065222,0.000459308065222
Liberia,2020,0.0,0.0,0.0,0.0004591760597427,0.0,0.0004591760597427,0.0004591760597427
Liberia,2021,0.0,0.0,0.0,0.0004591760597427,0.0,0.0004591760597427,0.0004591760597427
Liberia,2022,0.0,0.0,0.0,0.0004591760597427,0.0,0.0004591760597427,0.0004591760597427
Liberia,2023,0.0,0.0,0.0,0.0004625882013758,0.0,0.0004625882013758,0.0004625882013758
Libya,1980,0.0,0.18846,0.0,0.0,0.0,0.0,0.18846
Libya,1981,0.0,0.11517,0.0,0.0,0.0,0.0,0.11517
Libya,1982,0.0,0.12564,0.0,0.0,0.0,0.0,0.12564
Libya,1983,0.0,0.14658,0.0,0.0,0.0,0.0,0.14658
Libya,1984,0.0,0.169614,0.0,0.0,2.336850932498322,0.0,2.506464932498322
Libya,1985,0.0,0.18846,0.0,0.0,2.253829121958539,0.0,2.442289121958539
Libya,1986,0.0,0.207306,0.0,0.0,2.2329782326581142,0.0,2.4402842326581142
Libya,1987,0.0,0.197883,0.0,0.0,2.1757056335616416,0.0,2.3735886335616416
Libya,1988,0.0,0.203118,0.0,0.0,2.307644237238762,0.0,2.510762237238762
Libya,1989,0.0,0.221964,0.0,0.0,2.3571427205539672,0.0,2.579106720553967
Libya,1990,0.0,0.2292882242990659,0.0,0.0,2.8842556682658795,0.0,3.113543892564945
Libya,1991,0.0,0.24180465,0.0,0.0,3.226048928307836,0.0,3.467853578307836
Libya,1992,0.0,0.2503803260000001,0.0,0.0,3.170948696876711,0.0,3.4213290228767117
Libya,1993,0.0,0.2351597598,0.0,0.0,2.935594277600819,0.0,3.170754037400819
Libya,1994,0.0,0.23626602,0.0,0.0,2.9223166501243214,0.0,3.1585826701243214
Libya,1995,0.0,0.2344233,0.0,0.0,3.0039511286807663,0.0,3.2383744286807663
Libya,1996,0.0,0.2373782481,0.0,0.0,3.022875134430125,0.0,3.2602533825301254
Libya,1997,0.0,0.24292446885,0.0,0.0,3.0930364927744654,0.0,3.335960961624465
Libya,1998,0.0,0.2351597598,0.0,0.0,3.200337080646426,0.0,3.435496840446426
Libya,1999,0.0,0.192268986,0.0,0.0,3.000845547742999,0.0,3.193114533742999
Libya,2000,0.0,0.22184883,0.0,0.0,3.078503071711611,0.0,3.3003519017116107
Libya,2001,0.0,0.2285042949,0.0,0.0,2.971704907544102,0.0,3.200209202444102
Libya,2002,0.0,0.22961353905,0.0,0.0,2.869516316914003,0.0,3.0991298559640037
Libya,2003,0.0,0.2033614275,0.0,0.0,3.1070513486714435,0.0,3.3104127761714435
Libya,2004,0.0,0.2980169283,0.0,0.0,3.383776881322365,0.0,3.681793809622365
Libya,2005,0.0,0.4178152965,0.0,0.0,3.6065336341543137,0.0,4.024348930654313
Libya,2006,0.0,0.487882551975,0.0,0.0,3.808902621163871,0.0,4.296785173138871
Libya,2007,0.0,0.5649750204,0.0,0.0,3.8198241180172623,0.0,4.384799138417262
Libya,2008,0.0,0.5878993995,0.0,0.0,4.033451393364944,0.0,4.621350792864943
Libya,2009,0.0,0.587936374305,0.0,0.0,3.816210666226414,0.0,4.404147040531414
Libya,2010,0.0,0.62169437127,0.0,2.04728497987e-05,3.8267500376816233,2.04728497987e-05,4.448464881801423
Libya,2011,0.0,0.290437093275,0.0,2.04728497987e-05,1.0818379058736731,2.04728497987e-05,1.372295471998472
Libya,2012,0.0,0.45116657061,0.0,2.38849914318e-05,3.212814482130382,2.38849914318e-05,3.664004937731814
Libya,2013,0.0,0.473240529195,0.0,2.7297133065e-05,2.167268306405881,2.7297133065e-05,2.6405361327339465
Libya,2014,0.0,0.46048422147,0.0,2.7297133065e-05,1.19158162436874,2.7297133065e-05,1.652093142971805
Libya,2015,0.0,0.428907738,0.0,2.7297133065e-05,1.025628421062858,2.7297133065e-05,1.454563456195923
Libya,2016,0.0,0.36605110347,0.0,2.7297133065e-05,0.995633308872663,2.7297133065e-05,1.361711709475728
Libya,2017,0.0,0.6869075591631,0.0,2.7297133065e-05,1.908161751903511,2.7297133065e-05,2.595096608199676
Libya,2018,0.0,0.6235019722725,0.0,2.7297133065e-05,2.196455271929151,2.7297133065e-05,2.819984541334716
Libya,2019,0.0,0.5491487602104,0.0,2.7297133065e-05,2.5031057964610457,2.7297133065e-05,3.052281853804511
Libya,2020,0.0,0.3969792490467,0.0,2.7297133065e-05,0.8784458349001664,2.7297133065e-05,1.2754523810799314
Libya,2021,0.0,0.4303665300102,0.0,3.07092746981e-05,2.6329603724458184,3.07092746981e-05,3.063357611730716
Libya,2022,0.0,0.442950358515,0.0,3.07092746981e-05,2.261655000000008,3.07092746981e-05,2.7046360677897066
Libya,2023,0.0,0.412631275977,0.0,3.41214163312e-05,2.61480768122136,3.41214163312e-05,3.0274730786146917
Lithuania,1992,0.0,0.0,0.147901949198763,0.1489528888217664,0.0,0.0010509396230034,0.1489528888217664
Lithuania,1993,0.0,0.0,0.1306804893605509,0.1320078124558376,0.0,0.0013273230952867,0.1320078124558376
Lithuania,1994,0.0,0.0,0.0780670634523535,0.0795922907623617,0.0,0.0015252273100081,0.0795922907623617
Lithuania,1995,0.0,0.0,0.1134590295223387,0.1147181097849629,0.0,0.0012590802626242,0.1147181097849629
Lithuania,1996,0.0,0.0,0.1351058180496271,0.1362079397971274,0.0,0.0011021217475003,0.1362079397971274
Lithuania,1997,0.0,0.0,0.1156983524734375,0.1166912856886778,0.0,0.0009929332152402,0.1166912856886778
Lithuania,1998,0.0,0.0,0.1373024872302287,0.1387117017247106,0.0,0.0014092144944818,0.1387117017247106
Lithuania,1999,0.0,0.0,0.0999057939468789,0.1013013598748282,0.0,0.0013955659279493,0.1013013598748282
Lithuania,2000,0.0,0.0,0.0852862141089911,0.0864326936977221,0.0,0.0011464795887309,0.0864326936977221
Lithuania,2001,0.0,0.0,0.1151011996864778,0.1162205761501968,0.0,0.0011193764637189,0.1162205761501968
Lithuania,2002,0.0,0.0,0.1432633516572012,0.1444982949179329,0.0,0.0012349432607317,0.1444982949179329
Lithuania,2003,0.0,0.0,0.1568592410031582,0.1580322406927007,0.0,0.0011729996895425,0.1580322406927007
Lithuania,2004,0.0,0.0,0.1529884113305445,0.1546054031077947,0.0131448929668634,0.0016169917772501,0.1677502960746582
Lithuania,2005,0.0,0.0,0.1017718964061279,0.1037751085915259,0.0094132248407186,0.002003212185398,0.1131883334322446
Lithuania,2006,0.0,0.0,0.0847210516499042,0.0871292146763622,0.0078829855996259,0.0024081630264579,0.0950122002759882
Lithuania,2007,0.0,0.0,0.0967707418153406,0.1004376556950055,0.0066253135164839,0.0036669138796649,0.1070629692114895
Lithuania,2008,0.0,0.0,0.0974638655859188,0.1029810502537726,0.0064562342666323,0.0055171846678537,0.1094372845204049
Lithuania,2009,0.0,0.0,0.1069010123084066,0.1146773542581638,0.0042923961881982,0.0077763419497572,0.118969750446362
Lithuania,2010,0.0,0.0,0.0,0.0085897028681339,0.0042923961881982,0.0085897028681339,0.0128820990563321
Lithuania,2011,0.0,0.0,0.0,0.008462789612983,0.0042923961881982,0.008462789612983,0.0127551858011812
Lithuania,2012,0.0,0.0,0.0,0.0096124294396362,0.0043041561777549,0.0096124294396362,0.0139165856173911
Lithuania,2013,0.0,0.0,0.0,0.0123099086947809,0.0042923961881982,0.0123099086947809,0.0166023048829791
Lithuania,2014,0.0,0.0,0.0,0.012424639242942,0.0042923961881982,0.012424639242942,0.0167170354311402
Lithuania,2015,0.0,0.0,0.0,0.0134424762681342,0.0042923961881982,0.0134424762681342,0.0177348724563324
Lithuania,2016,0.0,0.0,0.0,0.0146101252890597,0.0043041561777549,0.0146101252890597,0.0189142814668147
Lithuania,2017,0.0,0.0,0.0,0.0167891753544528,0.0015023386658693,0.0167891753544528,0.0182915140203222
Lithuania,2018,0.0,0.0,0.0,0.0171825201922399,0.0021461980940991,0.0171825201922399,0.019328718286339
Lithuania,2019,0.0,0.0,0.0,0.0183431951440942,0.0015023386658693,0.0183431951440942,0.0198455338099635
Lithuania,2020,0.0,0.0,0.0,0.0195717465901556,0.0015064546622142,0.0195717465901556,0.0210782012523698
Lithuania,2021,0.0,0.0,0.0,0.018585184283781,0.0015023386658693,0.018585184283781,0.0200875229496504
Lithuania,2022,0.0,0.0,0.0,0.0192543882916008,0.0015023386658693,0.0192543882916008,0.0207567269574702
Lithuania,2023,0.0,0.0,0.0,0.0227975397618116,0.0015023386658693,0.0227975397618116,0.0242998784276809
Luxembourg,1980,0.0,0.0,0.0,0.0005947087809224,0.0,0.0005947087809224,0.0005947087809224
Luxembourg,1981,0.0,0.0,0.0,0.0006691168605456,0.0,0.0006691168605456,0.0006691168605456
Luxembourg,1982,0.0,0.0,0.0,0.0006316163702838,0.0,0.0006316163702838,0.0006316163702838
Luxembourg,1983,0.0,0.0,0.0,0.0006198623119996,0.0,0.0006198623119996,0.0006198623119996
Luxembourg,1984,0.0,0.0,0.0,0.0006656836315772,0.0,0.0006656836315772,0.0006656836315772
Luxembourg,1985,0.0,0.0,0.0,0.0005870273666679,0.0,0.0005870273666679,0.0005870273666679
Luxembourg,1986,0.0,0.0,0.0,0.0006209057729122,0.0,0.0006209057729122,0.0006209057729122
Luxembourg,1987,0.0,0.0,0.0,0.0007822424697681,0.0,0.0007822424697681,0.0007822424697681
Luxembourg,1988,0.0,0.0,0.0,0.0007852525947141,0.0,0.0007852525947141,0.0007852525947141
Luxembourg,1989,0.0,0.0,0.0,0.0006212417868596,0.0,0.0006212417868596,0.0006212417868596
Luxembourg,1990,0.0,0.0,0.0,0.0005925325951821,0.0,0.0005925325951821,0.0005925325951821
Luxembourg,1991,0.0,0.0,0.0,0.0006797922172044,0.0,0.0006797922172044,0.0006797922172044
Luxembourg,1992,0.0,0.0,0.0,0.000566395510269,0.0,0.000566395510269,0.000566395510269
Luxembourg,1993,0.0,0.0,0.0,0.0006375784649718,0.0,0.0006375784649718,0.0006375784649718
Luxembourg,1994,0.0,0.0,0.0,0.0008221941281044,0.0,0.0008221941281044,0.0008221941281044
Luxembourg,1995,0.0,0.0,0.0,0.0008434150089529,0.0,0.0008434150089529,0.0008434150089529
Luxembourg,1996,0.0,0.0,0.0,0.0006356143834456,0.0,0.0006356143834456,0.0006356143834456
Luxembourg,1997,0.0,0.0,0.0,0.0007598495402696,0.0,0.0007598495402696,0.0007598495402696
Luxembourg,1998,0.0,0.0,0.0,0.0008854017517626,0.0,0.0008854017517626,0.0008854017517626
Luxembourg,1999,0.0,0.0,0.0,0.0008900389442459,0.0,0.0008900389442459,0.0008900389442459
Luxembourg,2000,0.0,0.0,0.0,0.0010728295316222,0.0,0.0010728295316222,0.0010728295316222
Luxembourg,2001,0.0,0.0,0.0,0.0010941964185312,0.0,0.0010941964185312,0.0010941964185312
Luxembourg,2002,0.0,0.0,0.0,0.001040272180213,0.0,0.001040272180213,0.001040272180213
Luxembourg,2003,0.0,0.0,0.0,0.0009961763498581,0.0,0.0009961763498581,0.0009961763498581
Luxembourg,2004,0.0,0.0,0.0,0.0012764809849033,0.0,0.0012764809849033,0.0012764809849033
Luxembourg,2005,0.0,0.0,0.0,0.0013061352158081,0.0,0.0013061352158081,0.0013061352158081
Luxembourg,2006,0.0,0.0,0.0,0.0015475612370576,0.0,0.0015475612370576,0.0015475612370576
Luxembourg,2007,0.0,0.0,0.0,0.0017039347278979,0.0,0.0017039347278979,0.0017039347278979
Luxembourg,2008,0.0,0.0,0.0,0.0018073590208927,0.0,0.0018073590208927,0.0018073590208927
Luxembourg,2009,0.0,0.0,0.0,0.0018029708387455,0.0,0.0018029708387455,0.0018029708387455
Luxembourg,2010,0.0,0.0,0.0,0.0018832005689671,0.0,0.0018832005689671,0.0018832005689671
Luxembourg,2011,0.0,0.0,0.0,0.0020205934719503,0.0,0.0020205934719503,0.0020205934719503
Luxembourg,2012,0.0,0.0,0.0,0.0021848042881069,0.0,0.0021848042881069,0.0021848042881069
Luxembourg,2013,0.0,0.0,0.0,0.0023835003356961,0.0,0.0023835003356961,0.0023835003356961
Luxembourg,2014,0.0,0.0,0.0,0.0025769001634469,0.0,0.0025769001634469,0.0025769001634469
Luxembourg,2015,0.0,0.0,0.0,0.0028150120471313,0.0,0.0028150120471313,0.0028150120471313
Luxembourg,2016,0.0,0.0,0.0,0.0029968859964592,0.0,0.0029968859964592,0.0029968859964592
Luxembourg,2017,0.0,0.0,0.0,0.0037425520479925,0.0,0.0037425520479925,0.0037425520479925
Luxembourg,2018,0.0,0.0,0.0,0.0042584427618795,0.0,0.0042584427618795,0.0042584427618795
Luxembourg,2019,0.0,0.0,0.0,0.0049346550304854,0.0,0.0049346550304854,0.0049346550304854
Luxembourg,2020,0.0,0.0,0.0,0.0059510432193081,0.0,0.0059510432193081,0.0059510432193081
Luxembourg,2021,0.0,0.0,0.0,0.0060839589364498,0.0,0.0060839589364498,0.0060839589364498
Luxembourg,2022,0.0,0.0,0.0,0.0060665653324661,0.0,0.0060665653324661,0.0060665653324661
Luxembourg,2023,0.0,0.0,0.0,0.0051923919157636,0.0,0.0051923919157636,0.0051923919157636
Macau,1980,0.0,0.0,0.0,0.0,0.0,0.0,0.0
Macau,1981,0.0,0.0,0.0,0.0,0.0,0.0,0.0
Macau,1982,0.0,0.0,0.0,0.0,0.0,0.0,0.0
Macau,1983,0.0,0.0,0.0,0.0,0.0,0.0,0.0
Macau,1984,0.0,0.0,0.0,0.0,0.0,0.0,0.0
Macau,1985,0.0,0.0,0.0,0.0,0.0,0.0,0.0
Macau,1986,0.0,0.0,0.0,0.0,0.0,0.0,0.0
Macau,1987,0.0,0.0,0.0,0.0,0.0,0.0,0.0
Macau,1988,0.0,0.0,0.0,0.0,0.0,0.0,0.0
Macau,1989,0.0,0.0,0.0,0.0,0.0,0.0,0.0
Macau,1990,0.0,0.0,0.0,0.0,0.0,0.0,0.0
Macau,1991,0.0,0.0,0.0,0.0,0.0,0.0,0.0
Macau,1992,0.0,0.0,0.0,0.0,0.0,0.0,0.0
Macau,1993,0.0,0.0,0.0,0.0,0.0,0.0,0.0
Macau,1994,0.0,0.0,0.0,0.0,0.0,0.0,0.0
Macau,1995,0.0,0.0,0.0,0.0,0.0,0.0,0.0
Macau,1996,0.0,0.0,0.0,0.0,0.0,0.0,0.0
Macau,1997,0.0,0.0,0.0,0.0,0.0,0.0,0.0
Macau,1998,0.0,0.0,0.0,0.0,0.0,0.0,0.0
Macau,1999,0.0,0.0,0.0,0.0,0.0,0.0,0.0
Macau,2000,0.0,0.0,0.0,0.0,0.0,0.0,0.0
Macau,2001,0.0,0.0,0.0,0.0005952055061308,0.0,0.0005952055061308,0.0005952055061308
Macau,2002,0.0,0.0,0.0,0.0007324864044649,0.0,0.0007324864044649,0.0007324864044649
Macau,2003,0.0,0.0,0.0,0.0015127377915861,0.0,0.0015127377915861,0.0015127377915861
Macau,2004,0.0,0.0,0.0,0.0015325116123691,0.0,0.0015325116123691,0.0015325116123691
Macau,2005,0.0,0.0,0.0,0.0015899069947695,0.0,0.0015899069947695,0.0015899069947695
Macau,2006,0.0,0.0,0.0,0.0016367029372023,0.0,0.0016367029372023,0.0016367029372023
Macau,2007,0.0,0.0,0.0,0.0016902341592069,0.0,0.0016902341592069,0.0016902341592069
Macau,2008,0.0,0.0,0.0,0.0017442304005138,0.0,0.0017442304005138,0.0017442304005138
Macau,2009,0.0,0.0,0.0,0.0017685854114555,0.0,0.0017685854114555,0.0017685854114555
Macau,2010,0.0,0.0,0.0,0.0019317681849395,0.0,0.0019317681849395,0.0019317681849395
Macau,2011,0.0,0.0,0.0,0.0020404446959463,0.0,0.0020404446959463,0.0020404446959463
Macau,2012,0.0,0.0,0.0,0.0021697380627294,0.0,0.0021697380627294,0.0021697380627294
Macau,2013,0.0,0.0,0.0,0.002318559240084,0.0,0.002318559240084,0.002318559240084
Macau,2014,0.0,0.0,0.0,0.0024822130331193,0.0,0.0024822130331193,0.0024822130331193
Macau,2015,0.0,0.0,0.0,0.0018359192063852,0.0,0.0018359192063852,0.0018359192063852
Macau,2016,0.0,0.0,0.0,0.0018510928362209,0.0,0.0018510928362209,0.0018510928362209
Macau,2017,0.0,0.0,0.0,0.0018915074137723,0.0,0.0018915074137723,0.0018915074137723
Macau,2018,0.0,0.0,0.0,0.0016287732080505,0.0,0.0016287732080505,0.0016287732080505
Macau,2019,0.0,0.0,0.0,0.0019306841399423,0.0,0.0019306841399423,0.0019306841399423
Macau,2020,0.0,0.0,0.0,0.0016581658280962,0.0,0.0016581658280962,0.0016581658280962
Macau,2021,0.0,0.0,0.0,0.0018301237658247,0.0,0.0018301237658247,0.0018301237658247
Macau,2022,0.0,0.0,0.0,0.0017955997268002,0.0,0.0017955997268002,0.0017955997268002
Macau,2023,0.0,0.0,0.0,0.0017955997268002,0.0,0.0017955997268002,0.0017955997268002
Madagascar,1980,0.0,0.0,0.0,0.0004981726784366,0.0,0.0004981726784366,0.0004981726784366
Madagascar,1981,0.0,0.0,0.0,0.0005186455282354,0.0,0.0005186455282354,0.0005186455282354
Madagascar,1982,0.0,0.0,0.0,0.0007711440090869,0.0,0.0007711440090869,0.0007711440090869
Madagascar,1983,0.0,0.0,0.0,0.0008359747001163,0.0,0.0008359747001163,0.0008359747001163
Madagascar,1984,0.0,0.0,0.0,0.0008598596915482,0.0,0.0008598596915482,0.0008598596915482
Madagascar,1985,0.0,0.0,0.0,0.0008700961164476,0.0,0.0008700961164476,0.0008700961164476
Madagascar,1986,0.0,0.0,0.0,0.000907629674412,0.0,0.000907629674412,0.000907629674412
Madagascar,1987,0.0,0.0,0.0,0.0009758725070745,0.0,0.0009758725070745,0.0009758725070745
Madagascar,1988,0.0,0.0,0.0,0.0010236424899383,0.0,0.0010236424899383,0.0010236424899383
Madagascar,1989,0.0,0.0,0.0,0.0010714124728021,0.0,0.0010714124728021,0.0010714124728021
Madagascar,1990,0.0,0.0,0.0,0.0011533038719972,0.0,0.0011533038719972,0.0011533038719972
Madagascar,1991,0.0,0.0,0.0,0.0011328310221984,0.0,0.0011328310221984,0.0011328310221984
Madagascar,1992,0.0,0.0,0.0,0.0011669524385297,0.0,0.0011669524385297,0.0011669524385297
Madagascar,1993,0.0,0.0,0.0,0.001173776721796,0.0,0.001173776721796,0.001173776721796
Madagascar,1994,0.0,0.0,0.0,0.0011840131466953,0.0,0.0011840131466953,0.0011840131466953
Madagascar,1995,0.0,0.0,0.0,0.0012590802626242,0.0,0.0012590802626242,0.0012590802626242
Madagascar,1996,0.0,0.0,0.0,0.0014365116275468,0.0,0.0014365116275468,0.0014365116275468
Madagascar,1997,0.0,0.0,0.0,0.0015354637349075,0.0,0.0015354637349075,0.0015354637349075
Madagascar,1998,0.0,0.0,0.0,0.0017060708165639,0.0,0.0017060708165639,0.0017060708165639
Madagascar,1999,0.0,0.0,0.0,0.0017572529410608,0.0,0.0017572529410608,0.0017572529410608
Madagascar,2000,0.0,0.0,0.0,0.0019139664460147,0.0,0.0019139664460147,0.0019139664460147
Madagascar,2001,0.0,0.0,0.0,0.0018842782136986,0.0,0.0018842782136986,0.0018842782136986
Madagascar,2002,0.0,0.0,0.0,0.0019068831519973,0.0,0.0019068831519973,0.0019068831519973
Madagascar,2003,0.0,0.0,0.0,0.0021520623290349,0.0,0.0021520623290349,0.0021520623290349
Madagascar,2004,0.0,0.0,0.0,0.0022734783688414,0.0,0.0022734783688414,0.0022734783688414
Madagascar,2005,0.0,0.0,0.0,0.0022971763525108,0.0,0.0022971763525108,0.0022971763525108
Madagascar,2006,0.0,0.0,0.0,0.0022720943113911,0.0,0.0022720943113911,0.0022720943113911
Madagascar,2007,0.0,0.0,0.0,0.0025381733559524,0.0,0.0025381733559524,0.0025381733559524
Madagascar,2008,0.0,0.0,0.0,0.0024794549186339,0.0,0.0024794549186339,0.0024794549186339
Madagascar,2009,0.0,0.0,0.0,0.0026216368204017,0.0,0.0026216368204017,0.0026216368204017
Madagascar,2010,0.0,0.0,0.0,0.0025506798750802,0.0,0.0025506798750802,0.0025506798750802
Madagascar,2011,0.0,0.0,0.0,0.0024982388983301,0.0,0.0024982388983301,0.0024982388983301
Madagascar,2012,0.0,0.0,0.0,0.0027311213649488,0.0,0.0027311213649488,0.0027311213649488
Madagascar,2013,0.0,0.0,0.0,0.0029274033123322,0.0,0.0029274033123322,0.0029274033123322
Madagascar,2014,0.0,0.0,0.0,0.0031906348386971,0.0,0.0031906348386971,0.0031906348386971
Madagascar,2015,0.0,0.0,0.0,0.0033764203503884,0.0,0.0033764203503884,0.0033764203503884
Madagascar,2016,0.0,0.0,0.0,0.0032603921342228,0.0,0.0032603921342228,0.0032603921342228
Madagascar,2017,0.0,0.0,0.0,0.0029821930865775,0.0,0.0029821930865775,0.0029821930865775
Madagascar,2018,0.0,0.0,0.0,0.0036311123222886,0.0,0.0036311123222886,0.0036311123222886
Madagascar,2019,0.0,0.0,0.0,0.0033815611637763,0.0,0.0033815611637763,0.0033815611637763
Madagascar,2020,0.0,0.0,0.0,0.003139884332116,0.0,0.003139884332116,0.003139884332116
Madagascar,2021,0.0,0.0,0.0,0.0029746384729963,0.0,0.0029746384729963,0.0029746384729963
Madagascar,2022,0.0,0.0,0.0,0.003312338130427,0.0,0.003312338130427,0.003312338130427
Madagascar,2023,0.0,0.0,0.0,0.003312338130427,0.0,0.003312338130427,0.003312338130427
Malawi,1980,0.0,0.0,0.0,0.0013239109536536,0.0,0.0013239109536536,0.0013239109536536
Malawi,1981,0.0,0.0,0.0,0.0012932016789554,0.0,0.0012932016789554,0.0012932016789554
Malawi,1982,0.0,0.0,0.0,0.0015119668614168,0.0,0.0015119668614168,0.0015119668614168
Malawi,1983,0.0002493756023755,0.0,0.0,0.0017716777434756,0.0,0.0017716777434756,0.0020210533458512
Malawi,1984,0.0002743130268752,0.0,0.0,0.0018440453177713,0.0,0.0018440453177713,0.0021183583446466
Malawi,1985,0.0007107199351303,0.0,0.0,0.0018638055675701,0.0,0.0018638055675701,0.0025745255027004
Malawi,1986,0.0007730637791667,0.0,0.0,0.0019866426663627,0.0,0.0019866426663627,0.0027597064455295
Malawi,1987,0.0007995598563248,0.0,0.0,0.0021640740312853,0.0,0.0021640740312853,0.0029636338876102
Malawi,1988,0.0011471265040407,0.0,0.0,0.002181847339451,0.0,0.002181847339451,0.0033289738434917
Malawi,1989,0.0013216897198023,0.0,0.0,0.0021913711643504,0.0,0.0021913711643504,0.0035130608841528
Malawi,1990,0.0012499940729306,0.0,0.0,0.0026383617182901,0.0,0.0026383617182901,0.0038883557912208
Malawi,1991,0.0012718144183434,0.0,0.0,0.002795320233414,0.0,0.002795320233414,0.0040671346517574
Malawi,1992,0.001296751955958,0.0,0.0,0.0028813363742422,0.0,0.0028813363742422,0.0041780883302002
Malawi,1993,0.001296751955958,0.0,0.0,0.0028908601991416,0.0,0.0028908601991416,0.0041876121550996
Malawi,1994,0.0012718144183434,0.0,0.0,0.0030273458644667,0.0,0.0030273458644667,0.0042991602828101
Malawi,1995,0.0012219393431142,0.0,0.0,0.0030990008387624,0.0,0.0030990008387624,0.0043209401818767
Malawi,1996,0.0013216894935725,0.0,0.0,0.0031474834216262,0.0,0.0031474834216262,0.0044691729151988
Malawi,1997,0.0013715645688017,0.0,0.0,0.0033450631542887,0.0,0.0033450631542887,0.0047166277230905
Malawi,1998,0.0014214396440308,0.0,0.0,0.0037852294249623,0.0,0.0037852294249623,0.0052066690689931
Malawi,1999,0.0015770498787458,0.0,0.0,0.003542579251069,0.0,0.003542579251069,0.0051196291298149
Malawi,2000,0.0019625842102672,0.0,0.0,0.0044553307085,0.0,0.0044553307085,0.0064179149187672
Malawi,2001,0.001204483066784,0.0,0.0,0.0045387936025045,0.0,0.0045387936025045,0.0057432766692886
Malawi,2002,0.0015685711159568,0.0,0.0,0.0046813625203368,0.0,0.0046813625203368,0.0062499336362937
Malawi,2003,0.0020299155618265,0.0,0.0,0.0048451823202628,0.0,0.0048451823202628,0.0068750978820894
Malawi,2004,0.001291764448435,0.0,0.0,0.005227797772505,0.0,0.005227797772505,0.0065195622209401
Malawi,2005,0.0012942582021965,0.0,0.0,0.0053097336031234,0.0,0.0053097336031234,0.0066039918053199
Malawi,2006,0.0015062272719204,0.0,0.0,0.0054142019394549,0.0,0.0054142019394549,0.0069204292113753
Malawi,2007,0.0014613397042142,0.0,0.0,0.005537330050327,0.0,0.005537330050327,0.0069986697545412
Malawi,2008,0.0015112147794433,0.0,0.0,0.0060912156117469,0.0,0.0060912156117469,0.0076024303911902
Malawi,2009,0.00147131471926,0.0,0.0,0.0060564882810978,0.0,0.0060564882810978,0.0075278030003579
Malawi,2010,0.0019700654715515,0.0,0.0,0.0069148755276827,0.0,0.0069148755276827,0.0088849409992343
Malawi,2011,0.0019201903963224,0.0,0.0,0.0071230137079312,0.0,0.0071230137079312,0.0090432041042536
Malawi,2012,0.0017705651706349,0.0,0.0,0.0072918995072952,0.0,0.0072918995072952,0.0090624646779302
Malawi,2013,0.0016708150201766,0.0,0.0,0.0073132934258218,0.0,0.0073132934258218,0.0089841084459985
Malawi,2014,0.0015885211460485,0.0,0.0,0.0078024427493631,0.0,0.0078024427493631,0.0093909638954117
Malawi,2015,0.0014663272117371,0.0,0.0,0.0078021278058742,0.0,0.0078021278058742,0.0092684550176113
Malawi,2016,0.0010797953787111,0.0,0.0,0.0078522605098753,0.0,0.0078522605098753,0.0089320558885865
Malawi,2017,0.0014962522568746,0.0,0.0,0.0068325036074705,0.0,0.0068325036074705,0.0083287558643451
Malawi,2018,0.0012418893732059,0.0,0.0,0.0053653067062217,0.0,0.0053653067062217,0.0066071960794276
Malawi,2019,0.0012087224481785,0.0,0.0,0.0062167000463438,0.0,0.0062167000463438,0.0074254224945223
Malawi,2020,0.0011755555231511,0.0,0.0,0.006226632458624,0.0,0.006226632458624,0.0074021879817752
Malawi,2021,0.0012806049003525,0.0,0.0,0.0062880510080203,0.0,0.0062880510080203,0.0075686559083729
Malawi,2022,0.0011946041507156,0.0,0.0,0.0062986652091407,0.0,0.0062986652091407,0.0074932693598563
Malawi,2023,6.21277394019e-05,0.0,0.0,0.0062986652091407,0.0,0.0062986652091407,0.0063607929485427
Malaysia,1980,0.0,0.058408,0.0,0.0047701740031128,0.0,0.0047701740031128,0.0631781740031128
Malaysia,1981,0.0,0.064666,0.0,0.0053843594970758,0.0,0.0053843594970758,0.0700503594970758
Malaysia,1982,0.0,0.058408,0.0,0.004401662706735,0.0,0.004401662706735,0.062809662706735
Malaysia,1983,0.0,0.154364,0.0,0.0057460465101874,0.0,0.0057460465101874,0.1601100465101874
Malaysia,1984,0.0,0.338975,0.0,0.0115910451277356,0.9453722424242428,0.0115910451277356,1.2959382875519785
Malaysia,1985,0.0,0.455791,0.0,0.0128842468066911,0.9518739218244064,0.0128842468066911,1.4205491686310976
Malaysia,1986,0.0004700035110411,0.550704,0.0,0.0137577550647718,1.079274168264844,0.0137577550647718,1.644205926840657
Malaysia,1987,0.0019096021873045,0.574693,0.0,0.0165864204786349,1.068303202286326,0.0165864204786349,1.6614922249522657
Malaysia,1988,0.0019535010332319,0.605983,0.0,0.0191318781369483,1.146270822222221,0.0191318781369483,1.7733392013924014
Malaysia,1989,0.0023813836591521,0.632058,0.0,0.0176851300845021,1.2408713967820268,0.0176851300845021,1.892995910525681
Malaysia,1990,0.002436388935799,0.523036339,0.0,0.0134711351675891,1.3146343479963558,0.0134711351675891,1.853578211099744
Malaysia,1991,0.0039480914993532,0.59486175175,0.0,0.0148871739453372,1.3796958150880376,0.0148871739453372,1.993392832282728
Malaysia,1992,0.0038937534209674,0.66484548725,0.0,0.0147268032885801,1.4056914762598651,0.0147268032885801,2.089157520219413
Malaysia,1993,0.0043497400736338,0.788357934,0.0,0.016456759096576,1.2987840595021238,0.016456759096576,2.107948492672334
Malaysia,1994,0.0048057267263003,0.89731495035,0.0,0.0220356106667402,1.4141227967455967,0.0220356106667402,2.3382790844886374
Malaysia,1995,0.0052617133789667,1.0739517516,0.0,0.0210051438935356,1.5514252250425002,0.0210051438935356,2.6516438339150024
Malaysia,1996,0.0057177000316331,1.2279046689,0.0,0.0175111108612125,1.5455550659999986,0.0175111108612125,2.7966885457928443
Malaysia,1997,0.0061736866842994,1.40156653455,0.0,0.0130719145965131,1.5408917691590758,0.0130719145965131,2.9617039049898883
Malaysia,1998,0.0069140767958067,1.405657071,0.0,0.0163885162639134,1.5752532920006057,0.0163885162639134,3.004212956060326
Malaysia,1999,0.007313182756705,1.40602893795,0.0,0.0254033944586375,1.5025318390801443,0.0254033944586375,2.941277354245487
Malaysia,2000,0.0078260501011395,1.54213224165,0.0,0.025045119587159,1.4481087334936236,0.025045119587159,3.0231121448319223
Malaysia,2001,0.0119843996731998,1.5908468121,0.0,0.0217387543446581,1.5304829526551291,0.0217387543446581,3.155052918772987
Malaysia,2002,0.0122851071063097,1.6860447513,0.0,0.0179069192906554,1.6281267305786264,0.0179069192906554,3.344363508275592
Malaysia,2003,0.0138764422026602,1.777524021,0.0,0.0194253223173973,1.5858093596381284,0.0194253223173973,3.396635145158186
Malaysia,2004,0.0155862937490191,1.8377664669,0.0,0.019684645081515,1.6144253536612008,0.019684645081515,3.487462759391735
Malaysia,2005,0.0172961452953779,2.0817111861,0.0,0.0175349958526444,1.5701345946265923,0.0175349958526444,3.686676921874615
Malaysia,2006,0.0197764300902735,2.2371515712,0.0,0.02540058933609,1.485235605919853,0.02540058933609,3.767564196546216
Malaysia,2007,0.0235956296859534,2.21595515505,0.0,0.025588257125912,1.4856369699362464,0.025588257125912,3.750776011798112
Malaysia,2008,0.0275246102472006,2.2646697255,0.0,0.0328826395186142,1.49590644823315,0.0328826395186142,3.820983423498965
Malaysia,2009,0.04692792424086,2.246076378,0.0,0.043260648331034,1.4150815685409823,0.043260648331034,3.751346519112877
Malaysia,2010,0.0526128317577243,2.28586614165,0.0,0.0360896762640706,1.4302250043715834,0.0360896762640706,3.804793654043378
Malaysia,2011,0.0640065904140581,2.29553468235,0.0,0.0429445433326434,1.292799983387977,0.0429445433326434,3.695285799484679
Malaysia,2012,0.0647546169913138,2.30557509,0.0,0.0464600679125533,1.311357783557983,0.0464600679125533,3.7281475584618495
Malaysia,2013,0.0635268999138061,2.4134165055,0.0,0.068394749883529,1.2503886802975095,0.068394749883529,3.7957268355948446
Malaysia,2014,0.0581552042226136,2.432790773595,0.0,0.0691813514715995,1.3099430109593189,0.0691813514715995,3.870070340248532
Malaysia,2015,0.0561716894187539,2.358863623935,0.0,0.0853993489380538,1.4119019440801446,0.0853993489380538,3.912336606371953
Malaysia,2016,0.0495860761140465,2.3317919399502,0.0,0.0968816854882129,1.4792182503946556,0.0968816854882129,3.9574779519471153
Malaysia,2017,0.0656069328164795,2.439129425031,0.0,0.1278705386559541,1.4591671967241209,0.1278705386559541,4.091774093227555
Malaysia,2018,0.0582287023045758,2.57349339702,0.0,0.140142367083323,1.4487251974786604,0.140142367083323,4.220589663886559
Malaysia,2019,0.0759270049274943,2.673973018899,0.0,0.163612152297033,1.3484494402261198,0.163612152297033,4.261961616349647
Malaysia,2020,0.0716392509998088,2.411911129329,0.0,0.1529372178465419,1.2375050468195403,0.1529372178465419,3.873992644994891
Malaysia,2021,0.0684627744073513,2.63377398258,0.0,0.1641054391302939,1.1316499106135292,0.1641054391302939,3.997992106731174
Malaysia,2022,0.0847542580601187,2.805936609996,0.0,0.168772566573624,1.1233759719793557,0.168772566573624,4.182839406609098
Malaysia,2023,0.0818856681632735,2.763671428674,0.0,0.1622748525319548,1.1120986009168177,0.1622748525319548,4.119930550286046
Maldives,1980,0.0,0.0,0.0,0.0,0.0,0.0,0.0
Maldives,1981,0.0,0.0,0.0,0.0,0.0,0.0,0.0
Maldives,1982,0.0,0.0,0.0,0.0,0.0,0.0,0.0
Maldives,1983,0.0,0.0,0.0,0.0,0.0,0.0,0.0
Maldives,1984,0.0,0.0,0.0,0.0,0.0,0.0,0.0
Maldives,1985,0.0,0.0,0.0,0.0,0.0,0.0,0.0
Maldives,1986,0.0,0.0,0.0,0.0,0.0,0.0,0.0
Maldives,1987,0.0,0.0,0.0,0.0,0.0,0.0,0.0
Maldives,1988,0.0,0.0,0.0,0.0,0.0,0.0,0.0
Maldives,1989,0.0,0.0,0.0,0.0,0.0,0.0,0.0
Maldives,1990,0.0,0.0,0.0,0.0,0.0,0.0,0.0
Maldives,1991,0.0,0.0,0.0,0.0,0.0,0.0,0.0
Maldives,1992,0.0,0.0,0.0,0.0,0.0,0.0,0.0
Maldives,1993,0.0,0.0,0.0,0.0,0.0,0.0,0.0
Maldives,1994,0.0,0.0,0.0,0.0,0.0,0.0,0.0
Maldives,1995,0.0,0.0,0.0,0.0,0.0,0.0,0.0
Maldives,1996,0.0,0.0,0.0,0.0,0.0,0.0,0.0
Maldives,1997,0.0,0.0,0.0,0.0,0.0,0.0,0.0
Maldives,1998,0.0,0.0,0.0,0.0,0.0,0.0,0.0
Maldives,1999,0.0,0.0,0.0,0.0,0.0,0.0,0.0
Maldives,2000,0.0,0.0,0.0,0.0,0.0,0.0,0.0
Maldives,2001,0.0,0.0,0.0,0.0,0.0,0.0,0.0
Maldives,2002,0.0,0.0,0.0,0.0,0.0,0.0,0.0
Maldives,2003,0.0,0.0,0.0,0.0,0.0,0.0,0.0
Maldives,2004,0.0,0.0,0.0,0.0,0.0,0.0,0.0
Maldives,2005,0.0,0.0,0.0,0.0,0.0,0.0,0.0
Maldives,2006,0.0,0.0,0.0,0.0,0.0,0.0,0.0
Maldives,2007,0.0,0.0,0.0,6.8242832662e-06,0.0,6.8242832662e-06,6.8242832662e-06
Maldives,2008,0.0,0.0,0.0,6.8242832662e-06,0.0,6.8242832662e-06,6.8242832662e-06
Maldives,2009,0.0,0.0,0.0,6.8242832662e-06,0.0,6.8242832662e-06,6.8242832662e-06
Maldives,2010,0.0,0.0,0.0,7.1654974295e-06,0.0,7.1654974295e-06,7.1654974295e-06
Maldives,2011,0.0,0.0,0.0,7.5067115928e-06,0.0,7.5067115928e-06,7.5067115928e-06
Maldives,2012,0.0,0.0,0.0,1.36485665325e-05,0.0,1.36485665325e-05,1.36485665325e-05
Maldives,2013,0.0,0.0,0.0,1.70607081656e-05,0.0,1.70607081656e-05,1.70607081656e-05
Maldives,2014,0.0,0.0,0.0,2.7297133065e-05,0.0,2.7297133065e-05,2.7297133065e-05
Maldives,2015,0.0,0.0,0.0,3.07092746981e-05,0.0,3.07092746981e-05,3.07092746981e-05
Maldives,2016,0.0,0.0,0.0,4.43578412306e-05,0.0,4.43578412306e-05,4.43578412306e-05
Maldives,2017,0.0,0.0,0.0,6.14185493963e-05,0.0,6.14185493963e-05,6.14185493963e-05
Maldives,2018,0.0,0.0,0.0,9.21278240944e-05,0.0,9.21278240944e-05,9.21278240944e-05
Maldives,2019,0.0,0.0,0.0,0.0001126006738932,0.0,0.0001126006738932,0.0001126006738932
Maldives,2020,0.0,0.0,0.0,0.0001433099485913,0.0,0.0001433099485913,0.0001433099485913
Maldives,2021,0.0,0.0,0.0,0.0001733367949628,0.0,0.0001733367949628,0.0001733367949628
Maldives,2022,0.0,0.0,0.0,0.0001964028724028,0.0,0.0001964028724028,0.0001964028724028
Maldives,2023,0.0,0.0,0.0,0.0001964008455907,0.0,0.0001964008455907,0.0001964008455907
Mali,1980,0.0,0.0,0.0,0.0002832077555496,0.0,0.0002832077555496,0.0002832077555496
Mali,1981,0.0,0.0,0.0,0.0002797956139164,0.0,0.0002797956139164,0.0002797956139164
Mali,1982,0.0,0.0,0.0,0.0003582748714784,0.0,0.0003582748714784,0.0003582748714784
Mali,1983,0.0,0.0,0.0,0.0004162812792416,0.0,0.0004162812792416,0.0004162812792416
Mali,1984,0.0,0.0,0.0,0.000453814837206,0.0,0.000453814837206,0.000453814837206
Mali,1985,0.0,0.0,0.0,0.000453814837206,0.0,0.000453814837206,0.000453814837206
Mali,1986,0.0,0.0,0.0,0.0005391183780342,0.0,0.0005391183780342,0.0005391183780342
Mali,1987,0.0,0.0,0.0,0.0005459426613004,0.0,0.0005459426613004,0.0005459426613004
Mali,1988,0.0,0.0,0.0,0.0005664155110992,0.0,0.0005664155110992,0.0005664155110992
Mali,1989,0.0,0.0,0.0,0.0005732397943654,0.0,0.0005732397943654,0.0005732397943654
Mali,1990,0.0,0.0,0.0,0.0006175976355961,0.0,0.0006175976355961,0.0006175976355961
Mali,1991,0.0,0.0,0.0,0.0006210097772292,0.0,0.0006210097772292,0.0006210097772292
Mali,1992,0.0,0.0,0.0,0.0007097254596906,0.0,0.0007097254596906,0.0007097254596906
Mali,1993,0.0,0.0,0.0,0.0007438468760218,0.0,0.0007438468760218,0.0007438468760218
Mali,1994,0.0,0.0,0.0,0.0007506711592881,0.0,0.0007506711592881,0.0007506711592881
Mali,1995,0.0,0.0,0.0,0.0007609075841875,0.0,0.0007609075841875,0.0007609075841875
Mali,1996,0.0,0.0,0.0,0.0007165497429568,0.0,0.0007165497429568,0.0007165497429568
Mali,1997,0.0,0.0,0.0,0.00077455615072,0.0,0.00077455615072,0.00077455615072
Mali,1998,0.0,0.0,0.0,0.0007847925756194,0.0,0.0007847925756194,0.0007847925756194
Mali,1999,0.0,0.0,0.0,0.0007847925756194,0.0,0.0007847925756194,0.0007847925756194
Mali,2000,0.0,0.0,0.0,0.001325503019738,0.0,0.001325503019738,0.001325503019738
Mali,2001,0.0,0.0,0.0,0.0013357794462978,0.0,0.0013357794462978,0.0013357794462978
Mali,2002,0.0,0.0,0.0,0.0013444568064826,0.0,0.0013444568064826,0.0013444568064826
Mali,2003,0.0,0.0,0.0,0.0013350884176142,0.0,0.0013350884176142,0.0013350884176142
Mali,2004,0.0,0.0,0.0,0.001377081160673,0.0,0.001377081160673,0.001377081160673
Mali,2005,0.0,0.0,0.0,0.0020551963082647,0.0,0.0020551963082647,0.0020551963082647
Mali,2006,0.0,0.0,0.0,0.0021601446645211,0.0,0.0021601446645211,0.0021601446645211
Mali,2007,0.0,0.0,0.0,0.0021309924544545,0.0,0.0021309924544545,0.0021309924544545
Mali,2008,0.0,0.0,0.0,0.0024543198753141,0.0,0.0024543198753141,0.0024543198753141
Mali,2009,0.0,0.0,0.0,0.0028005002447671,0.0,0.0028005002447671,0.0028005002447671
Mali,2010,0.0,0.0,0.0,0.0042842326323803,0.0,0.0042842326323803,0.0042842326323803
Mali,2011,0.0,0.0,0.0,0.0044681142650443,0.0,0.0044681142650443,0.0044681142650443
Mali,2012,0.0,0.0,0.0,0.0048129177773459,0.0,0.0048129177773459,0.0048129177773459
Mali,2013,0.0,0.0,0.0,0.0043853116280251,0.0,0.0043853116280251,0.0043853116280251
Mali,2014,0.0,0.0,0.0,0.0052988359471154,0.0,0.0052988359471154,0.0052988359471154
Mali,2015,0.0,0.0,0.0,0.00448892672894,0.0,0.00448892672894,0.00448892672894
Mali,2016,0.0,0.0,0.0,0.0057131011426722,0.0,0.0057131011426722,0.0057131011426722
Mali,2017,0.0,0.0,0.0,0.0057187853786167,0.0,0.0057187853786167,0.0057187853786167
Mali,2018,0.0,0.0,0.0,0.0053034705394907,0.0,0.0053034705394907,0.0053034705394907
Mali,2019,0.0,0.0,0.0,0.0053039056575518,0.0,0.0053039056575518,0.0053039056575518
Mali,2020,0.0,0.0,0.0,0.0058405644334915,0.0,0.0058405644334915,0.0058405644334915
Mali,2021,0.0,0.0,0.0,0.0056329098140447,0.0,0.0056329098140447,0.0056329098140447
Mali,2022,0.0,0.0,0.0,0.0067374666626226,0.0,0.0067374666626226,0.0067374666626226
Mali,2023,0.0,0.0,0.0,0.0067374666626226,0.0,0.0067374666626226,0.0067374666626226
Malta,1980,0.0,0.0,0.0,0.0,0.0,0.0,0.0
Malta,1981,0.0,0.0,0.0,0.0,0.0,0.0,0.0
Malta,1982,0.0,0.0,0.0,0.0,0.0,0.0,0.0
Malta,1983,0.0,0.0,0.0,0.0,0.0,0.0,0.0
Malta,1984,0.0,0.0,0.0,0.0,0.0,0.0,0.0
Malta,1985,0.0,0.0,0.0,0.0,0.0,0.0,0.0
Malta,1986,0.0,0.0,0.0,0.0,0.0,0.0,0.0
Malta,1987,0.0,0.0,0.0,0.0,0.0,0.0,0.0
Malta,1988,0.0,0.0,0.0,0.0,0.0,0.0,0.0
Malta,1989,0.0,0.0,0.0,0.0,0.0,0.0,0.0
Malta,1990,0.0,0.0,0.0,0.0,0.0,0.0,0.0
Malta,1991,0.0,0.0,0.0,0.0,0.0,0.0,0.0
Malta,1992,0.0,0.0,0.0,0.0,0.0,0.0,0.0
Malta,1993,0.0,0.0,0.0,0.0,0.0,0.0,0.0
Malta,1994,0.0,0.0,0.0,0.0,0.0,0.0,0.0
Malta,1995,0.0,0.0,0.0,0.0,0.0,0.0,0.0
Malta,1996,0.0,0.0,0.0,0.0,0.0,0.0,0.0
Malta,1997,0.0,0.0,0.0,0.0,0.0,0.0,0.0
Malta,1998,0.0,0.0,0.0,0.0,0.0,0.0,0.0
Malta,1999,0.0,0.0,0.0,0.0,0.0,0.0,0.0
Malta,2000,0.0,0.0,0.0,0.0,0.0,0.0,0.0
Malta,2001,0.0,0.0,0.0,0.0,0.0,0.0,0.0
Malta,2002,0.0,0.0,0.0,0.0,0.0,0.0,0.0
Malta,2003,0.0,0.0,0.0,0.0,0.0,0.0,0.0
Malta,2004,0.0,0.0,0.0,0.0,0.0,0.0,0.0
Malta,2005,0.0,0.0,0.0,0.0,0.0,0.0,0.0
Malta,2006,0.0,0.0,0.0,0.0,0.0,0.0,0.0
Malta,2007,0.0,0.0,0.0,0.0,0.0,0.0,0.0
Malta,2008,0.0,0.0,0.0,0.0,0.0,0.0,0.0
Malta,2009,0.0,0.0,0.0,3.4121416331e-06,0.0,3.4121416331e-06,3.4121416331e-06
Malta,2010,0.0,0.0,0.0,4.59332470562e-05,0.0,4.59332470562e-05,4.59332470562e-05
Malta,2011,0.0,0.0,0.0,0.0001047516885257,0.0,0.0001047516885257,0.0001047516885257
Malta,2012,0.0,0.0,0.0,0.0001734984435882,0.0,0.0001734984435882,0.0001734984435882
Malta,2013,0.0,0.0,0.0,0.0002030026252922,0.0,0.0002030026252922,0.0002030026252922
Malta,2014,0.0,0.0,0.0,0.000341768394393,0.0,0.000341768394393,0.000341768394393
Malta,2015,0.0,0.0,0.0,0.0004261264479681,0.0,0.0004261264479681,0.0004261264479681
Malta,2016,0.0,0.0,0.0,0.0005389492656413,0.0,0.0005389492656413,0.0005389492656413
Malta,2017,0.0,0.0,0.0,0.0006553276816497,0.0,0.0006553276816497,0.0006553276816497
Malta,2018,0.0,0.0,0.0,0.0007281990265019,0.0,0.0007281990265019,0.0007281990265019
Malta,2019,0.0,0.0,0.0,0.0007264565541744,0.0,0.0007264565541744,0.0007264565541744
Malta,2020,0.0,0.0,0.0,0.0008628289147964,0.0,0.0008628289147964,0.0008628289147964
Malta,2021,0.0,0.0,0.0,0.000936627878086,0.0,0.000936627878086,0.000936627878086
Malta,2022,0.0,0.0,0.0,0.0010495015233099,0.0,0.0010495015233099,0.0010495015233099
Malta,2023,0.0,0.0,0.0,0.0011440644484819,0.0,0.0011440644484819,0.0011440644484819
Martinique,1980,0.0,0.0,0.0,0.0,0.0,0.0,0.0
Martinique,1981,0.0,0.0,0.0,0.0,0.0,0.0,0.0
Martinique,1982,0.0,0.0,0.0,0.0,0.0,0.0,0.0
Martinique,1983,0.0,0.0,0.0,0.0,0.0,0.0,0.0
Martinique,1984,0.0,0.0,0.0,0.0,0.0,0.0,0.0
Martinique,1985,0.0,0.0,0.0,0.0,0.0,0.0,0.0
Martinique,1986,0.0,0.0,0.0,0.0,0.0,0.0,0.0
Martinique,1987,0.0,0.0,0.0,0.0,0.0,0.0,0.0
Martinique,1988,0.0,0.0,0.0,0.0,0.0,0.0,0.0
Martinique,1989,0.0,0.0,0.0,0.0,0.0,0.0,0.0
Martinique,1990,0.0,0.0,0.0,0.0,0.0,0.0,0.0
Martinique,1991,0.0,0.0,0.0,0.0,0.0,0.0,0.0
Martinique,1992,0.0,0.0,0.0,0.0,0.0,0.0,0.0
Martinique,1993,0.0,0.0,0.0,0.0,0.0,0.0,0.0
Martinique,1994,0.0,0.0,0.0,0.0,0.0,0.0,0.0
Martinique,1995,0.0,0.0,0.0,0.0,0.0,0.0,0.0
Martinique,1996,0.0,0.0,0.0,0.0,0.0,0.0,0.0
Martinique,1997,0.0,0.0,0.0,0.0,0.0,0.0,0.0
Martinique,1998,0.0,0.0,0.0,0.0,0.0,0.0,0.0
Martinique,1999,0.0,0.0,0.0,0.0,0.0,0.0,0.0
Martinique,2000,0.0,0.0,0.0,0.0,0.0,0.0,0.0
Martinique,2001,0.0,0.0,0.0,0.0,0.0,0.0,0.0
Martinique,2002,0.0,0.0,0.0,0.0001526013342635,0.0,0.0001526013342635,0.0001526013342635
Martinique,2003,0.0,0.0,0.0,0.0001518813043761,0.0,0.0001518813043761,0.0001518813043761
Martinique,2004,0.0,0.0,0.0,0.0001502462365067,0.0,0.0001502462365067,0.0001502462365067
Martinique,2005,0.0,0.0,0.0,0.0001568155091879,0.0,0.0001568155091879,0.0001568155091879
Martinique,2006,0.0,0.0,0.0,0.0003044066354848,0.0,0.0003044066354848,0.0003044066354848
Martinique,2007,0.0,0.0,0.0,0.0003063219149853,0.0,0.0003063219149853,0.0003063219149853
Martinique,2008,0.0,0.0,0.0,0.0003024565545397,0.0,0.0003024565545397,0.0003024565545397
Martinique,2009,0.0,0.0,0.0,0.0003025645590228,0.0,0.0003025645590228,0.0003025645590228
Martinique,2010,0.0,0.0,0.0,0.0002434197040044,0.0,0.0002434197040044,0.0002434197040044
Martinique,2011,0.0,0.0,,0.0,0.0,0.0,0.0
Martinique,2012,0.0,,,0.0,0.0,0.0,0.0
Martinique,2013,0.0,,,0.0,0.0,0.0,0.0
Martinique,2014,0.0,,,0.0,0.0,0.0,0.0
Martinique,2015,0.0,,,0.0,0.0,0.0,0.0
Martinique,2016,0.0,,,0.0,0.0,0.0,0.0
Martinique,2017,0.0,,,0.0,0.0,0.0,0.0
Martinique,2018,0.0,,,0.0,0.0,0.0,0.0
Martinique,2019,0.0,,,0.0,0.0,0.0,0.0
Martinique,2020,0.0,,,0.0,0.0,0.0,0.0
Martinique,2021,0.0,,,0.0,0.0,0.0,0.0
Martinique,2022,0.0,,,0.0,0.0,0.0,0.0
Martinique,2023,0.0,,,0.0,0.0,0.0,0.0
Mauritania,1980,0.0,0.0,0.0,8.53035408281e-05,0.0,8.53035408281e-05,8.53035408281e-05
Mauritania,1981,0.0,0.0,0.0,0.0001023642489938,0.0,0.0001023642489938,0.0001023642489938
Mauritania,1982,0.0,0.0,0.0,0.0001296613820588,0.0,0.0001296613820588,0.0001296613820588
Mauritania,1983,0.0,0.0,0.0,0.0001330735236919,0.0,0.0001330735236919,0.0001330735236919
Mauritania,1984,0.0,0.0,0.0,0.0001228370987926,0.0,0.0001228370987926,0.0001228370987926
Mauritania,1985,0.0,0.0,0.0,0.0001057763906269,0.0,0.0001057763906269,0.0001057763906269
Mauritania,1986,0.0,0.0,0.0,6.14185493963e-05,0.0,6.14185493963e-05,6.14185493963e-05
Mauritania,1987,0.0,0.0,0.0,8.53035408281e-05,0.0,8.53035408281e-05,8.53035408281e-05
Mauritania,1988,0.0,0.0,0.0,8.53035408281e-05,0.0,8.53035408281e-05,8.53035408281e-05
Mauritania,1989,0.0,0.0,0.0,8.53035408281e-05,0.0,8.53035408281e-05,8.53035408281e-05
Mauritania,1990,0.0,0.0,0.0,8.53035408281e-05,0.0,8.53035408281e-05,8.53035408281e-05
Mauritania,1991,0.0,0.0,0.0,8.53035408281e-05,0.0,8.53035408281e-05,8.53035408281e-05
Mauritania,1992,0.0,0.0,0.0,8.87156824613e-05,0.0,8.87156824613e-05,8.87156824613e-05
Mauritania,1993,0.0,0.0,0.0,8.87156824613e-05,0.0,8.87156824613e-05,8.87156824613e-05
Mauritania,1994,0.0,0.0,0.0,9.55399657275e-05,0.0,9.55399657275e-05,9.55399657275e-05
Mauritania,1995,0.0,0.0,0.0,9.55399657275e-05,0.0,9.55399657275e-05,9.55399657275e-05
Mauritania,1996,0.0,0.0,0.0,9.55399657275e-05,0.0,9.55399657275e-05,9.55399657275e-05
Mauritania,1997,0.0,0.0,0.0,0.0001023642489938,0.0,0.0001023642489938,0.0001023642489938
Mauritania,1998,0.0,0.0,0.0,9.55399657275e-05,0.0,9.55399657275e-05,9.55399657275e-05
Mauritania,1999,0.0,0.0,0.0,0.0001023642489938,0.0,0.0001023642489938,0.0001023642489938
Mauritania,2000,0.0,0.0,0.0,0.00010918853226,0.0,0.00010918853226,0.00010918853226
Mauritania,2001,0.0,0.0,0.0,0.0001160128155263,0.0,0.0001160128155263,0.0001160128155263
Mauritania,2002,0.0,0.0,0.0,0.0001160128155263,0.0,0.0001160128155263,0.0001160128155263
Mauritania,2003,0.0,0.0,0.0,0.0001398978069582,0.0,0.0001398978069582,0.0001398978069582
Mauritania,2004,0.0,0.0,0.0,0.0001501342318576,0.0,0.0001501342318576,0.0001501342318576
Mauritania,2005,0.0,0.0,0.0,0.0001671949400232,0.0,0.0001671949400232,0.0001671949400232
Mauritania,2006,0.0,0.0,0.0,0.0001740192232895,0.066706015,0.0001740192232895,0.0668800342232895
Mauritania,2007,0.0,0.0,0.0,0.0001842556481889,0.034163925,0.0001842556481889,0.0343481806481889
Mauritania,2008,0.0,0.0,0.0,0.0002047284979876,0.027500935,0.0002047284979876,0.0277056634979876
Mauritania,2009,0.0,0.0,0.0,0.000375335579644,0.024031876775,0.000375335579644,0.024407212354644
Mauritania,2010,0.0,0.0,0.0,0.0003958084294428,0.017592899075,0.0003958084294428,0.0179887075044428
Mauritania,2011,0.0,0.0,0.0,0.0004435784123066,0.016535919345,0.0004435784123066,0.0169794977573066
Mauritania,2012,0.0,0.0,0.0,0.0004640512621053,0.01409421455,0.0004640512621053,0.0145582658121054
Mauritania,2013,0.0,0.0,0.0,0.0007131376013237,0.0144261345,0.0007131376013237,0.0151392721013237
Mauritania,2014,0.0,0.0,0.0,0.0007609075841875,0.012828872935,0.0007609075841875,0.0135897805191875
Mauritania,2015,0.0,0.0,0.0,0.0010929089650908,0.011212325,0.0010929089650908,0.0123052339650908
Mauritania,2016,0.0,0.0,0.0,0.0010007811409964,0.01036335,0.0010007811409964,0.0113641311409964
Mauritania,2017,0.0,0.0,0.0,0.0011577396561203,0.0,0.0011577396561203,0.0011577396561203
Mauritania,2018,0.0,0.0,0.0,0.0015091902443324,0.0,0.0015091902443324,0.0015091902443324
Mauritania,2019,0.0,0.0,0.0,0.0015832337177713,0.0,0.0015832337177713,0.0015832337177713
Mauritania,2020,0.0,0.0,0.0,0.0016037065675701,0.0,0.0016037065675701,0.0016037065675701
Mauritania,2021,0.0,0.0,0.0,0.00154911230144,0.0,0.00154911230144,0.00154911230144
Mauritania,2022,0.0,0.0,0.0,0.0015455391033097,0.0,0.0015455391033097,0.0015455391033097
Mauritania,2023,0.0,0.0,0.0,0.0015455391033097,0.0,0.0015455391033097,0.0015455391033097
Mauritius,1980,0.0,0.0,0.0,0.0002797956139164,0.0,0.0002797956139164,0.0002797956139164
Mauritius,1981,0.0,0.0,0.0,0.0002013163563545,0.0,0.0002013163563545,0.0002013163563545
Mauritius,1982,0.0,0.0,0.0,0.0003173291718808,0.0,0.0003173291718808,0.0003173291718808
Mauritius,1983,0.0,0.0,0.0,0.0001194249571594,0.0,0.0001194249571594,0.0001194249571594
Mauritius,1984,0.0,0.0,0.0,0.0002217892061533,0.0,0.0002217892061533,0.0002217892061533
Mauritius,1985,0.0,0.0,0.0,0.0003889841461765,0.0,0.0003889841461765,0.0003889841461765
Mauritius,1986,0.0,0.0,0.0,0.0003719234380109,0.0,0.0003719234380109,0.0003719234380109
Mauritius,1987,0.0,0.0,0.0,0.0004742876870047,0.0,0.0004742876870047,0.0004742876870047
Mauritius,1988,0.0,0.0,0.0,0.0003378020216796,0.0,0.0003378020216796,0.0003378020216796
Mauritius,1989,0.0,0.0,0.0,0.0005015848200698,0.0,0.0005015848200698,0.0005015848200698
Mauritius,1990,0.0,0.0,0.0,0.0002866198971827,0.0,0.0002866198971827,0.0002866198971827
Mauritius,1991,0.0,0.0,0.0,0.0002524984808514,0.0,0.0002524984808514,0.0002524984808514
Mauritius,1992,0.0,0.0,0.0,0.0003821598629103,0.0,0.0003821598629103,0.0003821598629103
Mauritius,1993,0.0,0.0,0.0,0.0003514505882121,0.0,0.0003514505882121,0.0003514505882121
Mauritius,1994,0.0,0.0,0.0,0.0002559106224845,0.0,0.0002559106224845,0.0002559106224845
Mauritius,1995,0.0,0.0,0.0,0.0004572269788391,0.0,0.0004572269788391,0.0004572269788391
Mauritius,1996,0.0,0.0,0.0,0.000348038446579,0.0,0.000348038446579,0.000348038446579
Mauritius,1997,0.0,0.0,0.0,0.0003139170302477,0.0,0.0003139170302477,0.0003139170302477
Mauritius,1998,0.0,0.0,0.0,0.0003548627298453,0.0,0.0003548627298453,0.0003548627298453
Mauritius,1999,0.0,0.0,0.0,0.0029657631045924,0.0,0.0029657631045924,0.0029657631045924
Mauritius,2000,0.0,0.0,0.0,0.0047209669605987,0.0,0.0047209669605987,0.0047209669605987
Mauritius,2001,0.0,0.0,0.0,0.0051782289408907,0.0,0.0051782289408907,0.0051782289408907
Mauritius,2002,0.0,0.0,0.0,0.0048884189112901,0.0,0.0048884189112901,0.0048884189112901
Mauritius,2003,0.0,0.0,0.0,0.0049455342820676,0.0,0.0049455342820676,0.0049455342820676
Mauritius,2004,0.0,0.0,0.0,0.0051219494048075,0.0,0.0051219494048075,0.0051219494048075
Mauritius,2005,0.0,0.0,0.0,0.0049166718840307,0.0,0.0049166718840307,0.0049166718840307
Mauritius,2006,0.0,0.0,0.0,0.0046844040429242,0.0,0.0046844040429242,0.0046844040429242
Mauritius,2007,0.0,0.0,0.0,0.0049104766268744,0.0,0.0049104766268744,0.0049104766268744
Mauritius,2008,0.0,0.0,0.0,0.0051557068060291,0.0,0.0051557068060291,0.0051557068060291
Mauritius,2009,0.0,0.0,0.0,0.005713708046644,0.0,0.005713708046644,0.005713708046644
Mauritius,2010,0.0,0.0,0.0,0.0063927703877084,0.0,0.0063927703877084,0.0063927703877084
Mauritius,2011,0.0,0.0,0.0,0.0056150073689383,0.0,0.0056150073689383,0.0056150073689383
Mauritius,2012,0.0,0.0,0.0,0.0055856245414495,0.0,0.0055856245414495,0.0055856245414495
Mauritius,2013,0.0,0.0,0.0,0.005585740089432,0.0,0.005585740089432,0.005585740089432
Mauritius,2014,0.0,0.0,0.0,0.0057257076571899,0.0,0.0057257076571899,0.0057257076571899
Mauritius,2015,0.0,0.0,0.0,0.0061224151529839,0.0,0.0061224151529839,0.0061224151529839
Mauritius,2016,0.0,0.0,0.0,0.0059386526787461,0.0,0.0059386526787461,0.0059386526787461
Mauritius,2017,0.0,0.0,0.0,0.0049112811602695,0.0,0.0049112811602695,0.0049112811602695
Mauritius,2018,0.0,0.0,0.0,0.004826082723804,0.0,0.004826082723804,0.004826082723804
Mauritius,2019,0.0,0.0,0.0,0.0049202772336836,0.0,0.0049202772336836,0.0049202772336836
Mauritius,2020,0.0,0.0,0.0,0.0045384415842309,0.0,0.0045384415842309,0.0045384415842309
Mauritius,2021,0.0,0.0,0.0,0.0041688860445081,0.0,0.0041688860445081,0.0041688860445081
Mauritius,2022,0.0,0.0,0.0,0.0036522395992517,0.0,0.0036522395992517,0.0036522395992517
Mauritius,2023,0.0,0.0,0.0,0.0036848829542308,0.0,0.0036848829542308,0.0036848829542308
Mexico,1980,0.1425271180703428,0.9504,0.0,0.060220887683075,0.0,0.060220887683075,1.1531480057534178
Mexico,1981,0.1400111724524592,1.020357,0.0,0.0864158990005982,0.0,0.0864158990005982,1.2467840714530574
Mexico,1982,0.155205084386587,1.09934,0.0,0.0818299806456742,0.0,0.0818299806456742,1.3363750650322612
Mexico,1983,0.1866658202570368,1.080404,0.0,0.0746337739414074,0.0,0.0746337739414074,1.3417035941984443
Mexico,1984,0.197581506957343,1.064495,0.0,0.0845596939521766,6.243334976231911,0.0845596939521766,7.589971177141431
Mexico,1985,0.196765601663258,1.049949,0.0,0.0942058183490293,6.1429013486877535,0.0942058183490293,7.48382176870004
Mexico,1986,0.187896604767336,0.931186,0.0,0.0791992194465326,5.77337800321795,0.0791992194465326,6.971659827431818
Mexico,1987,0.2043685006116601,0.943798,0.0,0.0773225415483122,6.01936233056497,0.0773225415483122,7.244851372724942
Mexico,1988,0.1666051677247517,0.95387,0.0,0.0873747107995071,6.005781772624554,0.0873747107995071,7.2136316511488126
Mexico,1989,0.1836176407662043,0.9093,0.0,0.0992011936999286,6.020441320605394,0.0992011936999286,7.212560155071526
Mexico,1990,0.2049732842765952,1.003233,0.0287242423022905,0.1255232882924971,6.156639486977692,0.0967990459902065,7.490369059546785
Mexico,1991,0.1783086204754031,1.003284,0.0405636337385269,0.1485221389419539,6.473063224108058,0.1079585052034269,7.803177983525416
Mexico,1992,0.1514104547417481,0.975287292,0.037473550473582,0.1675052179024608,6.466409742945377,0.1300316674288788,7.760612707589586
Mexico,1993,0.1632359056289493,1.02503164785,0.0471495573908155,0.1799570810415232,6.474715120211744,0.1328075236507077,7.842939754732217
Mexico,1994,0.2138655041791642,1.057186131925,0.0405334374851235,0.1514405090793319,6.4141076205868295,0.1109070715942084,7.836599765770326
Mexico,1995,0.2078639297023164,1.04058974173,0.08073471618281,0.2219643624238028,6.28100946760116,0.1412296462409928,7.751427501457279
Mexico,1996,0.2267393357487893,1.19598238095,0.0753295868236068,0.2188243110847545,6.844512044755184,0.1434947242611477,8.486058072538729
Mexico,1997,0.2340743092928713,1.23539611048,0.1000200566897622,0.2234593907602947,7.2011941377893445,0.1234393340705324,8.89412394832251
Mexico,1998,0.2550960556197017,1.32625284736,0.088575676649885,0.2090547025622521,7.322859742368187,0.120479025912367,9.11326334791014
Mexico,1999,0.2339027885145634,1.3366254279,0.0956415999462736,0.2421223781542577,6.978021289986012,0.1464807782079841,8.790671884554833
Mexico,2000,0.2591348537630443,1.3641986736,0.078610913026773,0.2278165263387722,7.20553566217521,0.1492056133119992,9.056685715877029
Mexico,2001,0.2566047732378179,1.372425656,0.0834423135713122,0.2247333953624069,7.431392905797562,0.1412910817910947,9.285156730397787
Mexico,2002,0.2393981766234033,1.412400576195,0.0932057688384018,0.221206338959331,7.508267189377266,0.1280005701209292,9.381272281155
Mexico,2003,0.3056767397245225,1.479603749855,0.1004025425662049,0.2139318850071326,7.944793678553293,0.1135293424409276,9.94400605313995
Mexico,2004,0.345566548682848,1.4776297473,0.0879113590750109,0.2207898346708325,8.023534206226572,0.1328784755958216,10.067520336880252
Mexico,2005,0.333578949889541,1.553416337655,0.1038549808719902,0.2530252067151062,7.871745875445509,0.1491702258431159,10.011766369705157
Mexico,2006,0.3786304426256643,1.743360537205,0.1046803451316823,0.2540361896417744,7.704331296276315,0.149355844510092,10.080358465748754
Mexico,2007,0.4039395912021095,1.82756587041,0.1001207108677735,0.2423106499313607,7.266654677590785,0.1421899390635872,9.740470789134257
Mexico,2008,0.3658564930350729,1.855876387365,0.094202245200713,0.265153848119906,6.665940170096497,0.170951602919193,9.152826898616476
Mexico,2009,0.3121408794546217,2.267048072,0.1017412431337543,0.2283568855690544,6.234327993647319,0.1266156424353,9.041873830670996
Mexico,2010,0.3795576588631574,1.84593215445812,0.056980330172159,0.2239760211068894,6.188540822631995,0.1669956909347304,8.638006657060162
Mexico,2011,0.5017425507266873,1.810403662835828,0.0972621322122544,0.2609618767369548,6.144922425964654,0.1636997445247003,8.718030516264124
Mexico,2012,0.3304968365679111,1.759814277216093,0.0846400982896458,0.2438537054238203,6.123430820757322,0.1592136071341744,8.457595639965145
Mexico,2013,0.3206664907433624,1.758943467308642,0.1145142583233798,0.2672882797595453,6.042736669610041,0.1527740214361654,8.389634907421591
Mexico,2014,0.3238199653465194,1.6275800496427084,0.0936385818038501,0.293561501923489,5.837588198470329,0.1999229201196389,8.082549715383047
Mexico,2015,0.2412053273221831,1.4719246719409196,0.1125011747631551,0.2923205928151235,5.4321008895004,0.1798194180519683,7.437551481578626
Mexico,2016,0.2907250374715808,1.3378938306086,0.1033919716531385,0.2878888510598501,5.169780731929655,0.1844968794067115,7.086288451069686
Mexico,2017,0.2766509108012867,1.1508821502243,0.1064115969934755,0.3097085899660617,4.672601858241911,0.2032969929725861,6.409843509233559
Mexico,2018,0.2529539275994379,1.065298879912091,0.134041168857559,0.3439998079455652,4.331291189057405,0.2099586390880061,5.993543804514498
Mexico,2019,0.2079079049539966,1.060386999861132,0.1095218110940226,0.3218253437152117,3.998999404072934,0.212303532621189,5.589119652603275
Mexico,2020,0.2112775285797386,1.0696148944290411,0.109372727516393,0.3470921811161775,4.062913560184582,0.2377194535997845,5.690898164309539
Mexico,2021,0.1319968833993594,1.0839582340098688,0.1168180407466593,0.3792098794619271,4.12968838679496,0.2623918387152678,5.724853383666115
Mexico,2022,0.1225445249357871,1.1455938251558735,0.1060783501145133,0.3728563896567157,4.265778674454051,0.2667780395422023,5.906773414202426
Mexico,2023,0.1166024664857355,1.2074321181798664,0.1219750157317011,0.3612364122506349,4.464058519409653,0.2392613965189337,6.149329516325889
Micronesia,1980,0.0,0.0,0.0,0.0,0.0,0.0,0.0
Micronesia,1981,0.0,0.0,0.0,0.0,0.0,0.0,0.0
Micronesia,1982,0.0,0.0,0.0,0.0,0.0,0.0,0.0
Micronesia,1983,0.0,0.0,0.0,0.0,0.0,0.0,0.0
Micronesia,1984,0.0,0.0,0.0,0.0,0.0,0.0,0.0
Micronesia,1985,0.0,0.0,0.0,0.0,0.0,0.0,0.0
Micronesia,1986,0.0,0.0,0.0,0.0,0.0,0.0,0.0
Micronesia,1987,0.0,0.0,0.0,0.0,0.0,0.0,0.0
Micronesia,1988,0.0,0.0,0.0,0.0,0.0,0.0,0.0
Micronesia,1989,0.0,0.0,0.0,0.0,0.0,0.0,0.0
Micronesia,1990,0.0,0.0,0.0,0.0,0.0,0.0,0.0
Micronesia,1991,0.0,0.0,0.0,0.0,0.0,0.0,0.0
Micronesia,1992,0.0,0.0,0.0,0.0,0.0,0.0,0.0
Micronesia,1993,0.0,0.0,0.0,0.0,0.0,0.0,0.0
Micronesia,1994,0.0,0.0,0.0,0.0,0.0,0.0,0.0
Micronesia,1995,0.0,0.0,0.0,0.0,0.0,0.0,0.0
Micronesia,1996,0.0,0.0,0.0,0.0,0.0,0.0,0.0
Micronesia,1997,0.0,0.0,0.0,0.0,0.0,0.0,0.0
Micronesia,1998,0.0,0.0,0.0,0.0,0.0,0.0,0.0
Micronesia,1999,0.0,0.0,0.0,0.0,0.0,0.0,0.0
Micronesia,2000,0.0,0.0,0.0,0.0,0.0,0.0,0.0
Micronesia,2001,0.0,0.0,0.0,0.0,0.0,0.0,0.0
Micronesia,2002,0.0,0.0,0.0,0.0,0.0,0.0,0.0
Micronesia,2003,0.0,0.0,0.0,0.0,0.0,0.0,0.0
Micronesia,2004,0.0,0.0,0.0,0.0,0.0,0.0,0.0
Micronesia,2005,0.0,0.0,0.0,0.0,0.0,0.0,0.0
Micronesia,2006,0.0,0.0,0.0,0.0,0.0,0.0,0.0
Micronesia,2007,0.0,0.0,0.0,0.0,0.0,0.0,0.0
Micronesia,2008,0.0,0.0,0.0,0.0,0.0,0.0,0.0
Micronesia,2009,0.0,0.0,0.0,0.0,0.0,0.0,0.0
Micronesia,2010,0.0,0.0,0.0,0.0,0.0,0.0,0.0
Micronesia,2011,0.0,0.0,0.0,0.0,0.0,0.0,0.0
Micronesia,2012,0.0,0.0,0.0,0.0,0.0,0.0,0.0
Micronesia,2013,0.0,0.0,0.0,0.0,0.0,0.0,0.0
Micronesia,2014,0.0,0.0,0.0,0.0,0.0,0.0,0.0
Micronesia,2015,0.0,0.0,0.0,0.0,0.0,0.0,0.0
Micronesia,2016,0.0,0.0,0.0,0.0,0.0,0.0,0.0
Micronesia,2017,0.0,0.0,0.0,0.0,0.0,0.0,0.0
Micronesia,2018,0.0,0.0,,0.0,0.0,0.0,0.0
Micronesia,2019,0.0,0.0,,0.0,0.0,0.0,0.0
Micronesia,2020,0.0,0.0,,0.0,0.0,0.0,0.0
Micronesia,2021,0.0,0.0,,0.0,0.0,0.0,0.0
Micronesia,2022,0.0,0.0,,0.0,0.0,0.0,0.0
Micronesia,2023,0.0,0.0,,0.0,0.0,0.0,0.0
Moldova,1992,0.0,0.0,0.0,0.0008700961164476,0.0,0.0008700961164476,0.0008700961164476
Moldova,1993,0.0,0.0,0.0,0.0012659045458904,0.0,0.0012659045458904,0.0012659045458904
Moldova,1994,0.0,0.0,0.0,0.0009383389491101,0.0,0.0009383389491101,0.0009383389491101
Moldova,1995,0.0,0.0,0.0,0.001095297464234,0.0,0.001095297464234,0.001095297464234
Moldova,1996,0.0,0.0,0.0,0.0012351952711923,0.0,0.0012351952711923,0.0012351952711923
Moldova,1997,0.0,0.0,0.0,0.0012897895373223,0.0,0.0012897895373223,0.0012897895373223
Moldova,1998,0.0,0.0,0.0,0.0013204988120205,0.0,0.0013204988120205,0.0013204988120205
Moldova,1999,0.0,0.0,0.0,0.0012386074128254,0.0,0.0012386074128254,0.0012386074128254
Moldova,2000,0.0,0.0,0.0,0.0013375595201861,0.0,0.0013375595201861,0.0013375595201861
Moldova,2001,0.0,0.0,0.0,0.0012249588462929,0.0,0.0012249588462929,0.0012249588462929
Moldova,2002,0.0,0.0,0.0,0.0011874252883285,0.0,0.0011874252883285,0.0011874252883285
Moldova,2003,0.0,0.0,0.0,0.0012215467046598,0.0,0.0012215467046598,0.0012215467046598
Moldova,2004,0.0,0.0,0.0,0.0011942495715947,0.0,0.0011942495715947,0.0011942495715947
Moldova,2005,0.0,0.0,0.0,0.0012249588462929,0.0,0.0012249588462929,0.0012249588462929
Moldova,2006,0.0,0.00184874025,0.0,0.0012454316960916,0.0,0.0012454316960916,0.0030941719460916
Moldova,2007,0.0,0.0,0.0,0.0012078981381272,0.0,0.0012078981381272,0.0012078981381272
Moldova,2008,0.0,0.0,0.0,0.0013136745287542,0.0,0.0013136745287542,0.0013136745287542
Moldova,2009,0.0,0.0,0.0,0.0012078981381272,0.0,0.0012078981381272,0.0012078981381272
Moldova,2010,0.0,0.0,0.0,0.0013750930781505,0.0,0.0013750930781505,0.0013750930781505
Moldova,2011,0.0,0.0,0.0,0.0011874252883285,0.0,0.0011874252883285,0.0011874252883285
Moldova,2012,0.0,0.0,0.0,0.000907629674412,0.0,0.000907629674412,0.000907629674412
Moldova,2013,0.0,0.0,0.0,0.0010836709816353,0.0,0.0010836709816353,0.0010836709816353
Moldova,2014,0.0,0.0,0.0,0.0012121083128856,0.0,0.0012121083128856,0.0012121083128856
Moldova,2015,0.0,0.0,0.0,0.001057656901828,0.0,0.001057656901828,0.001057656901828
Moldova,2016,0.0,0.00034997165,0.0,0.0009242823656414,0.0,0.0009242823656414,0.0012742540156414
Moldova,2017,0.0,3.377614399e-06,0.0,0.0012048410112303,0.0,0.0012048410112303,0.0012082186256293
Moldova,2018,0.0,3.107104102e-06,0.0,0.0012940441139237,0.0,0.0012940441139237,0.0012971512180257
Moldova,2019,0.0,2.282425614e-06,0.0,0.0014498431809206,0.0,0.0014498431809206,0.0014521256065346
Moldova,2020,0.0,3.49968677e-07,0.0,0.0013838464414901,0.0,0.0013838464414901,0.0013841964101671
Moldova,2021,0.0,3.47768657e-07,0.0,0.0016646140957546,0.0,0.0016646140957546,0.0016649618644116
Moldova,2022,0.0,0.0,0.0,0.0018990798280924,0.0,0.0018990798280924,0.0018990798280924
Moldova,2023,0.0,0.0,0.0,0.0021423289250152,0.0,0.0021423289250152,0.0021423289250152
Mongolia,1980,0.0435630230991081,0.0,0.0,0.0,0.0,0.0,0.0435630230991081
Mongolia,1981,0.0367834359138568,0.0,0.0,0.0,0.0,0.0,0.0367834359138568
Mongolia,1982,0.0445553648917268,0.0,0.0,0.0,0.0,0.0,0.0445553648917268
Mongolia,1983,0.04522510470372,0.0,0.0,0.0,0.0,0.0,0.04522510470372
Mongolia,1984,0.0451142549891317,0.0,0.0,0.0,0.0,0.0,0.0451142549891317
Mongolia,1985,0.0517680422000057,0.0,0.0,0.0,0.0,0.0,0.0517680422000057
Mongolia,1986,0.0605094069171711,0.0,0.0,0.0,0.0,0.0,0.0605094069171711
Mongolia,1987,0.0697645664805395,0.0,0.0,0.0,0.0,0.0,0.0697645664805395
Mongolia,1988,0.0771722624058001,0.0,0.0,0.0,0.0,0.0,0.0771722624058001
Mongolia,1989,0.0754354321956088,0.0,0.0,0.0,0.0,0.0,0.0754354321956088
Mongolia,1990,0.0619767061757088,0.0,0.0,0.0,0.0,0.0,0.0619767061757088
Mongolia,1991,0.0533160051129436,0.0,0.0,0.0,0.0,0.0,0.0533160051129436
Mongolia,1992,0.0467085028072908,0.0,0.0,0.0,0.0,0.0,0.0467085028072908
Mongolia,1993,0.0400508319258986,0.0,0.0,0.0,0.0,0.0,0.0400508319258986
Mongolia,1994,0.0364260458525096,0.0,0.0,0.0,0.0,0.0,0.0364260458525096
Mongolia,1995,0.036250912584156,0.0,0.0,0.0,0.0,0.0,0.036250912584156
Mongolia,1996,0.0360760563764248,0.0,0.0,0.0,0.0,0.0,0.0360760563764248
Mongolia,1997,0.0355093622317469,0.0,0.0,0.0,0.0,0.0,0.0355093622317469
Mongolia,1998,0.0352540979985122,0.0,0.0,0.0,0.0,0.0,0.0352540979985122
Mongolia,1999,0.0355273016169387,0.0,0.0,0.0,0.0,0.0,0.0355273016169387
Mongolia,2000,0.0372001793398584,0.0,0.0,1.36485665325e-05,0.0003959388,1.36485665325e-05,0.0376097667063909
Mongolia,2001,0.037316880308097,0.0,0.0,1.36485665325e-05,0.00043873,1.36485665325e-05,0.0377692588746295
Mongolia,2002,0.0401054325816071,0.0,0.0,1.36485665325e-05,0.000833587,1.36485665325e-05,0.0409526681481396
Mongolia,2003,0.0508324763210798,0.0,0.0,1.39897806958e-05,0.001096825,1.39897806958e-05,0.0519432911017756
Mongolia,2004,0.0885574117064878,0.0,0.0,1.50134231857e-05,0.00131539668,1.50134231857e-05,0.0898878218096735
Mongolia,2005,0.0795352434745429,0.0,0.0,1.50134231857e-05,0.001184571,1.50134231857e-05,0.0807348278977287
Mongolia,2006,0.0879851564885983,0.0,0.0,1.50134231857e-05,0.002281396,1.50134231857e-05,0.090281565911784
Mongolia,2007,0.1017401325719467,0.0,0.0,1.50134231857e-05,0.005089268,1.50134231857e-05,0.1068444139951324
Mongolia,2008,0.118115605772447,0.0,0.0,4.09456995975e-05,0.00705650928,4.09456995975e-05,0.1252130607520446
Mongolia,2009,0.1731481458329411,0.0,0.0,9.21278240944e-05,0.01123806895,9.21278240944e-05,0.1844783426070356
Mongolia,2010,0.3633175913431929,0.0,0.0,0.0001501342318576,0.0131092524,0.0001501342318576,0.3765769779750506
Mongolia,2011,0.3535835930693197,0.0,0.0,0.0002115527812539,0.01531890703,0.0002115527812539,0.3691140528805736
Mongolia,2012,0.4624258137123462,0.0,0.0,0.0002047284979876,0.0218525403,0.0002047284979876,0.4844830825103339
Mongolia,2013,0.3969082876691558,0.0,0.0,0.0004142339942617,0.03082406396,0.0004142339942617,0.4281465856234176
Mongolia,2014,0.4389491336402371,0.0,0.0,0.0006800398274823,0.04450482529,0.0006800398274823,0.4841339987577195
Mongolia,2015,0.5727980040320582,0.0,0.0,0.0007520360159413,0.05084125844,0.0007520360159413,0.6243912984879996
Mongolia,2016,0.838643352450318,0.0,0.0,0.0008427989833826,0.05152974,0.0008427989833826,0.8910158914337005
Mongolia,2017,0.9980077839249014,0.0,0.0,0.0008414341267293,0.043873,0.0008414341267293,1.042722218051631
Mongolia,2018,1.0827557866858195,0.0,0.0,0.0014948592494733,0.04257624634,0.0014948592494733,1.1268268922752929
Mongolia,2019,1.080977176774851,0.0,0.0,0.0023144556697506,0.04050042239,0.0023144556697506,1.123792054834602
Mongolia,2020,0.8769421737717615,0.0,0.0,0.0023072901723211,0.03863079553,0.0023072901723211,0.9178802594740826
Mongolia,2021,0.6025413960374298,0.0,0.0,0.0028116047056974,0.03664129922,0.0028116047056974,0.6419942999631272
Mongolia,2022,0.7177495641947303,0.0,0.0,0.0025966397828103,0.03485239868,0.0025966397828103,0.7551986026575407
Mongolia,2023,1.5691119850368096,0.0,0.0,0.0025966397828103,0.03314994598,0.0025966397828103,1.60485857079962
Montenegro,2006,0.0138935058012692,0.0,0.0,0.0059712478579738,0.0,0.0059712478579738,0.0198647536592431
Montenegro,2007,0.0110541583855336,0.0,0.0,0.0043811898569362,0.0,0.0043811898569362,0.0154353482424699
Montenegro,2008,0.0159885582633654,0.0,0.0,0.0052512859733839,0.0,0.0052512859733839,0.0212398442367493
Montenegro,2009,0.0087937070448509,0.0,0.0,0.0070665453222079,0.0,0.0070665453222079,0.0158602523670589
Montenegro,2010,0.0178079459278173,0.0,0.0,0.0093833894911018,0.0,0.0093833894911018,0.0271913354189191
Montenegro,2011,0.0181295548584022,0.0,0.0,0.004108218526286,0.0,0.004108218526286,0.0222377733846883
Montenegro,2012,0.0164112442864199,0.0,0.0,0.0050397331921299,0.0,0.0050397331921299,0.0214509774785498
Montenegro,2013,0.0155474945871346,0.0,0.0,0.0085440026493523,0.0,0.0085440026493523,0.024091497236487
Montenegro,2014,0.0152075080033734,0.0,0.0,0.0059780721412401,0.0,0.0059780721412401,0.0211855801446135
Montenegro,2015,0.016291789540774,0.0,0.0,0.0050875031749937,0.0,0.0050875031749937,0.0213792927157678
Montenegro,2016,0.0128459795702211,0.0,0.0,0.0062885770298547,0.0,0.0062885770298547,0.0191345566000759
Montenegro,2017,0.0135516814688623,0.0,0.0,0.0038250107707364,0.0,0.0038250107707364,0.0173766922395987
Montenegro,2018,0.0146644483520142,0.0,0.0,0.0076977915243366,0.0,0.0076977915243366,0.0223622398763509
Montenegro,2019,0.014749904439284,0.0,0.0,0.0065820212103037,0.0,0.0065820212103037,0.0213319256495877
Montenegro,2020,0.01530307179989,0.0,0.0,0.0060224299824708,0.0,0.0060224299824708,0.0213255017823609
Montenegro,2021,0.0155444316449383,0.0,0.0,0.0079605264300874,0.0,0.0079605264300874,0.0235049580750258
Montenegro,2022,0.0166059110715348,0.0,0.0,0.0060156056992045,0.0,0.0060156056992045,0.0226215167707394
Montenegro,2023,0.0178284967410851,0.0,0.0,0.0087009611644762,0.0,0.0087009611644762,0.0265294579055614
Montserrat,1980,0.0,0.0,0.0,0.0,0.0,0.0,0.0
Montserrat,1981,0.0,0.0,0.0,0.0,0.0,0.0,0.0
Montserrat,1982,0.0,0.0,0.0,0.0,0.0,0.0,0.0
Montserrat,1983,0.0,0.0,0.0,0.0,0.0,0.0,0.0
Montserrat,1984,0.0,0.0,0.0,0.0,0.0,0.0,0.0
Montserrat,1985,0.0,0.0,0.0,0.0,0.0,0.0,0.0
Montserrat,1986,0.0,0.0,0.0,0.0,0.0,0.0,0.0
Montserrat,1987,0.0,0.0,0.0,0.0,0.0,0.0,0.0
Montserrat,1988,0.0,0.0,0.0,0.0,0.0,0.0,0.0
Montserrat,1989,0.0,0.0,0.0,0.0,0.0,0.0,0.0
Montserrat,1990,0.0,0.0,0.0,0.0,0.0,0.0,0.0
Montserrat,1991,0.0,0.0,0.0,0.0,0.0,0.0,0.0
Montserrat,1992,0.0,0.0,0.0,0.0,0.0,0.0,0.0
Montserrat,1993,0.0,0.0,0.0,0.0,0.0,0.0,0.0
Montserrat,1994,0.0,0.0,0.0,0.0,0.0,0.0,0.0
Montserrat,1995,0.0,0.0,0.0,0.0,0.0,0.0,0.0
Montserrat,1996,0.0,0.0,0.0,0.0,0.0,0.0,0.0
Montserrat,1997,0.0,0.0,0.0,0.0,0.0,0.0,0.0
Montserrat,1998,0.0,0.0,0.0,0.0,0.0,0.0,0.0
Montserrat,1999,0.0,0.0,0.0,0.0,0.0,0.0,0.0
Montserrat,2000,0.0,0.0,0.0,0.0,0.0,0.0,0.0
Montserrat,2001,0.0,0.0,0.0,0.0,0.0,0.0,0.0
Montserrat,2002,0.0,0.0,0.0,0.0,0.0,0.0,0.0
Montserrat,2003,0.0,0.0,0.0,0.0,0.0,0.0,0.0
Montserrat,2004,0.0,0.0,0.0,0.0,0.0,0.0,0.0
Montserrat,2005,0.0,0.0,0.0,0.0,0.0,0.0,0.0
Montserrat,2006,0.0,0.0,0.0,0.0,0.0,0.0,0.0
Montserrat,2007,0.0,0.0,0.0,0.0,0.0,0.0,0.0
Montserrat,2008,0.0,0.0,0.0,0.0,0.0,0.0,0.0
Montserrat,2009,0.0,0.0,0.0,0.0,0.0,0.0,0.0
Montserrat,2010,0.0,0.0,0.0,0.0,0.0,0.0,0.0
Montserrat,2011,0.0,0.0,0.0,0.0,0.0,0.0,0.0
Montserrat,2012,0.0,0.0,0.0,0.0,0.0,0.0,0.0
Montserrat,2013,0.0,0.0,0.0,0.0,0.0,0.0,0.0
Montserrat,2014,0.0,0.0,0.0,0.0,0.0,0.0,0.0
Montserrat,2015,0.0,0.0,0.0,0.0,0.0,0.0,0.0
Montserrat,2016,0.0,0.0,0.0,0.0,0.0,0.0,0.0
Montserrat,2017,0.0,0.0,0.0,0.0,0.0,0.0,0.0
Montserrat,2018,0.0,0.0,0.0,0.0,0.0,0.0,0.0
Montserrat,2019,0.0,0.0,0.0,0.0,0.0,0.0,0.0
Montserrat,2020,0.0,0.0,0.0,0.0,0.0,0.0,0.0
Montserrat,2021,0.0,0.0,0.0,6.8242832662e-06,0.0,6.8242832662e-06,6.8242832662e-06
Montserrat,2022,0.0,0.0,0.0,6.8242832662e-06,0.0,6.8242832662e-06,6.8242832662e-06
Montserrat,2023,0.0,0.0,0.0,6.8242832662e-06,0.0,6.8242832662e-06,6.8242832662e-06
Morocco,1980,0.0172085471711092,0.0026175,0.0,0.0050738546084612,0.0,0.0050738546084612,0.0248999017795704
Morocco,1981,0.017790600972485,0.0033504,0.0,0.0035179180237549,0.0,0.0035179180237549,0.0246589189962399
Morocco,1982,0.0186004149570077,0.003141,0.0,0.0019653935806816,0.0,0.0019653935806816,0.0237068085376894
Morocco,1983,0.0190053219492691,0.0033504,0.0,0.0016241794173688,0.0,0.0016241794173688,0.023979901366638
Morocco,1984,0.0212070037196905,0.002094,0.0,0.0012351952711923,0.0,0.0012351952711923,0.0245361989908828
Morocco,1985,0.0196126824376612,0.003141,0.0,0.0015866458594044,0.00627,0.0015866458594044,0.0306103282970657
Morocco,1986,0.0196126824376612,0.003141,0.0,0.0021325885207049,0.0062630480167015,0.0021325885207049,0.0311493189750677
Morocco,1987,0.0160444395683577,0.0021987,0.0,0.0028150168473305,0.0042172602739725,0.0028150168473305,0.0252754166896608
Morocco,1988,0.0160950529423904,0.0021987,0.0,0.0031596431522764,0.0063,0.0031596431522764,0.0277533960946669
Morocco,1989,0.0127545702562339,0.0021987,0.0,0.0039069021699314,0.0041713114754098,0.0039069021699314,0.0230314839015752
Morocco,1990,0.0133113173705933,0.002094,0.0,0.0040399756936234,0.0020942622950819,0.0040399756936234,0.0215395553592987
Morocco,1991,0.0139439845460017,0.0014387603999999,0.0,0.0042105827752798,0.0020942622950819,0.0042105827752798,0.0216875900163636
Morocco,1992,0.0145766517214101,0.0008871408,0.0,0.003255183118004,0.0021,0.003255183118004,0.0208189756394142
Morocco,1993,0.0152852389578676,0.001108773,0.0,0.0014979301769431,0.0020942622950819,0.0014979301769431,0.0199862044298927
Morocco,1994,0.0164493465606191,0.00110982,0.0,0.0028354896971293,0.0020942622950819,0.0028354896971293,0.0224889185528304
Morocco,1995,0.0164493465606191,0.00074337,0.0,0.0020643456880424,0.0020942622950819,0.0020643456880424,0.0213513245437435
Morocco,1996,0.0128051836302665,0.00074337,0.0,0.0066093183433688,0.0021,0.0066093183433688,0.0222578719736354
Morocco,1997,0.0095153143181427,0.00184874025,0.0,0.0070358360475098,0.0020942622950819,0.0070358360475098,0.0204941529107345
Morocco,1998,0.0068074988073946,0.00184874025,0.0,0.006001957132672,0.0020942622950819,0.006001957132672,0.0167524584851487
Morocco,1999,0.0032645626251074,0.0014789922,0.0,0.0027877197142655,0.0005403196721311,0.0027877197142655,0.0080715942115041
Morocco,2000,0.0007845072975064,0.00184874025,0.0,0.0026444097656741,0.0005859,0.0026444097656741,0.0058635573131806
Morocco,2001,0.0007402205952278,0.00184874025,0.0,0.0036441672641806,0.0004523606557377,0.0036441672641806,0.0066854887651462
Morocco,2002,0.0006959338929492,0.00184874025,0.0,0.0035353199460838,0.0002722540983606,0.0035353199460838,0.0063522481873937
Morocco,2003,0.0006516471906706,0.00184874025,0.0,0.0056099020590256,0.0,0.0056099020590256,0.0081102894996963
Morocco,2004,0.000607360488392,0.0014789922,0.0,0.0061114868790954,0.00042,0.0061114868790954,0.0086178395674875
Morocco,2005,0.000303680244196,0.0016889795999999,0.0,0.0055689563594281,0.0002931967213114,0.0055689563594281,0.0078548129249356
Morocco,2006,0.0001729290279449,0.00246428,0.0,0.0060876018876635,0.0004188524590163,0.0060876018876635,0.0091436633746249
Morocco,2007,0.0,0.0023638132,0.0,0.0054938892434992,0.000460737704918,0.0054938892434992,0.0083184401484173
Morocco,2008,0.0,0.0022566285,0.0,0.0057020298831201,0.000378,0.0057020298831201,0.0083366583831201
Morocco,2009,0.0,0.0022566285,0.0,0.01140713069371,0.0003350819672131,0.01140713069371,0.0139988411609231
Morocco,2010,0.0,0.00255857175,0.0,0.0146384288202821,0.0004188524590163,0.0146384288202821,0.0176158530292985
Morocco,2011,0.0,0.0021930615,0.0,0.0096601141775485,0.0004188524590163,0.0096601141775485,0.0122720281365649
Morocco,2012,0.0,0.002887530975,0.0,0.0087280702897373,0.000294,0.0087280702897373,0.0119096012647373
Morocco,2013,0.0,0.003545449425,0.0,0.0148768745178226,0.0003350819672131,0.0148768745178226,0.0187574059100357
Morocco,2014,0.0,0.003545449425,0.0,0.0135532005740069,0.0003350819672131,0.0135532005740069,0.01743373196622
Morocco,2015,0.0,0.00343579635,0.0,0.0164456652360857,0.0003350819672131,0.0164456652360857,0.0202165435532988
Morocco,2016,0.0,0.003143390634,0.0,0.0174284114284772,0.000336,0.0174284114284772,0.0209078020624772
Morocco,2017,0.0,0.0031799413485,0.0,0.0174804255875106,5.2356557377e-05,0.0174804255875106,0.0207127234933877
Morocco,2018,0.0,0.00339813146421,0.0,0.0236042717796235,0.0002094262295081,0.0236042717796235,0.0272118294733417
Morocco,2019,0.0,0.003862703983005,0.0,0.0275100379023993,0.0001465983606557,0.0275100379023993,0.0315193402460601
Morocco,2020,0.0,0.00384251466753,0.0,0.0256076069352058,0.000105,0.0256076069352058,0.0295551216027358
Morocco,2021,0.0,0.004297338111465,0.0,0.0281281559595974,5.2356557377e-05,0.0281281559595974,0.0324778506284395
Morocco,2022,0.0,0.003018899727585,0.0,0.0258839904074892,5.2356557377e-05,0.0258839904074892,0.0289552466924512
Morocco,2023,0.0,0.00202758614919,0.0,0.0316505097674754,5.2356557377e-05,0.0316505097674754,0.0337304524740425
Mozambique,1980,0.0,0.0,0.0,0.0457534071586125,0.0,0.0457534071586125,0.0457534071586125
Mozambique,1981,0.0,0.0,0.0,0.0113112495138191,0.0,0.0113112495138191,0.0113112495138191
Mozambique,1982,0.0,0.0,0.0,0.0100965270924255,0.0,0.0100965270924255,0.0100965270924255
Mozambique,1983,0.0,0.0,0.0,0.0170948295819709,0.0,0.0170948295819709,0.0170948295819709
Mozambique,1984,0.0,0.0,0.0,0.0018835021814866,0.0,0.0018835021814866,0.0018835021814866
Mozambique,1985,0.0,0.0,0.0,0.000508409103336,0.0,0.000508409103336,0.000508409103336
Mozambique,1986,0.0,0.0,0.0,0.0001296613820588,0.0,0.0001296613820588,0.0001296613820588
Mozambique,1987,0.0,0.0,0.0,8.1891399195e-05,0.0,8.1891399195e-05,8.1891399195e-05
Mozambique,1988,0.0,0.0,0.0,0.0001671949400232,0.0,0.0001671949400232,0.0001671949400232
Mozambique,1989,0.0,0.0,0.0,0.0001706070816563,0.0,0.0001706070816563,0.0001706070816563
Mozambique,1990,0.0,0.0,0.0,0.0009588117989089,0.0,0.0009588117989089,0.0009588117989089
Mozambique,1991,0.0,0.0,0.0,0.0010918853226009,0.0,0.0010918853226009,0.0010918853226009
Mozambique,1992,0.0,0.0,0.0,0.0010987096058671,0.0,0.0010987096058671,0.0010987096058671
Mozambique,1993,0.0,0.0,0.0,0.0011635402968966,0.0,0.0011635402968966,0.0011635402968966
Mozambique,1994,0.0,0.0,0.0,0.0012351952711923,0.0,0.0012351952711923,0.0012351952711923
Mozambique,1995,0.0,0.0,0.0,0.0012795531124229,0.0,0.0012795531124229,0.0012795531124229
Mozambique,1996,0.0005753157993394,0.0,0.0,0.0015184030267419,0.0,0.0015184030267419,0.0020937188260814
Mozambique,1997,0.0005465499180369,0.0,0.0,0.0032995409592347,0.0,0.0032995409592347,0.0038460908772716
Mozambique,1998,0.0005177840367343,0.0022184883,0.0,0.0050738546084612,0.0,0.0050738546084612,0.0078101269451956
Mozambique,1999,0.0006040807672862,0.0022184883,0.0,0.0259527492615711,0.0,0.0259527492615711,0.0287753183288573
Mozambique,2000,0.0006903902739655,0.0022184883,0.0,0.0326030133045374,0.0,0.0326030133045374,0.0355118918785029
Mozambique,2001,0.0008274005165025,0.0022184883,0.0,0.0400005363651588,0.0,0.0400005363651588,0.0430464251816614
Mozambique,2002,0.000864666369618,0.0022184883,0.0,0.0428121410708562,0.0,0.0428121410708562,0.0458952957404743
Mozambique,2003,0.000913166151717,0.0029579844,0.0,0.0367180561140897,0.0,0.0367180561140897,0.0405892066658068
Mozambique,2004,0.0008928010183429,0.0428907738,0.0,0.0394136480042608,0.0,0.0394136480042608,0.0831972228226038
Mozambique,2005,0.000881110897401,0.08171431905,0.0,0.0448048317846029,0.0,0.0448048317846029,0.127400261732004
Mozambique,2006,0.0007926245040446,0.0953949969,0.0,0.049714903594674,0.0,0.049714903594674,0.1459025249987187
Mozambique,2007,0.0006855728796879,0.0976134852,0.0,0.0542598762500005,0.0,0.0542598762500005,0.1525589343296884
Mozambique,2008,0.0010407801522996,0.1150393188,0.0,0.0510558752564933,0.0,0.0510558752564933,0.167135974208793
Mozambique,2009,0.0015574330249044,0.1048657736,0.0,0.0572591487455199,0.0,0.0572591487455199,0.1636823553704244
Mozambique,2010,0.0020025068857142,0.1220825424,0.0,0.0572492117666808,0.0,0.0572492117666808,0.1813342610523951
Mozambique,2011,0.0171361525440479,0.1494728564,0.0,0.0573537262555815,0.0,0.0573537262555815,0.2239627351996295
Mozambique,2012,0.1242870718517945,0.1913409078,0.0,0.0527175558824445,0.0,0.0527175558824445,0.368345535534239
Mozambique,2013,0.1650227856338087,0.2066012256,0.0,0.0520293269150426,0.0,0.0520293269150426,0.4236533381488513
Mozambique,2014,0.1732040582261104,0.219122512,0.0,0.0572383023321757,0.0,0.0572383023321757,0.4495648725582862
Mozambique,2015,0.180930747779241,0.2228397689,0.0,0.060339939076689,0.0,0.060339939076689,0.46411045575593
Mozambique,2016,0.1983312300079273,0.226556994222,0.0,0.0553108144682277,0.0,0.0553108144682277,0.4801990386981551
Mozambique,2017,0.3841929960347761,0.2346175038676,0.0,0.0513484081377193,0.0,0.0513484081377193,0.6701589080400955
Mozambique,2018,0.4041231932865641,0.23505273214,0.0,0.0506518761694083,0.0,0.0506518761694083,0.6898278015959726
Mozambique,2019,0.2767703709775883,0.2122273062308,0.0,0.0541806836884922,0.0,0.0541806836884922,0.5431783608968805
Mozambique,2020,0.1871491288367577,0.2074402532816,0.0,0.0570617138192615,0.0,0.0570617138192615,0.4516510959376192
Mozambique,2021,0.267778980201946,0.209535847254,0.0,0.0563001547513533,0.0,0.0563001547513533,0.5336149822072995
Mozambique,2022,0.2141128016853802,0.2196988601384,0.0,0.0588611486073137,0.0,0.0588611486073137,0.492672810431094
Mozambique,2023,0.2415610370467606,0.3472039147612,0.0,0.0589063047155609,0.0,0.0589063047155609,0.6476712565235215
Namibia,1990,0.0,0.0,0.0,0.0,0.0,0.0,0.0
Namibia,1991,0.0,0.0,0.0,0.0,0.0,0.0,0.0
Namibia,1992,0.0,0.0,0.0,0.0,0.0,0.0,0.0
Namibia,1993,0.0,0.0,0.0,0.0,0.0,0.0,0.0
Namibia,1994,0.0,0.0,0.0,0.0,0.0,0.0,0.0
Namibia,1995,0.0,0.0,0.0,0.0038215986291032,0.0,0.0038215986291032,0.0038215986291032
Namibia,1996,0.0,0.0,0.0,0.0028832596799931,0.0,0.0028832596799931,0.0028832596799931
Namibia,1997,0.0,0.0,0.0,0.0020609335464092,0.0,0.0020609335464092,0.0020609335464092
Namibia,1998,0.0,0.0,0.0,0.0033507230837316,0.0,0.0033507230837316,0.0033507230837316
Namibia,1999,0.0,0.0,0.0,0.003947847869529,0.0,0.003947847869529,0.003947847869529
Namibia,2000,0.0,0.0,0.0,0.0047667618614797,0.0,0.0047667618614797,0.0047667618614797
Namibia,2001,0.0,0.0,0.0,0.0041389278009841,0.0,0.0041389278009841,0.0041389278009841
Namibia,2002,0.0,0.0,0.0,0.0048623018272073,0.0,0.0048623018272073,0.0048623018272073
Namibia,2003,0.0,0.0,0.0,0.0048520654023079,0.0,0.0048520654023079,0.0048520654023079
Namibia,2004,0.0,0.0,0.0,0.0046746340373852,0.0,0.0046746340373852,0.0046746340373852
Namibia,2005,0.0,0.0,0.0,0.0056641551109923,0.0,0.0056641551109923,0.0056641551109923
Namibia,2006,0.0,0.0,0.0,0.0051728067158219,0.0,0.0051728067158219,0.0051728067158219
Namibia,2007,0.0,0.0,0.0,0.0052751709648157,0.0,0.0052751709648157,0.0052751709648157
Namibia,2008,0.0,0.0,0.0,0.0047804104280122,0.0,0.0047804104280122,0.0047804104280122
Namibia,2009,0.0,0.0,0.0,0.0048315925525091,0.0,0.0048315925525091,0.0048315925525091
Namibia,2010,0.0,0.0,0.0,0.0042822377495755,0.0,0.0042822377495755,0.0042822377495755
Namibia,2011,0.0,0.0,0.0,0.0048213561276097,0.0,0.0048213561276097,0.0048213561276097
Namibia,2012,0.0,0.0,0.0,0.0055344937289335,0.0,0.0055344937289335,0.0055344937289335
Namibia,2013,0.0,0.0,0.0,0.0044187234149006,0.0,0.0044187234149006,0.0044187234149006
Namibia,2014,0.0,0.0,0.0,0.0051693945741888,0.0,0.0051693945741888,0.0051693945741888
Namibia,2015,0.0,0.0,0.0,0.0052615223982832,0.0,0.0052615223982832,0.0052615223982832
Namibia,2016,0.0,0.0,0.0,0.0048350046941422,0.0,0.0048350046941422,0.0048350046941422
Namibia,2017,0.0,0.0,0.0,0.0058211136261162,0.0,0.0058211136261162,0.0058211136261162
Namibia,2018,0.0,0.0,0.0,0.0047599375782134,0.0,0.0047599375782134,0.0047599375782134
Namibia,2019,0.0,0.0,0.0,0.0045517969385926,0.0,0.0045517969385926,0.0045517969385926
Namibia,2020,0.0,0.0,0.0,0.0066024940601025,0.0,0.0066024940601025,0.0066024940601025
Namibia,2021,0.0,0.0,0.0,0.0050021996341655,0.0,0.0050021996341655,0.0050021996341655
Namibia,2022,0.0,0.0,0.0,0.0044357841230663,0.0,0.0044357841230663,0.0044357841230663
Namibia,2023,0.0,0.0,0.0,0.0063261105878192,0.0,0.0063261105878192,0.0063261105878192
Nauru,1980,0.0,0.0,0.0,0.0,0.0,0.0,0.0
Nauru,1981,0.0,0.0,0.0,0.0,0.0,0.0,0.0
Nauru,1982,0.0,0.0,0.0,0.0,0.0,0.0,0.0
Nauru,1983,0.0,0.0,0.0,0.0,0.0,0.0,0.0
Nauru,1984,0.0,0.0,0.0,0.0,0.0,0.0,0.0
Nauru,1985,0.0,0.0,0.0,0.0,0.0,0.0,0.0
Nauru,1986,0.0,0.0,0.0,0.0,0.0,0.0,0.0
Nauru,1987,0.0,0.0,0.0,0.0,0.0,0.0,0.0
Nauru,1988,0.0,0.0,0.0,0.0,0.0,0.0,0.0
Nauru,1989,0.0,0.0,0.0,0.0,0.0,0.0,0.0
Nauru,1990,0.0,0.0,0.0,0.0,0.0,0.0,0.0
Nauru,1991,0.0,0.0,0.0,0.0,0.0,0.0,0.0
Nauru,1992,0.0,0.0,0.0,0.0,0.0,0.0,0.0
Nauru,1993,0.0,0.0,0.0,0.0,0.0,0.0,0.0
Nauru,1994,0.0,0.0,0.0,0.0,0.0,0.0,0.0
Nauru,1995,0.0,0.0,0.0,0.0,0.0,0.0,0.0
Nauru,1996,0.0,0.0,0.0,0.0,0.0,0.0,0.0
Nauru,1997,0.0,0.0,0.0,0.0,0.0,0.0,0.0
Nauru,1998,0.0,0.0,0.0,0.0,0.0,0.0,0.0
Nauru,1999,0.0,0.0,0.0,0.0,0.0,0.0,0.0
Nauru,2000,0.0,0.0,0.0,0.0,0.0,0.0,0.0
Nauru,2001,0.0,0.0,0.0,0.0,0.0,0.0,0.0
Nauru,2002,0.0,0.0,0.0,0.0,0.0,0.0,0.0
Nauru,2003,0.0,0.0,0.0,0.0,0.0,0.0,0.0
Nauru,2004,0.0,0.0,0.0,0.0,0.0,0.0,0.0
Nauru,2005,0.0,0.0,0.0,0.0,0.0,0.0,0.0
Nauru,2006,0.0,0.0,0.0,0.0,0.0,0.0,0.0
Nauru,2007,0.0,0.0,0.0,0.0,0.0,0.0,0.0
Nauru,2008,0.0,0.0,0.0,0.0,0.0,0.0,0.0
Nauru,2009,0.0,0.0,0.0,0.0,0.0,0.0,0.0
Nauru,2010,0.0,0.0,0.0,0.0,0.0,0.0,0.0
Nauru,2011,0.0,0.0,0.0,0.0,0.0,0.0,0.0
Nauru,2012,0.0,0.0,0.0,0.0,0.0,0.0,0.0
Nauru,2013,0.0,0.0,0.0,0.0,0.0,0.0,0.0
Nauru,2014,0.0,0.0,0.0,0.0,0.0,0.0,0.0
Nauru,2015,0.0,0.0,0.0,0.0,0.0,0.0,0.0
Nauru,2016,0.0,0.0,0.0,0.0,0.0,0.0,0.0
Nauru,2017,0.0,0.0,0.0,3.4121416331e-06,0.0,3.4121416331e-06,3.4121416331e-06
Nauru,2018,0.0,0.0,0.0,3.4121416331e-06,0.0,3.4121416331e-06,3.4121416331e-06
Nauru,2019,0.0,0.0,0.0,6.8242832662e-06,0.0,6.8242832662e-06,6.8242832662e-06
Nauru,2020,0.0,0.0,0.0,1.02364248993e-05,0.0,1.02364248993e-05,1.02364248993e-05
Nauru,2021,0.0,0.0,0.0,1.26249240425e-05,0.0,1.26249240425e-05,1.26249240425e-05
Nauru,2022,0.0,0.0,0.0,1.56514936711e-05,0.0,1.56514936711e-05,1.56514936711e-05
Nauru,2023,0.0,0.0,0.0,1.70607081656e-05,0.0,1.70607081656e-05,1.70607081656e-05
Nepal,1980,0.0,0.0,0.0,0.0006005369274305,0.0,0.0006005369274305,0.0006005369274305
Nepal,1981,0.0,0.0,0.0,0.0007097254596906,0.0,0.0007097254596906,0.0007097254596906
Nepal,1982,0.0,0.0,0.0,0.0007029011764243,0.0,0.0007029011764243,0.0007029011764243
Nepal,1983,0.0,0.0,0.0,0.0010714124728021,0.0,0.0010714124728021,0.0010714124728021
Nepal,1984,0.0,0.0,0.0,0.0011430674470978,0.0,0.0011430674470978,0.0011430674470978
Nepal,1985,0.0,0.0,0.0,0.0011328310221984,0.0,0.0011328310221984,0.0011328310221984
Nepal,1986,0.0,0.0,0.0,0.0014740451855112,0.0,0.0014740451855112,0.0014740451855112
Nepal,1987,0.0,0.0,0.0,0.0018527929067884,0.0,0.0018527929067884,0.0018527929067884
Nepal,1988,0.0,0.0,0.0,0.0019005628896522,0.0,0.0019005628896522,0.0019005628896522
Nepal,1989,0.0,0.0,0.0,0.0018289079153565,0.0,0.0018289079153565,0.0018289079153565
Nepal,1990,0.0,0.0,0.0,0.0029924482122532,0.0,0.0029924482122532,0.0029924482122532
Nepal,1991,3.50360438376e-05,0.0,0.0,0.0030743396114482,0.0,0.0030743396114482,0.0031093756552859
Nepal,1992,3.88175424694e-05,0.0,0.0,0.0028320775554961,0.0,0.0028320775554961,0.0028708950979656
Nepal,1993,4.25990411011e-05,0.0,0.0,0.0029515025126556,0.0,0.0029515025126556,0.0029941015537568
Nepal,1994,9.75451342495e-05,0.0,0.0,0.0031528188690102,0.0,0.0031528188690102,0.0032503640032597
Nepal,1995,9.77352205532e-05,0.0,0.0,0.0039137264531977,0.0,0.0039137264531977,0.0040114616737509
Nepal,1996,9.79253068569e-05,0.0,0.0,0.0039887935691265,0.0,0.0039887935691265,0.0040867188759834
Nepal,1997,0.0001269299615141,0.0,0.0,0.0035861608564174,0.0,0.0035861608564174,0.0037130908179316
Nepal,1998,0.0001802267123512,0.0,0.0,0.0038215986291032,0.0,0.0038215986291032,0.0040018253414545
Nepal,1999,0.0002949164383929,0.0,0.0,0.0047667618614797,0.0,0.0047667618614797,0.0050616782998726
Nepal,2000,0.0002785321918155,0.0,0.0,0.0055140208791347,0.0,0.0055140208791347,0.0057925530709502
Nepal,2001,0.0001638424657738,0.0,0.0,0.0062476313302572,0.0,0.0062476313302572,0.0064114737960311
Nepal,2002,0.0001966109589286,0.0,0.0,0.0071620852879355,0.0,0.0071620852879355,0.0073586962468641
Nepal,2003,0.0001802267123512,0.0,0.0,0.0077250886574016,0.0,0.0077250886574016,0.0079053153697528
Nepal,2004,0.0001474582191964,0.0,0.0,0.0081208970868444,0.0,0.0081208970868444,0.0082683553060409
Nepal,2005,0.00015170173906,0.0,0.0,0.0085132933746542,0.0,0.0085132933746542,0.0086649951137142
Nepal,2006,0.0001960047418052,0.0,0.0,0.0092503159674098,0.0,0.0092503159674098,0.009446320709215
Nepal,2007,0.0002293794520833,0.0,0.0,0.0094072744825337,0.0,0.0094072744825337,0.0096366539346171
Nepal,2008,0.0002268398938638,0.0,0.0,0.0094789294568294,0.0,0.0094789294568294,0.0097057693506933
Nepal,2009,0.0002427981500302,0.0,0.0,0.0104957476635015,0.0,0.0104957476635015,0.0107385458135318
Nepal,2010,0.0001933341096131,0.0,0.0,0.010847539465877,0.0,0.010847539465877,0.0110408735754901
Nepal,2011,0.0002156166849583,0.0,0.0,0.0118268241145847,0.0,0.0118268241145847,0.0120424407995431
Nepal,2012,0.0002634586849643,0.0,0.0,0.0119807117022388,0.0,0.0119807117022388,0.0122441703872031
Nepal,2013,0.0003113006849703,0.0,0.0,0.0118998439455336,0.0,0.0118998439455336,0.0122111446305039
Nepal,2014,0.0003427073152552,0.0,0.0,0.0129473714269039,0.0,0.0129473714269039,0.0132900787421592
Nepal,2015,0.0003077274178232,0.0,0.0,0.0118029391231528,0.0,0.0118029391231528,0.012110666540976
Nepal,2016,0.0003375322399328,0.0,0.0,0.0142538804582286,0.0,0.0142538804582286,0.0145914126981615
Nepal,2017,0.0003696781675454,0.0,0.0,0.0155989466900076,0.0,0.0155989466900076,0.0159686248575531
Nepal,2018,0.0004018240951581,0.0,0.0,0.0165181776459723,0.0,0.0165181776459723,0.0169200017411305
Nepal,2019,0.0004368792292197,0.0,0.0,0.020991495327003,0.0,0.020991495327003,0.0214283745562228
Nepal,2020,0.0004500429865771,0.0,0.0,0.02109727171763,0.0,0.02109727171763,0.0215473147042071
Nepal,2021,0.0004760168960881,0.0,0.0,0.0328486875021226,0.0,0.0328486875021226,0.0333247043982108
Nepal,2022,0.0003081444575236,0.0,0.0,0.0365030911912027,0.0,0.0365030911912027,0.0368112356487263
Nepal,2023,0.0002162193869994,0.0,0.0,0.0365030911912027,0.0,0.0365030911912027,0.0367193105782021
Netherlands,1980,0.0,3.037812,0.0416386313601435,0.0520270658592287,0.0,0.0103884344990852,3.0898390658592287
Netherlands,1981,0.0,2.819676,0.0362304488742093,0.046683885401436,0.0,0.0104534365272266,2.866359885401436
Netherlands,1982,0.0,2.40039,0.0387549606630896,0.0418912922367357,0.0,0.0031363315736461,2.442281292236736
Netherlands,1983,0.0,2.553435,0.0355904293079108,0.0376945202857235,0.0,0.0021040909778126,2.5911295202857234
Netherlands,1984,0.0,2.57472,0.0368245965364305,0.0370334052037802,0.1307186885245891,0.0002088086673496,2.7424720937283693
Netherlands,1985,0.0,2.690046,0.0387549606630896,0.0429441705512115,0.1618294736842103,0.0041892098881218,2.894819644235422
Netherlands,1986,0.0,2.46744,0.0418179718043093,0.0470548371791147,0.2022870967741948,0.0052368653748054,2.716781933953309
Netherlands,1987,0.0,2.474592,0.0354427511780025,0.0427465903499394,0.1888068965517242,0.0073038391719369,2.706145486901664
Netherlands,1988,0.0,2.186724,0.0365819824658668,0.044902943857095,0.171286233766235,0.0083209613912281,2.40291317762333
Netherlands,1989,0.0,2.389662,0.0399574825780576,0.0495514008079068,0.1629781434105468,0.0095939182298492,2.602191544218454
Netherlands,1990,0.0,2.40237851973,0.0350946527289328,0.0466975503486484,0.1702893803253861,0.0116028976197156,2.6193654504040347
Netherlands,1991,0.0,2.71620032313,0.03316543164972,0.046050250480155,0.1572923997163448,0.0128848188304349,2.9195429733265
Netherlands,1992,0.0,2.73328056414,0.0378629066352004,0.0506573997163425,0.1416062878374858,0.012794493081142,2.9255442516938284
Netherlands,1993,0.0,2.78057483592,0.0393272291221364,0.0539979450826116,0.1376967015381458,0.0146707159604752,2.9722694825407574
Netherlands,1994,0.0,2.63771330067,0.0395196054024011,0.0557795723304152,0.1876309335984683,0.016259966928014,2.881123806598884
Netherlands,1995,0.0,2.68178726823,0.0400229062937026,0.0578943961137313,0.1468263312530702,0.0178714898200286,2.8865079955968014
Netherlands,1996,0.0,3.03478943964,0.041438440050488,0.0654998948071243,0.1281052768890788,0.0240614547566362,3.228394611336203
Netherlands,1997,0.0,2.68781744574,0.0222615514652202,0.0493555840598331,0.1214787178372727,0.0270940325946129,2.858651747637106
Netherlands,1998,0.0,2.56380416166,0.0352199130823112,0.0651149769837349,0.1092520473947915,0.0298950639014236,2.7381711860385267
Netherlands,1999,0.0,2.38406698593,0.0353851735080356,0.0682383211952942,0.1033087427010366,0.0328531476872585,2.555614049826331
Netherlands,2000,0.0,2.29907621181,0.0362600816442233,0.0722621140371906,0.0956559547084242,0.0360020323929673,2.466994280555615
Netherlands,2001,0.0,2.46877361556,0.0367169781153435,0.0766765007780821,0.0930647791931734,0.0399595226627386,2.638514895531256
Netherlands,2002,0.0,2.391537980125,0.0361531484275781,0.081881477545237,0.1286978569875105,0.0457283291176588,2.602117314657748
Netherlands,2003,0.0,2.30269091395,0.0371252685788978,0.0815373510610379,0.1287591189977164,0.0444120824821401,2.5129873840087544
Netherlands,2004,0.0,2.716077886025,0.0352976826944168,0.0888120567737693,0.1205460396440562,0.0535143740793525,2.925435982442825
Netherlands,2005,0.0,2.48145968175,0.0366683721077775,0.1111102771868133,0.0933709259552584,0.0744419050790358,2.685940884892072
Netherlands,2006,0.0,2.443057267875,0.0318174925526924,0.1081073493739516,0.083468528824651,0.0762898568212591,2.6346331460736025
Netherlands,2007,0.0,2.401083271475,0.0388264788437072,0.1090480807048043,0.1088345115954354,0.0702216018610971,2.61896586377524
Netherlands,2008,0.0,2.6414539361,0.0382432067529154,0.1217107836610518,0.0914035803248888,0.0834675769081364,2.8545683000859405
Netherlands,2009,0.0,2.4878442806,0.0390597876800239,0.1402013359161183,0.0714078961926056,0.1011415482360943,2.699453512708724
Netherlands,2010,0.0,2.796734802388401,0.0364739480775136,0.1505497391870251,0.059723274050529,0.1140757911095115,3.007007815625955
Netherlands,2011,0.0,2.545973448962185,0.0380585039241647,0.1634042131303885,0.0644347151608832,0.1253457092062238,2.773812377253457
Netherlands,2012,0.0,2.5323231333522904,0.0363670148608685,0.1864955752780593,0.0599422992034635,0.1501285604171907,2.7787610078338134
Netherlands,2013,0.0,2.7233643559852165,0.0266069285416191,0.1794315805522146,0.0629922766993829,0.1528246520105955,2.965788213236814
Netherlands,2014,0.0,2.2108771595109484,0.0376502134606104,0.1837568507796425,0.0794441658152726,0.146106637319032,2.4740781761058632
Netherlands,2015,0.0,1.7066054307648575,0.0374946742363993,0.1854405561661564,0.0756488411358318,0.1479458819297571,1.9676948280668456
Netherlands,2016,0.0,1.6464750373956,0.0364535335543359,0.1824737632504625,0.050310854807466,0.1460202296961266,1.8792596554535288
Netherlands,2017,0.0,1.4320847488983,0.0318631821998045,0.2012467001730859,0.0401098389520372,0.1693835179732814,1.673441288023423
Netherlands,2018,0.0,1.2260804086359824,0.033008339738059,0.2063015538042163,0.0377570091496061,0.1732932140661572,1.470138971589805
Netherlands,2019,0.0,1.0475363637850057,0.0359713619592813,0.2311596982258618,0.0455876121031471,0.1951883362665805,1.3242836741140147
Netherlands,2020,0.0,0.7588399000930802,0.0375714706492197,0.2825255981966335,0.0778719156631543,0.2449541275474137,1.1192374139528682
Netherlands,2021,0.0,0.6806868339018263,0.0351732503055282,0.318128218338447,0.0771096137550394,0.2829549680329188,1.0759246659953128
Netherlands,2022,0.0,0.5659361730629623,0.0382042625231397,0.3367840727147752,0.0695415773925355,0.2985798101916354,0.972261823170273
Netherlands,2023,0.0,0.3724685899375798,0.0366206010724811,0.363089834355612,0.0627297943360819,0.3264692332831309,0.7982882186292739
Netherlands Antilles,1980,0.0,0.0,0.0,0.0,0.0,0.0,0.0
Netherlands Antilles,1981,0.0,0.0,0.0,0.0,0.0,0.0,0.0
Netherlands Antilles,1982,0.0,0.0,0.0,0.0,0.0,0.0,0.0
Netherlands Antilles,1983,0.0,0.0,0.0,0.0,0.0,0.0,0.0
Netherlands Antilles,1984,0.0,0.0,0.0,0.0,0.0,0.0,0.0
Netherlands Antilles,1985,0.0,0.0,0.0,0.0,0.0,0.0,0.0
Netherlands Antilles,1986,0.0,0.0,0.0,0.0,0.0,0.0,0.0
Netherlands Antilles,1987,0.0,0.0,0.0,0.0,0.0,0.0,0.0
Netherlands Antilles,1988,0.0,0.0,0.0,0.0,0.0,0.0,0.0
Netherlands Antilles,1989,0.0,0.0,0.0,0.0,0.0,0.0,0.0
Netherlands Antilles,1990,0.0,0.0,0.0,0.0,0.0,0.0,0.0
Netherlands Antilles,1991,0.0,0.0,0.0,0.0,0.0,0.0,0.0
Netherlands Antilles,1992,0.0,0.0,0.0,0.0,0.0,0.0,0.0
Netherlands Antilles,1993,0.0,0.0,0.0,3.4121416331e-06,0.0,3.4121416331e-06,3.4121416331e-06
Netherlands Antilles,1994,0.0,0.0,0.0,2.38849914318e-05,0.0,2.38849914318e-05,2.38849914318e-05
Netherlands Antilles,1995,0.0,0.0,0.0,2.38849914318e-05,0.0,2.38849914318e-05,2.38849914318e-05
Netherlands Antilles,1996,0.0,0.0,0.0,2.38849914318e-05,0.0,2.38849914318e-05,2.38849914318e-05
Netherlands Antilles,1997,0.0,0.0,0.0,2.38849914318e-05,0.0,2.38849914318e-05,2.38849914318e-05
Netherlands Antilles,1998,0.0,0.0,0.0,2.38849914318e-05,0.0,2.38849914318e-05,2.38849914318e-05
Netherlands Antilles,1999,0.0,0.0,0.0,2.38849914318e-05,0.0,2.38849914318e-05,2.38849914318e-05
Netherlands Antilles,2000,0.0,0.0,0.0,2.7297133065e-05,0.0,2.7297133065e-05,2.7297133065e-05
Netherlands Antilles,2001,0.0,0.0,0.0,0.000242262055952,0.0,0.000242262055952,0.000242262055952
Netherlands Antilles,2002,0.0,0.0,0.0,0.000242262055952,0.0,0.000242262055952,0.000242262055952
Netherlands Antilles,2003,0.0,0.0,0.0,0.000242262055952,0.0,0.000242262055952,0.000242262055952
Netherlands Antilles,2004,0.0,0.0,0.0,0.000242262055952,0.0,0.000242262055952,0.000242262055952
Netherlands Antilles,2005,0.0,0.0,0.0,0.000242262055952,0.0,0.000242262055952,0.000242262055952
Netherlands Antilles,2006,0.0,0.0,0.0,0.000242262055952,0.0,0.000242262055952,0.000242262055952
Netherlands Antilles,2007,0.0,0.0,0.0,0.000242262055952,0.0,0.000242262055952,0.000242262055952
Netherlands Antilles,2008,0.0,0.0,0.0,0.000214964922887,0.0,0.000214964922887,0.000214964922887
Netherlands Antilles,2009,0.0,0.0,0.0,0.0002217892061533,0.0,0.0002217892061533,0.0002217892061533
Netherlands Antilles,2010,0.0,0.0,0.0,0.0002327080593793,0.0,0.0002327080593793,0.0002327080593793
Netherlands Antilles,2011,0.0,0.0,0.0,0.000304363033675,0.0,0.000304363033675,0.000304363033675
Netherlands Antilles,2012,0.0,0.0,0.0,0.0003282480251069,0.0,0.0003282480251069,0.0003282480251069
Netherlands Antilles,2013,0.0,0.0,0.0,0.0005425305196673,0.0,0.0005425305196673,0.0005425305196673
Netherlands Antilles,2014,0.0,0.0,0.0,0.0006380704853949,0.0,0.0006380704853949,0.0006380704853949
Netherlands Antilles,2015,0.0,0.0,0.0,0.0006858404682587,0.0,0.0006858404682587,0.0006858404682587
Netherlands Antilles,2016,0.0,0.0,0.0,0.0006005369274305,0.0,0.0006005369274305,0.0006005369274305
Netherlands Antilles,2017,0.0,0.0,0.0,0.0007540833009212,0.0,0.0007540833009212,0.0007540833009212
Netherlands Antilles,2018,0.0,0.0,0.0,0.0010198891341419,0.0,0.0010198891341419,0.0010198891341419
Netherlands Antilles,2019,0.0,0.0,0.0,0.0009212782409445,0.0,0.0009212782409445,0.0009212782409445
Netherlands Antilles,2020,0.0,0.0,0.0,0.0008427989833826,0.0,0.0008427989833826,0.0008427989833826
Netherlands Antilles,2021,0.0,0.0,0.0,0.0009195721701279,0.0,0.0009195721701279,0.0009195721701279
Netherlands Antilles,2022,0.0,0.0,0.0,0.0008871568246132,0.0,0.0008871568246132,0.0008871568246132
Netherlands Antilles,2023,0.0,0.0,0.0,0.0008871568246132,0.0,0.0008871568246132,0.0008871568246132
New Caledonia,1980,0.0,0.0,0.0,0.0009417510907433,0.0,0.0009417510907433,0.0009417510907433
New Caledonia,1981,0.0,0.0,0.0,0.0009144539576782,0.0,0.0009144539576782,0.0009144539576782
New Caledonia,1982,0.0,0.0,0.0,0.0013921537863161,0.0,0.0013921537863161,0.0013921537863161
New Caledonia,1983,0.0,0.0,0.0,0.0009485753740095,0.0,0.0009485753740095,0.0009485753740095
New Caledonia,1984,0.0,0.0,0.0,0.0013546202283517,0.0,0.0013546202283517,0.0013546202283517
New Caledonia,1985,0.0,0.0,0.0,0.0016344158422682,0.0,0.0016344158422682,0.0016344158422682
New Caledonia,1986,0.0,0.0,0.0,0.0013580323699849,0.0,0.0013580323699849,0.0013580323699849
New Caledonia,1987,0.0,0.0,0.0,0.0008666839748144,0.0,0.0008666839748144,0.0008666839748144
New Caledonia,1988,0.0,0.0,0.0,0.0017981986406584,0.0,0.0017981986406584,0.0017981986406584
New Caledonia,1989,0.0,0.0,0.0,0.001760665082694,0.0,0.001760665082694,0.001760665082694
New Caledonia,1990,0.0,0.0,0.0,0.0015559365847063,0.0,0.0015559365847063,0.0015559365847063
New Caledonia,1991,0.0,0.0,0.0,0.0011601281552634,0.0,0.0011601281552634,0.0011601281552634
New Caledonia,1992,0.0,0.0,0.0,0.0011669524385297,0.0,0.0011669524385297,0.0011669524385297
New Caledonia,1993,0.0,0.0,0.0,0.0011669524385297,0.0,0.0011669524385297,0.0011669524385297
New Caledonia,1994,0.0,0.0,0.0,0.0012829652540561,0.0,0.0012829652540561,0.0012829652540561
New Caledonia,1995,0.0,0.0,0.0,0.0014330994859137,0.0,0.0014330994859137,0.0014330994859137
New Caledonia,1996,0.0,0.0,0.0,0.0013307352369198,0.0,0.0013307352369198,0.0013307352369198
New Caledonia,1997,0.0,0.0,0.0,0.001228370987926,0.0,0.001228370987926,0.001228370987926
New Caledonia,1998,0.0,0.0,0.0,0.0013409716618192,0.0,0.0013409716618192,0.0013409716618192
New Caledonia,1999,0.0,0.0,0.0,0.0015934701426707,0.0,0.0015934701426707,0.0015934701426707
New Caledonia,2000,0.0,0.0,0.0,0.0015184030267419,0.0,0.0015184030267419,0.0015184030267419
New Caledonia,2001,0.0,0.0,0.0,0.0012624924042573,0.0,0.0012624924042573,0.0012624924042573
New Caledonia,2002,0.0,0.0,0.0,0.0011089460307665,0.0,0.0011089460307665,0.0011089460307665
New Caledonia,2003,0.0,0.0,0.0,0.0011089460307665,0.0,0.0011089460307665,0.0011089460307665
New Caledonia,2004,0.0,0.0,0.0,0.0011362431638316,0.0,0.0011362431638316,0.0011362431638316
New Caledonia,2005,0.0,0.0,0.0,0.0012147224213935,0.0,0.0012147224213935,0.0012147224213935
New Caledonia,2006,0.0,0.0,0.0,0.0010748246144353,0.0,0.0010748246144353,0.0010748246144353
New Caledonia,2007,0.0,0.0,0.0,0.0014535723357125,0.0,0.0014535723357125,0.0014535723357125
New Caledonia,2008,0.0,0.0,0.0,0.0016480644088007,0.0,0.0016480644088007,0.0016480644088007
New Caledonia,2009,0.0,0.0,0.0,0.0014740451855112,0.0,0.0014740451855112,0.0014740451855112
New Caledonia,2010,0.0,0.0,0.0,0.001068000331169,0.0,0.001068000331169,0.001068000331169
New Caledonia,2011,0.0,0.0,0.0,0.0014228630610143,0.0,0.0014228630610143,0.0014228630610143
New Caledonia,2012,0.0,0.0,0.0,0.0015593487263394,0.0,0.0015593487263394,0.0015593487263394
New Caledonia,2013,0.0,0.0,0.0,0.0017552688587044,0.0,0.0017552688587044,0.0017552688587044
New Caledonia,2014,0.0,0.0,0.0,0.0012021482994596,0.0,0.0012021482994596,0.0012021482994596
New Caledonia,2015,0.0,0.0,0.0,0.0014006585393363,0.0,0.0014006585393363,0.0014006585393363
New Caledonia,2016,0.0,0.0,0.0,0.000987553791948,0.0,0.000987553791948,0.000987553791948
New Caledonia,2017,0.0,0.0,0.0,0.0014845548217512,0.0,0.0014845548217512,0.0014845548217512
New Caledonia,2018,0.0,0.0,0.0,0.0014017109830217,0.0,0.0014017109830217,0.0014017109830217
New Caledonia,2019,0.0,0.0,0.0,0.0015681040897621,0.0,0.0015681040897621,0.0015681040897621
New Caledonia,2020,0.0,0.0,0.0,0.0017232287287644,0.0,0.0017232287287644,0.0017232287287644
New Caledonia,2021,0.0,0.0,0.0,0.0022179892655679,0.0,0.0022179892655679,0.0022179892655679
New Caledonia,2022,0.0,0.0,0.0,0.0027605197852353,0.0,0.0027605197852353,0.0027605197852353
New Caledonia,2023,0.0,0.0,0.0,0.0027605197852353,0.0,0.0027605197852353,0.0027605197852353
New Zealand,1980,0.0475263967386845,0.03648,0.0,0.0769770394226693,0.0,0.0769770394226693,0.1609834361613539
New Zealand,1981,0.0481473968894613,0.044086,0.0,0.078376045647509,0.0,0.078376045647509,0.1706094425369703
New Zealand,1982,0.0486254592502495,0.077436,0.0,0.0739573670334503,0.0,0.0739573670334503,0.2000188262836998
New Zealand,1983,0.0539368726016375,0.082904,0.0,0.0789724927457534,0.0,0.0789724927457534,0.2158133653473909
New Zealand,1984,0.0557564464463231,0.10494,0.0,0.0816331691986217,0.0388211484705885,0.0816331691986217,0.2811507641155334
New Zealand,1985,0.0534039363835893,0.134064,0.0,0.0789867087703075,0.0592253313813983,0.0789867087703075,0.3256799765352952
New Zealand,1986,0.0555950476126706,0.161226,0.0,0.0872947839082652,0.0622038345342465,0.0872947839082652,0.3663196660551824
New Zealand,1987,0.0483046357626828,0.154584,0.0,0.08668855785382,0.0618830574951076,0.08668855785382,0.3514602511116104
New Zealand,1988,0.0544176418517962,0.169818,0.0,0.0901369271393709,0.0731780820127507,0.0901369271393709,0.387550651003918
New Zealand,1989,0.0617887769291797,0.17425,0.0,0.0904359516901076,0.0811176768628915,0.0904359516901076,0.4075924054821789
New Zealand,1990,0.0580194992999609,0.172887,0.0,0.0943262734398012,0.0844524758362315,0.0943262734398012,0.4096852485759937
New Zealand,1991,0.0609164403037364,0.188604,0.0,0.0940137325295564,0.0892092304562017,0.0940137325295564,0.4327434032894946
New Zealand,1992,0.0694677602659528,0.200084442705,0.0,0.0875197119485636,0.083622985142408,0.0875197119485636,0.4406949000619245
New Zealand,1993,0.0785552837128854,0.1793655808,0.0,0.0962575817565965,0.0890680998302703,0.0962575817565965,0.4432465460997522
New Zealand,1994,0.0723248282370478,0.18190318594,0.0,0.1037849539120439,0.0875239701689025,0.1037849539120439,0.4455369382579943
New Zealand,1995,0.0875399831209518,0.17191921166,0.0,0.1094536870720462,0.0742260628622291,0.1094536870720462,0.4431389447152272
New Zealand,1996,0.0895092242742983,0.1959544594,0.0,0.1042253991753618,0.0962958533035274,0.1042253991753618,0.4859849361531876
New Zealand,1997,0.0847819415765395,0.20970576725,0.0,0.0945510882402384,0.1265769015979472,0.0945510882402384,0.5156156986647252
New Zealand,1998,0.0736744028373425,0.183613173555,0.0,0.1023309866471359,0.1019943587266107,0.1023309866471359,0.4616129217660892
New Zealand,1999,0.0855814761786541,0.21215542754,0.0,0.0950123214546279,0.0942399830683892,0.0950123214546279,0.4869892082416713
New Zealand,2000,0.0852114338096992,0.2139333259,0.0,0.1010636762089186,0.0834397750165593,0.1010636762089186,0.4836482109351773
New Zealand,2001,0.0964339832976226,0.236066189905,0.0,0.0903171855374327,0.0777618400521612,0.0903171855374327,0.5005791987922167
New Zealand,2002,0.1109926620165041,0.22222493475,0.0,0.0995258719768603,0.0725140304893197,0.0995258719768603,0.5052574992326841
New Zealand,2003,0.1263284618795354,0.16987037662,0.0,0.094756118791215,0.0556524377876513,0.094756118791215,0.4466073950784017
New Zealand,2004,0.127559017608403,0.1492609664,0.0,0.1085869436890113,0.049547972004173,0.1085869436890113,0.4349548997015874
New Zealand,2005,0.1299559616113384,0.14231605976,0.0,0.0978564592819226,0.0452973219355193,0.0978564592819226,0.4154258025887804
New Zealand,2006,0.1403404989324349,0.14601537664,0.0,0.0999045774963858,0.0441646034759067,0.0999045774963858,0.4304250565447275
New Zealand,2007,0.1161108788999572,0.160787958975,0.0,0.1017686858728633,0.0884384254984604,0.1017686858728633,0.4671059492462809
New Zealand,2008,0.1196109336275823,0.151655499975,0.0,0.0998558406282045,0.1235006466951901,0.0998558406282045,0.4946229209259771
New Zealand,2009,0.1138899576257318,0.158441065335,0.0,0.1100564431235378,0.1149512362230507,0.1100564431235378,0.4973387023073204
New Zealand,2010,0.1318048842650405,0.1699741067197421,0.0,0.1156006454524786,0.1162152582842156,0.1156006454524786,0.533594894721477
New Zealand,2011,0.1213453763852187,0.1534800966733011,0.0,0.1187013752176094,0.1006028747093604,0.1187013752176094,0.4941297229854898
New Zealand,2012,0.1199486249980738,0.1695720443559845,0.0,0.1120740578607021,0.0902711054027574,0.1120740578607021,0.4918658326175179
New Zealand,2013,0.1141065398273559,0.1774000454933177,0.0,0.1131426273739429,0.079303562293149,0.1131426273739429,0.4839527749877657
New Zealand,2014,0.0978309854329296,0.1933820216093269,0.0,0.1208650852692996,0.0884780884023476,0.1208650852692996,0.500556180713904
New Zealand,2015,0.0808851817346279,0.1782942299308123,0.0,0.123977403310024,0.0923113851511512,0.123977403310024,0.4754682001266155
New Zealand,2016,0.0681065181057029,0.18232507048723,0.0,0.129035744963559,0.0777545833301253,0.129035744963559,0.4572219168866173
New Zealand,2017,0.0691665155593977,0.18380064604807,0.0,0.1257393603353391,0.0357632561878002,0.1257393603353391,0.4144697781306071
New Zealand,2018,0.0763375892342208,0.1621303560518694,0.0,0.1289876409668308,0.0304440788497889,0.1289876409668308,0.39789966510271
New Zealand,2019,0.0722539976130112,0.1717111404418822,0.0,0.1274576720483366,0.027261176835217,0.1274576720483366,0.3986839869384471
New Zealand,2020,0.0665178332363087,0.1681861821733517,0.0,0.1241011292193555,0.0229240093573812,0.1241011292193555,0.3817291539863973
New Zealand,2021,0.0686346229178413,0.1491077586956355,0.0,0.1258536725551565,0.0222010044130734,0.1258536725551565,0.3657970585817068
New Zealand,2022,0.0594300293067598,0.1401700511321525,0.0,0.1324718323619218,0.0191191893264986,0.1324718323619218,0.3511911021273328
New Zealand,2023,0.0587257221013653,0.1428721095839383,0.0,0.134662582045819,0.0219984056261343,0.134662582045819,0.358258819357257
Nicaragua,1980,0.0,0.0,0.0,0.0020797504393316,0.0,0.0020797504393316,0.0020797504393316
Nicaragua,1981,0.0,0.0,0.0,0.002009871510737,0.0,0.002009871510737,0.002009871510737
Nicaragua,1982,0.0,0.0,0.0,0.0017919625392267,0.0,0.0017919625392267,0.0017919625392267
Nicaragua,1983,0.0,0.0,0.0,0.0011908374299616,0.0,0.0011908374299616,0.0011908374299616
Nicaragua,1984,0.0,0.0,0.0,0.0018186714904571,0.0,0.0018186714904571,0.0018186714904571
Nicaragua,1985,0.0,0.0,0.0,0.0019142114561847,0.0,0.0019142114561847,0.0019142114561847
Nicaragua,1986,0.0,0.0,0.0,0.0015866458594044,0.0,0.0015866458594044,0.0015866458594044
Nicaragua,1987,0.0,0.0,0.0,0.0020404606966105,0.0,0.0020404606966105,0.0020404606966105
Nicaragua,1988,0.0,0.0,0.0,0.0020165757051786,0.0,0.0020165757051786,0.0020165757051786
Nicaragua,1989,0.0,0.0,0.0,0.003200588851874,0.0,0.003200588851874,0.003200588851874
Nicaragua,1990,0.0,0.0,0.0,0.0026785311820054,0.0,0.0026785311820054,0.0026785311820054
Nicaragua,1991,0.0,0.0,0.0,0.0027024161734373,0.0,0.0027024161734373,0.0027024161734373
Nicaragua,1992,0.0,0.0,0.0,0.0024635662591183,0.0,0.0024635662591183,0.0024635662591183
Nicaragua,1993,0.0,0.0,0.0,0.003016333203685,0.0,0.003016333203685,0.003016333203685
Nicaragua,1994,0.0,0.0,0.0,0.0025215726668815,0.0,0.0025215726668815,0.0025215726668815
Nicaragua,1995,0.0,0.0,0.0,0.0024328569844202,0.0,0.0024328569844202,0.0024328569844202
Nicaragua,1996,0.0,0.0,0.0,0.0025469137187524,0.0,0.0025469137187524,0.0025469137187524
Nicaragua,1997,0.0,0.0,0.0,0.0022312186146993,0.0,0.0022312186146993,0.0022312186146993
Nicaragua,1998,0.0,0.0,0.0,0.0017797338742123,0.0,0.0017797338742123,0.0017797338742123
Nicaragua,1999,0.0,0.0,0.0,0.002012833549847,0.0,0.002012833549847,0.002012833549847
Nicaragua,2000,0.0,0.0,0.0,0.0027383128634576,0.0,0.0027383128634576,0.0027383128634576
Nicaragua,2001,0.0,0.0,0.0,0.0023402935422438,0.0,0.0023402935422438,0.0023402935422438
Nicaragua,2002,0.0,0.0,0.0,0.0030434769303824,0.0,0.0030434769303824,0.0030434769303824
Nicaragua,2003,0.0,0.0,0.0,0.0037210830568453,0.0,0.0037210830568453,0.0037210830568453
Nicaragua,2004,0.0,0.0,0.0,0.0041998579301068,0.0,0.0041998579301068,0.0041998579301068
Nicaragua,2005,0.0,0.0,0.0,0.0056293332655872,0.0,0.0056293332655872,0.0056293332655872
Nicaragua,2006,0.0,0.0,0.0,0.005306872880717,0.0,0.005306872880717,0.005306872880717
Nicaragua,2007,0.0,0.0,0.0,0.0056300132938142,0.0,0.0056300132938142,0.0056300132938142
Nicaragua,2008,0.0,0.0,0.0,0.0074109046994468,0.0,0.0074109046994468,0.0074109046994468
Nicaragua,2009,0.0,0.0,0.0,0.007504572244488,0.0,0.007504572244488,0.007504572244488
Nicaragua,2010,0.0,0.0,0.0,0.0072257127979404,0.0,0.0072257127979404,0.0072257127979404
Nicaragua,2011,0.0,0.0,0.0,0.0068939429178519,0.0,0.0068939429178519,0.0068939429178519
Nicaragua,2012,0.0,0.0,0.0,0.0089974557462136,0.0,0.0089974557462136,0.0089974557462136
Nicaragua,2013,0.0,0.0,0.0,0.0106155811683454,0.0,0.0106155811683454,0.0106155811683454
Nicaragua,2014,0.0,0.0,0.0,0.0113114610461002,0.0,0.0113114610461002,0.0113114610461002
Nicaragua,2015,0.0,0.0,0.0,0.0105193440429535,0.0,0.0105193440429535,0.0105193440429535
Nicaragua,2016,0.0,0.0,0.0,0.0115027481531801,0.0,0.0115027481531801,0.0115027481531801
Nicaragua,2017,0.0,0.0,0.0,0.0125096520577978,0.0,0.0125096520577978,0.0125096520577978
Nicaragua,2018,0.0,0.0,0.0,0.0133414645851483,0.0,0.0133414645851483,0.0133414645851483
Nicaragua,2019,0.0,0.0,0.0,0.0134625758123024,0.0,0.0134625758123024,0.0134625758123024
Nicaragua,2020,0.0,0.0,0.0,0.0129385640613227,0.0,0.0129385640613227,0.0129385640613227
Nicaragua,2021,0.0,0.0,0.0,0.0147134917360366,0.0,0.0147134917360366,0.0147134917360366
Nicaragua,2022,0.0,0.0,0.0,0.0142392697156975,0.0,0.0142392697156975,0.0142392697156975
Nicaragua,2023,0.0,0.0,0.0,0.0143995747057888,0.0,0.0143995747057888,0.0143995747057888
Niger,1980,0.0004048630015248,0.0,0.0,0.0,0.0,0.0,0.0004048630015248
Niger,1981,0.0006072944104658,0.0,0.0,0.0,0.0,0.0,0.0006072944104658
Niger,1982,0.0009109416156988,0.0,0.0,0.0,0.0,0.0,0.0009109416156988
Niger,1983,0.0026316092344472,0.0,0.0,0.0,0.0,0.0,0.0026316092344472
Niger,1984,0.0030364720523293,0.0,0.0,0.0,0.0,0.0,0.0030364720523293
Niger,1985,0.0030567153585019,0.0,0.0,0.0,0.0,0.0,0.0030567153585019
Niger,1986,0.0025101503156255,0.0,0.0,0.0,0.0,0.0,0.0025101503156255
Niger,1987,0.0033198761350324,0.0,0.0,0.0,0.0,0.0,0.0033198761350324
Niger,1988,0.0031376878486212,0.0,0.0,0.0,0.0,0.0,0.0031376878486212
Niger,1989,0.0034615781763839,0.0,0.0,0.0,0.0,0.0,0.0034615781763839
Niger,1990,0.003115801176669,0.0,0.0,0.0,0.0,0.0,0.003115801176669
Niger,1991,0.0031688988870647,0.0,0.0,0.0,0.0,0.0,0.0031688988870647
Niger,1992,0.0027029629357956,0.0,0.0,0.0,0.0,0.0,0.0027029629357956
Niger,1993,0.0031642024826378,0.0,0.0,0.0,0.0,0.0,0.0031642024826378
Niger,1994,0.0031675021116101,0.0,0.0,0.0,0.0,0.0,0.0031675021116101
Niger,1995,0.0034609869020476,0.0,0.0,0.0,0.0,0.0,0.0034609869020476
Niger,1996,0.0036846936491248,0.0,0.0,0.0,0.0,0.0,0.0036846936491248
Niger,1997,0.0032963900727576,0.0,0.0,0.0,0.0,0.0,0.0032963900727576
Niger,1998,0.0036683169629982,0.0,0.0,0.0,0.0,0.0,0.0036683169629982
Niger,1999,0.0034102778801104,0.0,0.0,0.0,0.0,0.0,0.0034102778801104
Niger,2000,0.0032024619842192,0.0,0.0,0.0,0.0,0.0,0.0032024619842192
Niger,2001,0.0033057019091213,0.0,0.0,0.0,0.0,0.0,0.0033057019091213
Niger,2002,0.003702467110706,0.0,0.0,0.0,0.0,0.0,0.003702467110706
Niger,2003,0.003823925845885,0.0,0.0,0.0,0.0,0.0,0.003823925845885
Niger,2004,0.0047891989005974,0.0,0.0,0.0,0.0,0.0,0.0047891989005974
Niger,2005,0.0036854628877809,0.0,0.0,6.8242832662e-06,0.0,6.8242832662e-06,0.0036922871710472
Niger,2006,0.0035692673644597,0.0,0.0,6.8242832662e-06,0.0,6.8242832662e-06,0.0035760916477259
Niger,2007,0.0034676468893599,0.0,0.0,6.8242832662e-06,0.0,6.8242832662e-06,0.0034744711726262
Niger,2008,0.003702467110706,0.0,0.0,1.02364248993e-05,0.0,1.02364248993e-05,0.0037127035356054
Niger,2009,0.0038644120909446,0.0,0.0,1.02364248993e-05,0.0,1.02364248993e-05,0.003874648515844
Niger,2010,0.0048097659130877,0.0,0.0,1.02364248993e-05,0.0,1.02364248993e-05,0.0048200023379871
Niger,2011,0.0053421600356223,0.0,0.0,0.0,0.0145285,0.0,0.0198706600356223
Niger,2012,0.0050789994427345,0.0,0.0,4e-41,0.0434076,4e-41,0.0484865994427345
Niger,2013,0.004896811339966,0.0,0.0,1.36485665325e-05,0.043289,1.36485665325e-05,0.0481994599064985
Niger,2014,0.0055345714338644,0.0,0.0,3.41214163312e-05,0.043289,3.41214163312e-05,0.0488576928501957
Niger,2015,0.0049478037657364,0.0,0.0,3.75335579644e-05,0.0303023,3.75335579644e-05,0.0352876373237009
Niger,2016,0.0053841291008242,0.0,0.0,4.43578412306e-05,0.02821494,4.43578412306e-05,0.0336434269420548
Niger,2017,0.0052932577235951,0.0,0.0,5.11821244969e-05,0.0346312,5.11821244969e-05,0.039975639848092
Niger,2018,0.0050887971248296,0.00129971075416,0.0,4.43578412306e-05,0.03246675,4.43578412306e-05,0.0388996157202203
Niger,2019,0.0051342328134441,0.00142556232,0.0,8.1891399195e-05,0.03246675,8.1891399195e-05,0.0391084365326392
Niger,2020,0.0056113075438969,0.00142556232,0.0,8.1891399195e-05,0.03038532,8.1891399195e-05,0.037504081263092
Niger,2021,0.0056340253882042,0.001083792892,0.0,8.1891399195e-05,0.0303023,8.1891399195e-05,0.0371020096793993
Niger,2022,0.0070719750125752,0.001083792892,0.0,8.1891399195e-05,0.02813785,8.1891399195e-05,0.0363755093037703
Niger,2023,0.006427019499444,0.00098447871704,0.0,8.1891399195e-05,0.02813785,8.1891399195e-05,0.0356312396156791
Nigeria,1980,0.0030455608562259,0.039786,0.0,0.0092946738086405,0.0,0.0092946738086405,0.0521262346648664
Nigeria,1981,0.0029859196845948,0.079572,0.0,0.0078172164814961,0.0,0.0078172164814961,0.0903751361660909
Nigeria,1982,0.0029262785129637,0.05235,0.0,0.0081686670697082,0.0,0.0081686670697082,0.063444945582672
Nigeria,1983,0.0028666373413326,0.084807,0.0,0.0063329348710854,0.0,0.0063329348710854,0.0940065722124181
Nigeria,1984,0.0028069961697015,0.101559,0.0,0.0087657918555056,2.986731319644575,0.0087657918555056,3.0998631076697825
Nigeria,1985,0.0027473549980705,0.113076,0.0,0.010161357783455,3.216725562541828,0.010161357783455,3.3427102753233533
Nigeria,1986,0.0026877138264394,0.121452,0.0,0.0122632370294618,3.148421199914078,0.0122632370294618,3.284824150769979
Nigeria,1987,0.0030157531407538,0.137157,0.0,0.0110928724492989,2.774391631270878,0.0110928724492989,2.925657256860931
Nigeria,1988,0.0021107363287653,0.139251,0.0,0.0135393780002516,3.0065889739589227,0.0135393780002516,3.16149008828794
Nigeria,1989,0.0021622177026376,0.173802,0.0,0.0139863685541914,3.554805596683626,0.0139863685541914,3.744756182940455
Nigeria,1990,0.0023166618242546,0.1371561066336026,0.0,0.0148189311126746,3.754814053061994,0.0148189311126746,3.909105752632526
Nigeria,1991,0.0019799247318244,0.175896,0.0,0.0200326835280941,3.907188568381384,0.0200326835280941,4.105097176641302
Nigeria,1992,0.0018203607875758,0.1811765445,0.0,0.0204660255155013,4.051066472809498,0.0204660255155013,4.254529403612575
Nigeria,1993,0.0007207392342125,0.1867228176,0.0,0.0188213732483337,4.098177093197664,0.0188213732483337,4.3044420232802105
Nigeria,1994,0.000643517173404,0.16823196,0.0,0.0187872518320024,4.077707610959111,0.0187872518320024,4.265370339964518
Nigeria,1995,0.0005676060490088,0.19189416,0.0,0.0185791111923816,4.146501935142266,0.0185791111923816,4.357542812383656
Nigeria,1996,0.0004375916779147,0.2018824353,0.0,0.0185791111923816,4.61814027970605,0.0185791111923816,4.839039417876346
Nigeria,1997,0.0003610250853129,0.21630260925,0.0,0.0188930282226294,4.897218373438856,0.0188930282226294,5.132775035996797
Nigeria,1998,0.0003088882432339,0.2181513495,0.0,0.0195072137165924,4.538432220533259,0.0195072137165924,4.776399671993085
Nigeria,1999,0.0004118509909786,0.25697489475,0.0,0.0207731182624829,4.176298873337102,0.0207731182624829,4.454458737340564
Nigeria,2000,0.0077736874547211,0.4607060703,0.0,0.0193361516160488,4.387655744262296,0.0193361516160488,4.875471653633066
Nigeria,2001,0.0074647992114871,0.5509245945,0.0,0.0202966794861894,4.468982128509516,0.0202966794861894,5.047668201707193
Nigeria,2002,0.0065381344817852,0.525042231,0.0,0.0282278286968705,4.21895244801206,0.0282278286968705,4.778760642190716
Nigeria,2003,0.0071559109682531,0.7505885415,0.0,0.0255452613473295,4.744742939550104,0.0255452613473295,5.528032653365687
Nigeria,2004,0.0071559109682531,0.806050749,0.0,0.0277958577663738,5.149916401356699,0.0277958577663738,5.990918919091326
Nigeria,2005,0.0084172046281251,0.828235632,0.0,0.0266355086019366,5.299199032312795,0.0266355086019366,6.162487377542857
Nigeria,2006,0.0102705340875288,1.0537819425,0.0,0.0214991954009083,4.991026508405653,0.0214991954009083,6.076578180394091
Nigeria,2007,0.0146207101797403,1.2016811625,0.0,0.0213759032832285,4.736806646337065,0.0213759032832285,5.9744844223000335
Nigeria,2008,0.0311204905058205,1.213697974125,0.0,0.0196489696006768,4.660205853627286,0.0196489696006768,5.9246732878587824
Nigeria,2009,0.0311204905058205,0.95485023195,0.0,0.0155804747232627,4.739483760848692,0.0155804747232627,5.741034958027774
Nigeria,2010,0.0311204905058205,1.07189959695,0.0,0.0218953368441741,5.24750252468438,0.0218953368441741,6.372417948984375
Nigeria,2011,0.0373497367443719,1.527909867015,0.0,0.0202193752774021,5.38855802549463,0.0202193752774021,6.974037004531405
Nigeria,2012,0.0498082292214746,1.574054423655,0.0,0.0195271225429793,5.367507538232524,0.0195271225429793,7.010897313651978
Nigeria,2013,0.0622667216985773,1.420239234855,0.0,0.0184328321205461,5.0313593276238935,0.0184328321205461,6.532298116298017
Nigeria,2014,0.0622667216985773,1.621012426005,0.0,0.0185290171130479,5.116907557282834,0.0185290171130479,6.81871572209946
Nigeria,2015,0.0653813448178529,1.66933849614,0.0,0.0222065157607667,4.73105394304692,0.0222065157607667,6.48798029976554
Nigeria,2016,0.0684702272501924,1.5440689209708,0.0,0.0281318917146633,4.103639191944602,0.0281318917146633,5.744310231880258
Nigeria,2017,0.0591437071153604,1.6446025617279,0.0,0.0267228822286911,4.255705876933108,0.0267228822286911,5.98617502800506
Nigeria,2018,0.0692856149902693,1.684974882042,0.0,0.0266558104446371,4.185048519913401,0.0266558104446371,5.965964827390308
Nigeria,2019,0.0700821862881957,1.711803515766,0.0,0.0291992910208847,4.256163163448532,0.0291992910208847,6.067248156523612
Nigeria,2020,0.0605254929307805,1.721739221196,0.0,0.0268532816413845,3.9246031394250394,0.0268532816413845,5.733721135193203
Nigeria,2021,0.0645074227556833,1.600976241426,0.0,0.0279858546528734,3.370933301978745,0.0279858546528734,5.064402820813302
Nigeria,2022,0.0733453094255376,1.477173671982,0.0,0.0323909295012415,2.8749913809817227,0.0323909295012415,4.457901291890502
Nigeria,2023,0.0317337478861028,1.414210738683,0.0,0.0335203483818069,3.1924160039604166,0.0335203483818069,4.671880838911327
Niue,1980,0.0,0.0,0.0,0.0,0.0,0.0,0.0
Niue,1981,0.0,0.0,0.0,0.0,0.0,0.0,0.0
Niue,1982,0.0,0.0,0.0,0.0,0.0,0.0,0.0
Niue,1983,0.0,0.0,0.0,0.0,0.0,0.0,0.0
Niue,1984,0.0,0.0,0.0,0.0,0.0,0.0,0.0
Niue,1985,0.0,0.0,0.0,0.0,0.0,0.0,0.0
Niue,1986,0.0,0.0,0.0,0.0,0.0,0.0,0.0
Niue,1987,0.0,0.0,0.0,0.0,0.0,0.0,0.0
Niue,1988,0.0,0.0,0.0,0.0,0.0,0.0,0.0
Niue,1989,0.0,0.0,0.0,0.0,0.0,0.0,0.0
Niue,1990,0.0,0.0,0.0,0.0,0.0,0.0,0.0
Niue,1991,0.0,0.0,0.0,0.0,0.0,0.0,0.0
Niue,1992,0.0,0.0,0.0,0.0,0.0,0.0,0.0
Niue,1993,0.0,0.0,0.0,0.0,0.0,0.0,0.0
Niue,1994,0.0,0.0,0.0,0.0,0.0,0.0,0.0
Niue,1995,0.0,0.0,0.0,0.0,0.0,0.0,0.0
Niue,1996,0.0,0.0,0.0,0.0,0.0,0.0,0.0
Niue,1997,0.0,0.0,0.0,0.0,0.0,0.0,0.0
Niue,1998,0.0,0.0,0.0,0.0,0.0,0.0,0.0
Niue,1999,0.0,0.0,0.0,0.0,0.0,0.0,0.0
Niue,2000,0.0,0.0,0.0,0.0,0.0,0.0,0.0
Niue,2001,0.0,0.0,0.0,0.0,0.0,0.0,0.0
Niue,2002,0.0,0.0,0.0,0.0,0.0,0.0,0.0
Niue,2003,0.0,0.0,0.0,0.0,0.0,0.0,0.0
Niue,2004,0.0,0.0,0.0,0.0,0.0,0.0,0.0
Niue,2005,0.0,0.0,0.0,0.0,0.0,0.0,0.0
Niue,2006,0.0,0.0,0.0,0.0,0.0,0.0,0.0
Niue,2007,0.0,0.0,0.0,0.0,0.0,0.0,0.0
Niue,2008,0.0,0.0,0.0,0.0,0.0,0.0,0.0
Niue,2009,0.0,0.0,0.0,0.0,0.0,0.0,0.0
Niue,2010,0.0,0.0,0.0,0.0,0.0,0.0,0.0
Niue,2011,0.0,0.0,0.0,0.0,0.0,0.0,0.0
Niue,2012,0.0,0.0,0.0,0.0,0.0,0.0,0.0
Niue,2013,0.0,0.0,0.0,0.0,0.0,0.0,0.0
Niue,2014,0.0,0.0,0.0,0.0,0.0,0.0,0.0
Niue,2015,0.0,0.0,0.0,0.0,0.0,0.0,0.0
Niue,2016,0.0,0.0,0.0,0.0,0.0,0.0,0.0
Niue,2017,0.0,0.0,0.0,0.0,0.0,0.0,0.0
Niue,2018,0.0,0.0,0.0,0.0,0.0,0.0,0.0
Niue,2019,0.0,0.0,0.0,0.0,0.0,0.0,0.0
Niue,2020,0.0,0.0,0.0,0.0,0.0,0.0,0.0
Niue,2021,0.0,0.0,0.0,0.0,0.0,0.0,0.0
Niue,2022,0.0,0.0,0.0,0.0,0.0,0.0,0.0
Niue,2023,0.0,0.0,0.0,0.0,0.0,0.0,0.0
North Korea,1980,0.795598132784422,0.0,0.0,0.0358070142980446,0.0,0.0358070142980446,0.8314051470824666
North Korea,1981,0.8280712662260575,0.0,0.0,0.0363461326760788,0.0,0.0363461326760788,0.8644173989021364
North Korea,1982,0.8701331459243897,0.0,0.0,0.0368886631957461,0.0,0.0368886631957461,0.907021809120136
North Korea,1983,0.8798786375558876,0.0,0.0,0.0374277815737803,0.0,0.0374277815737803,0.917306419129668
North Korea,1984,0.9022046779544266,0.0,0.0,0.0379703120934477,0.0,0.0379703120934477,0.9401749900478744
North Korea,1985,0.7122797951257956,0.0,0.0,0.0415496486665989,0.0,0.0415496486665989,0.7538294437923946
North Korea,1986,0.707191980524009,0.0,0.0,0.0439142628183565,0.0,0.0439142628183565,0.7511062433423656
North Korea,1987,0.7021405083424267,0.0,0.0,0.0459410749484345,0.0,0.0459410749484345,0.7480815832908613
North Korea,1988,0.8467351114274493,0.0,0.0,0.0506703032519499,0.0,0.0506703032519499,0.8974054146793993
North Korea,1989,0.6540486827338178,0.0,0.0,0.0506703032519499,0.0,0.0506703032519499,0.7047189859857677
North Korea,1990,0.8712942881335836,0.0,0.0,0.0526971153820279,0.0,0.0526971153820279,0.9239914035156116
North Korea,1991,0.9135842582574736,0.0,0.0,0.0506703032519499,0.0,0.0506703032519499,0.9642545615094232
North Korea,1992,0.943667024467907,0.0,0.0,0.0479678870785125,0.0,0.0479678870785125,0.9916349115464196
North Korea,1993,0.8644867483810205,0.0,0.0,0.0449276688833955,0.0,0.0449276688833955,0.909414417264416
North Korea,1994,0.8104019702293382,0.0,0.0,0.0466166789917939,0.0,0.0466166789917939,0.8570186492211321
North Korea,1995,0.7552645177055621,0.0,0.0,0.0479678870785125,0.0,0.0479678870785125,0.8032324047840746
North Korea,1996,0.6696747742847685,0.0,0.0,0.0422252527099582,0.0,0.0422252527099582,0.7119000269947268
North Korea,1997,0.6569148870131639,0.0,0.0,0.0361448163197242,0.0,0.0361448163197242,0.6930597033328881
North Korea,1998,0.593132995260593,0.0,0.0,0.0344558062113259,0.0,0.0344558062113259,0.627588801471919
North Korea,1999,0.6695953693761285,0.0,0.0,0.0347936082330056,0.0,0.0347936082330056,0.7043889776091341
North Korea,2000,0.7175111930930872,0.0,0.0,0.0344558062113259,0.0,0.0344558062113259,0.7519669993044131
North Korea,2001,0.736642251709987,0.0,0.0,0.0358070142980446,0.0,0.0358070142980446,0.7724492660080315
North Korea,2002,0.709222051990733,0.0,0.0,0.0358752571307071,0.0,0.0358752571307071,0.7450973091214401
North Korea,2003,0.7309857921219142,0.0,0.0,0.0395910793691834,0.0,0.0395910793691834,0.7705768714910977
North Korea,2004,0.7689347634862418,0.0,0.0,0.0422252527099582,0.0,0.0422252527099582,0.8111600161962
North Korea,2005,0.8419676837100287,0.0,0.0,0.0443629594431129,0.0,0.0443629594431129,0.8863306431531417
North Korea,2006,0.8531154739838946,0.0,0.0,0.0426333448492803,0.0,0.0426333448492803,0.895748818833175
North Korea,2007,0.7396828760024212,0.0,0.0,0.0448614733357129,0.0,0.0448614733357129,0.7845443493381342
North Korea,2008,0.7855615831363558,0.0,0.0,0.0475246498803692,0.0,0.0475246498803692,0.8330862330167251
North Korea,2009,0.6117177415355611,0.0,0.0,0.0422296884940813,0.0,0.0422296884940813,0.6539474300296425
North Korea,2010,0.613790784347689,0.0,0.0,0.0452702479033616,0.0,0.0452702479033616,0.6590610322510506
North Korea,2011,0.6280339914712191,0.0,0.0,0.0445980560016354,0.0,0.0445980560016354,0.6726320474728544
North Korea,2012,0.6374129200462604,0.0,0.0,0.0456148742083075,0.0,0.0456148742083075,0.6830277942545679
North Korea,2013,0.7707671285726115,0.0,0.0,0.0469831430031918,0.0,0.0469831430031918,0.8177502715758034
North Korea,2014,0.7805698555265143,0.0,0.0,0.0439633976578736,0.0,0.0439633976578736,0.824533253184388
North Korea,2015,0.7757525211984427,0.0,0.0,0.0338805191319805,0.0,0.0338805191319805,0.8096330403304233
North Korea,2016,0.8477991326985713,0.0,0.0,0.0433799214386087,0.0,0.0433799214386087,0.89117905413718
North Korea,2017,0.7479843801765004,0.0,0.0,0.0403533518100242,0.0,0.0403533518100242,0.7883377319865247
North Korea,2018,0.6242071733602992,0.0,0.0,0.0434584006961706,0.0,0.0434584006961706,0.6676655740564699
North Korea,2019,0.6977835598662184,0.0,0.0,0.0378215427182433,0.0,0.0378215427182433,0.7356051025844618
North Korea,2020,0.6560805283900405,0.0,0.0,0.0440248162072699,0.0,0.0440248162072699,0.7001053445973104
North Korea,2021,0.5386766567642456,0.0,0.0,0.0553872478455859,0.0,0.0553872478455859,0.5940639046098316
North Korea,2022,0.527945256347766,0.0,0.0,0.0571513250699131,0.0,0.0571513250699131,0.5850965814176791
North Korea,2023,0.5347056436437042,0.0,0.0,0.0571513250699131,0.0,0.0571513250699131,0.5918569687136174
North Macedonia,1992,0.0427115816781721,0.0,0.0,0.0027877197142655,0.0,0.0027877197142655,0.0454993013924376
North Macedonia,1993,0.0423382072897558,0.0,0.0,0.0017640772243271,0.0,0.0017640772243271,0.044102284514083
North Macedonia,1994,0.0419893164677931,0.0,0.0,0.002374850576657,0.0,0.002374850576657,0.0443641670444502
North Macedonia,1995,0.0443703433053983,0.0,0.0,0.0027058283150704,0.0,0.0027058283150704,0.0470761716204688
North Macedonia,1996,0.0437337705776067,0.0,0.0,0.0028730232550937,0.0,0.0028730232550937,0.0466067938327004
North Macedonia,1997,0.0410099738096522,0.0,0.0,0.0030402181951169,0.0,0.0030402181951169,0.0440501920047692
North Macedonia,1998,0.0500444098310024,0.0,0.0,0.0036578158307131,0.0,0.0036578158307131,0.0537022256617156
North Macedonia,1999,0.0451415756486843,0.0,0.0,0.0046916947455509,0.0,0.0046916947455509,0.0498332703942352
North Macedonia,2000,0.046004621366171,0.0,0.0,0.0039512600111621,0.0,0.0039512600111621,0.0499558813773332
North Macedonia,2001,0.0496159474180658,0.0,0.0,0.0021155278125393,0.0,0.0021155278125393,0.0517314752306051
North Macedonia,2002,0.0463963584294274,0.0,0.0,0.0025556940832128,0.0,0.0025556940832128,0.0489520525126402
North Macedonia,2003,0.045184421889978,0.0,0.0,0.0046405126210539,0.0,0.0046405126210539,0.049824934511032
North Macedonia,2004,0.0443458597389448,0.0,0.0,0.0050056117757986,0.0,0.0050056117757986,0.0493514715147435
North Macedonia,2005,0.0421178551916741,0.0,0.0,0.0050397331921299,0.0,0.0050397331921299,0.0471575883838041
North Macedonia,2006,0.0406365994212359,0.0,0.0,0.005575439428531,0.0,0.005575439428531,0.046212038849767
North Macedonia,2007,0.0398408835114964,0.0,0.0,0.0035295037331279,0.0,0.0035295037331279,0.0433703872446244
North Macedonia,2008,0.0467024030100964,0.0,0.0,0.0028781297187624,0.0,0.0028781297187624,0.0495805327288589
North Macedonia,2009,0.0454537411209667,0.0,0.0,0.0043281709966318,0.0,0.0043281709966318,0.0497819121175986
North Macedonia,2010,0.0411568752083733,0.0,0.0,0.0082912428385189,0.0,0.0082912428385189,0.0494481180468923
North Macedonia,2011,0.050246399254244,0.0,0.0,0.0050407839819566,0.0,0.0050407839819566,0.0552871832362007
North Macedonia,2012,0.0447437176938145,0.0,0.0,0.0037350462105622,0.0,0.0037350462105622,0.0484787639043768
North Macedonia,2013,0.0409242813270648,0.0,0.0,0.0053809473554427,0.0,0.0053809473554427,0.0463052286825076
North Macedonia,2014,0.0411954156412246,0.0,0.0,0.0044895112904037,0.0,0.0044895112904037,0.0456849269316284
North Macedonia,2015,0.0366001442825112,0.0,0.0,0.0070542334639803,0.0,0.0070542334639803,0.0436543777464916
North Macedonia,2016,0.0311339237234173,0.0,0.0,0.0071665442730216,0.0,0.0071665442730216,0.0383004679964389
North Macedonia,2017,0.0307817393405219,0.0,0.0,0.0046426591101516,0.0,0.0046426591101516,0.0354243984506736
North Macedonia,2018,0.0301842121452726,0.0,0.0,0.0069571903830405,0.0,0.0069571903830405,0.0371414025283132
North Macedonia,2019,0.0331007634272722,0.0,0.0,0.0048595920147268,0.0,0.0048595920147268,0.0379603554419991
North Macedonia,2020,0.0303890361380292,0.0,0.0,0.0053689913953973,0.0,0.0053689913953973,0.0357580275334265
North Macedonia,2021,0.0248863266275491,0.0,0.0,0.0059348916192783,0.0,0.0059348916192783,0.0308212182468275
North Macedonia,2022,0.0281918216329252,0.0,0.0,0.0056899730654588,0.0,0.0056899730654588,0.033881794698384
North Macedonia,2023,0.022217477415622,0.0,0.0,0.007606657685301,0.0,0.007606657685301,0.029824135100923
Northern Mariana Islands,1980,0.0,0.0,,0.0,0.0,0.0,0.0
Northern Mariana Islands,1981,0.0,0.0,,0.0,0.0,0.0,0.0
Northern Mariana Islands,1982,0.0,0.0,,0.0,0.0,0.0,0.0
Northern Mariana Islands,1983,0.0,0.0,,0.0,0.0,0.0,0.0
Northern Mariana Islands,1984,0.0,0.0,,0.0,0.0,0.0,0.0
Northern Mariana Islands,1985,0.0,0.0,,0.0,0.0,0.0,0.0
Northern Mariana Islands,1986,0.0,0.0,,0.0,0.0,0.0,0.0
Northern Mariana Islands,1987,0.0,0.0,,0.0,0.0,0.0,0.0
Northern Mariana Islands,1988,0.0,0.0,,0.0,0.0,0.0,0.0
Northern Mariana Islands,1989,0.0,0.0,,0.0,0.0,0.0,0.0
Northern Mariana Islands,1990,0.0,0.0,,0.0,0.0,0.0,0.0
Northern Mariana Islands,1991,0.0,0.0,,0.0,0.0,0.0,0.0
Northern Mariana Islands,1992,0.0,0.0,,0.0,0.0,0.0,0.0
Northern Mariana Islands,1993,0.0,0.0,,0.0,0.0,0.0,0.0
Northern Mariana Islands,1994,0.0,0.0,,0.0,0.0,0.0,0.0
Northern Mariana Islands,1995,0.0,0.0,,0.0,0.0,0.0,0.0
Northern Mariana Islands,1996,0.0,0.0,,0.0,0.0,0.0,0.0
Northern Mariana Islands,1997,0.0,0.0,,0.0,0.0,0.0,0.0
Northern Mariana Islands,1998,0.0,0.0,,0.0,0.0,0.0,0.0
Northern Mariana Islands,1999,0.0,0.0,,0.0,0.0,0.0,0.0
Northern Mariana Islands,2000,0.0,0.0,,0.0,0.0,0.0,0.0
Northern Mariana Islands,2001,0.0,0.0,,0.0,0.0,0.0,0.0
Northern Mariana Islands,2002,0.0,0.0,,0.0,0.0,0.0,0.0
Northern Mariana Islands,2003,0.0,0.0,,0.0,0.0,0.0,0.0
Northern Mariana Islands,2004,0.0,0.0,,0.0,0.0,0.0,0.0
Northern Mariana Islands,2005,0.0,0.0,,0.0,0.0,0.0,0.0
Northern Mariana Islands,2006,0.0,0.0,,0.0,0.0,0.0,0.0
Northern Mariana Islands,2007,0.0,0.0,,0.0,0.0,0.0,0.0
Northern Mariana Islands,2008,0.0,0.0,,0.0,0.0,0.0,0.0
Northern Mariana Islands,2009,0.0,0.0,,0.0,0.0,0.0,0.0
Northern Mariana Islands,2010,0.0,0.0,,0.0,0.0,0.0,0.0
Northern Mariana Islands,2011,0.0,0.0,,0.0,0.0,0.0,0.0
Northern Mariana Islands,2012,0.0,0.0,,0.0,0.0,0.0,0.0
Northern Mariana Islands,2013,0.0,0.0,,0.0,0.0,0.0,0.0
Northern Mariana Islands,2014,0.0,0.0,,0.0,0.0,0.0,0.0
Northern Mariana Islands,2015,0.0,0.0,,0.0,0.0,0.0,0.0
Northern Mariana Islands,2016,0.0,0.0,,0.0,0.0,0.0,0.0
Northern Mariana Islands,2017,0.0,0.0,,0.0,0.0,0.0,0.0
Northern Mariana Islands,2018,0.0,0.0,,0.0,0.0,0.0,0.0
Northern Mariana Islands,2019,0.0,0.0,,0.0,0.0,0.0,0.0
Northern Mariana Islands,2020,0.0,0.0,,0.0,0.0,0.0,0.0
Northern Mariana Islands,2021,0.0,0.0,,0.0,0.0,0.0,0.0
Northern Mariana Islands,2022,0.0,0.0,,0.0,0.0,0.0,0.0
Northern Mariana Islands,2023,0.0,0.0,,0.0,0.0,0.0,0.0
Norway,1980,0.0080741950287586,1.004115,0.0,0.2822421194674438,0.0,0.2822421194674438,1.2944313144962023
Norway,1981,0.0114945137562189,1.0164,0.0,0.3134939246852626,0.0,0.3134939246852626,1.3413884384414816
Norway,1982,0.0123355757383812,0.975062,0.0,0.3122348444226384,0.0,0.3122348444226384,1.2996324201610197
Norway,1983,0.0140737705015167,0.986784,0.0,0.3572648775550278,0.0,0.3572648775550278,1.3581226480565447
Norway,1984,0.0126439651318407,1.040492,0.0,0.3579165966069552,1.5282906995972518,0.3579165966069552,2.939343261336048
Norway,1985,0.0142139474985438,1.031642,0.0,0.3463035655666158,1.6653824913594295,0.3463035655666158,3.0575420044245893
Norway,1986,0.012251469540165,1.070368,0.0,0.3257606278585991,1.8259169565321924,0.3257606278585991,3.234297053930957
Norway,1987,0.0111861243627593,1.13057,0.0,0.3496187641757772,2.123046685413416,0.3496187641757772,3.614421573951952
Norway,1988,0.0074013454430287,1.14142,0.0,0.3687614587617009,2.415917835041978,0.3687614587617009,3.933500639246708
Norway,1989,0.0095040003984346,1.17831,0.0,0.4010430027225048,3.171300334659517,0.4010430027225048,4.760157337780457
Norway,1990,0.0084947260198398,1.064816,0.0,0.4117457709791357,3.478598660559117,0.4117457709791357,4.963655157558092
Norway,1991,0.0092516818037859,1.054272,0.0,0.3745060612119475,3.967143925605124,0.3745060612119475,5.405173668620857
Norway,1992,0.0100647083865428,1.1355525667,0.0,0.396721363537432,4.531208727094517,0.396721363537432,6.073547365718492
Norway,1993,0.0075134870406504,1.062650575,0.0,0.405590569485509,4.830068430880014,0.405590569485509,6.305823062406174
Norway,1994,0.0084386552210289,1.15794294,0.0,0.3798259140314433,5.450591813948865,0.3798259140314433,6.996799323201337
Norway,1995,0.0081863366263802,1.20625205,0.0,0.4138278534034047,5.871341306223699,0.4138278534034047,7.499607546253484
Norway,1996,0.0064481418632447,1.6054947678,0.0,0.35433415190479,6.562626168983487,0.35433415190479,8.528903230551522
Norway,1997,0.010821664170489,1.7943424366,0.0,0.3736097420070169,6.629132430421294,0.3736097420070169,8.807906273198801
Norway,1998,0.0091956110049751,1.771866558,0.0,0.3939372677735914,6.345371490803917,0.3939372677735914,8.520370927582483
Norway,1999,0.0113263013597864,1.9041946882,0.0,0.4134734786938164,6.349027889945941,0.4134734786938164,8.678022358199545
Norway,2000,0.0177183724242203,2.0224561476,0.0,0.4821221902038267,6.793344228031091,0.4821221902038267,9.315640938259138
Norway,2001,0.0501272941368765,2.097633307,0.0,0.4104821345273906,6.893034770852705,0.4104821345273906,9.451277506516972
Norway,2002,0.0597714715323382,2.57882101785,0.0,0.4405251095683945,6.7197797159825,0.4405251095683945,9.798897314933232
Norway,2003,0.0825362158495327,2.8925986775,0.0,0.3614144127963117,6.568426460454456,0.3614144127963117,9.904975766600302
Norway,2004,0.0814147998733163,3.17547994995,0.0,0.3728551206837631,6.432592463969407,0.3728551206837631,10.062342334476488
Norway,2005,0.0412400725253609,3.29976297,0.0,0.4639129543644429,5.949770608159164,0.4639129543644429,9.754686605048969
Norway,2006,0.0671447815759616,3.31014558,0.0,0.4099220182777647,5.5539521246424215,0.4099220182777647,9.341164504496149
Norway,2007,0.1141881817782428,3.3736596075,0.0,0.4590806797836237,5.099650954767,0.4590806797836237,9.046579423828868
Norway,2008,0.0961614199605629,3.734462368,0.0,0.477450918305999,4.925325024935113,0.477450918305999,9.233399731201676
Norway,2009,0.0740414898296929,3.90208678125,0.0,0.4293622662147032,4.6788110376448735,0.4293622662147032,9.08430157493927
Norway,2010,0.0542484978494721,4.001001705999442,0.0,0.4040749525744148,4.261262831166096,0.4040749525744148,8.720587987589425
Norway,2011,0.0388570635759009,3.800489053170333,0.0,0.420782226717789,4.055643348604417,0.420782226717789,8.31577169206844
Norway,2012,0.0344555058692512,4.284297223012024,0.0,0.4912260740930501,3.801647091946868,0.4912260740930501,8.611625894921193
Norway,2013,0.0520056658970391,4.058721922092692,0.0,0.4473651534888526,3.628739977021645,0.4473651534888526,8.186832718500229
Norway,2014,0.046959294004065,4.048236015543556,0.0,0.4721155848439239,3.7227363916239833,0.4721155848439239,8.290047286015529
Norway,2015,0.0310071517423856,4.359760022746678,0.0,0.479302201150107,3.839157464476216,0.479302201150107,8.709226840115386
Norway,2016,0.0229329567136269,4.3344647016634,0.0,0.4985933090281444,3.940701270309676,0.4985933090281444,8.796692237714847
Norway,2017,0.0036726373221089,4.8220009015765175,0.0,0.5011981914195167,3.875787471353481,0.5011981914195167,9.202659201671624
Norway,2018,0.0042152344422013,4.712664815809325,0.0,0.4917539191304567,3.643542243777396,0.4917539191304567,8.85217621315938
Norway,2019,0.0033928440360429,4.480085241983423,0.0,0.447868796282184,3.423179897465656,0.447868796282184,8.354526779767307
Norway,2020,0.0019250507001726,4.363841518390836,0.0,0.5243578980970538,3.9821790844655305,0.5243578980970538,8.872303551653593
Norway,2021,0.0033997407442966,4.4634405123956045,0.0,0.5397297846050262,4.037365967458756,0.5397297846050262,9.043936005203683
Norway,2022,0.0031161346405847,4.77036305464192,0.0,0.4937591392250369,3.807605834360629,0.4937591392250369,9.074844162868173
Norway,2023,0.0031892439533061,4.524764203146997,0.0,0.5189825816750893,4.045501568000548,0.5189825816750893,9.09243759677594
Oman,1980,0.0,0.029316,0.0,0.0,0.0,0.0,0.029316
Oman,1981,0.0,0.034551,0.0,0.0,0.0,0.0,0.034551
Oman,1982,0.0,0.042927,0.0,0.0,0.0,0.0,0.042927
Oman,1983,0.0,0.053397,0.0,0.0,0.0,0.0,0.053397
Oman,1984,0.0,0.049209,0.0,0.0,0.8871419565217423,0.0,0.9363509565217424
Oman,1985,0.0,0.057585,0.0,0.0,1.0590042163173154,0.0,1.1165892163173154
Oman,1986,0.0,0.07329,0.0,0.0,1.1958335864383485,0.0,1.2691235864383483
Oman,1987,0.0,0.08376,0.0,0.0,1.246675721056342,0.0,1.330435721056342
Oman,1988,0.0,0.076431,0.0,0.0,1.3323089511298722,0.0,1.4087399511298724
Oman,1989,0.0,0.103653,0.0,0.0,1.3681208905674471,0.0,1.4717738905674471
Oman,1990,0.0,0.1036513921113693,0.0,0.0,1.464662385083394,0.0,1.5683137771947633
Oman,1991,0.0,0.11278284,0.0,0.0,1.532597296762239,0.0,1.645380136762239
Oman,1992,0.0,0.12238660455,0.0,0.0,1.6033181258605205,0.0,1.7257047304105204
Oman,1993,0.0,0.14641975665,0.0,0.0,1.677416748864825,0.0,1.823836505514825
Oman,1994,0.0,0.15714423,0.0,0.0,1.7492992333427773,0.0,1.9064434633427771
Oman,1995,0.0,0.15419169,0.0,0.0,1.8532527842526536,0.0,2.007444474252654
Oman,1996,0.0,0.1523361966,0.0,0.0,1.9069548952151023,0.0,2.0592910918151026
Oman,1997,0.0,0.18450427695,0.0,0.0,1.936005253841224,0.0,2.1205095307912245
Oman,1998,0.0,0.25919338305,0.0,0.0,1.9275971440445705,0.0,2.1867905270945704
Oman,1999,0.0,0.20668915995,0.0,0.0,1.937093190931056,0.0,2.143782350881056
Oman,2000,0.0,0.33684047355,0.0,0.0,2.0565895805839536,0.0,2.3934300541339533
Oman,2001,0.0,0.51653802585,0.0,0.0,2.0528900077128465,0.0,2.5694280335628465
Oman,2002,0.0,0.554622075,0.0,0.0,1.9268814392384912,0.0,2.481503514238492
Oman,2003,0.0,0.584201919,0.0,0.0,1.7591168672526194,0.0,2.3433187862526195
Oman,2004,0.0,0.635966646,0.0,0.0,1.6837391428321733,0.0,2.3197057888321733
Oman,2005,0.0,0.73838685585,0.0,0.0,1.6627628056354449,0.0,2.401149661485445
Oman,2006,0.0,0.87667262655,0.0,0.0,1.5841405175709709,0.0,2.460813144120971
Oman,2007,0.0,0.8634051342,0.0,0.0,1.5256162061600018,0.0,2.389021340360002
Oman,2008,0.0,0.8622807046,0.0,0.0,1.6358570951186788,0.0,2.4981377997186787
Oman,2009,0.0,0.887694614625,0.0,0.0,1.749322686867841,0.0,2.637017301492841
Oman,2010,0.0,0.9713920475,0.0,0.0,1.860287941003696,0.0,2.831679988503696
Oman,2011,0.0,0.950602107,0.0,0.0,1.9053732296893229,0.0,2.8559753366893226
Oman,2012,0.0,1.07570019725,0.0,0.0,1.9812352220330791,0.0,3.056935419283079
Oman,2013,0.0,1.0889627455,0.0,3.4121416331e-06,2.021566401610128,3.4121416331e-06,3.1105325592517614
Oman,2014,0.0,1.107494468325,0.0,3.4121416331e-06,2.0328134299854,3.4121416331e-06,3.140311310452033
Oman,2015,0.0,1.07283261925,0.0,1.36485665325e-05,2.113518360488629,1.36485665325e-05,3.186364628305162
Oman,2016,0.0,1.092547050525,0.0,1.36485665325e-05,2.168845433119392,1.36485665325e-05,3.2614061322109245
Oman,2017,0.0,1.1192439749134,0.0,5.459426613e-05,2.090709969672336,5.459426613e-05,3.2100085388518664
Oman,2018,0.0,1.2838150766,0.0,0.0001671949400232,2.108592821874513,0.0001671949400232,3.3925750934145364
Oman,2019,0.0,1.30045527283,0.0,0.0002047284979876,2.092807425427465,0.0002047284979876,3.3934674267554525
Oman,2020,0.0,1.27222424147,0.0,0.0010714124728021,2.0519580530005896,0.0010714124728021,3.325253706943392
Oman,2021,0.0,1.374075095505,0.0,0.0027399497314017,2.093046002158528,0.0027399497314017,3.46986104739493
Oman,2022,0.0,1.445182097905,0.0,0.0056982765273236,2.2910586521470178,0.0056982765273236,3.7419390265793417
Oman,2023,0.0,1.495655140945,0.0,0.0061930370641272,2.25822855221034,0.0061930370641272,3.7600767302194673
Pakistan,1980,0.0287040681967968,0.27885,2.35009754919e-05,0.0294600468444866,0.0,0.0294365458689947,0.3370141150412835
Pakistan,1981,0.0283745571988904,0.3081,0.0017715735354883,0.0323204775768827,0.0,0.0305489040413944,0.3687950347757732
Pakistan,1982,0.0323103829569974,0.34515,0.002021083892307,0.0341736945012716,0.0,0.0321526106089645,0.4116340774582691
Pakistan,1983,0.0294546211257986,0.33345,0.0026898276509057,0.0410798331652281,0.0,0.0383900055143224,0.4039844542910268
Pakistan,1984,0.0319908706998904,0.330636,0.0038272468635534,0.047154621321012,0.054967058823529,0.0433273744574585,0.4647485508444315
Pakistan,1985,0.036002355022923,0.34091,0.0038492417765308,0.0451839255202427,0.0738000000000004,0.0413346837437118,0.4958962805431662
Pakistan,1986,0.0351160067557026,0.366128,0.004777578310455,0.0513874330189827,0.0843428571428576,0.0466098547085276,0.5369742969175431
Pakistan,1987,0.0358163567194528,0.391346,0.0059283640779294,0.057444878454895,0.0843428571428576,0.0515165143769656,0.5689500923172055
Pakistan,1988,0.04529401439549,0.41563,0.0021919149832617,0.0585468461960027,0.0930365957446809,0.056354931212741,0.6125074563361738
Pakistan,1989,0.0434970220116567,0.44365,0.0007777762843831,0.0580915192960332,0.1066130984769213,0.05731374301165,0.6518516397846114
Pakistan,1990,0.0489437579469327,0.450188,0.0039304414990154,0.0611042867037072,0.1267178769910476,0.0571738452046917,0.6869539216416876
Pakistan,1991,0.0507176777331799,0.498756,0.0042975706500223,0.0661255770423006,0.1370475735379608,0.0618280063922782,0.7526468283134414
Pakistan,1992,0.0514649912557717,0.51436781,0.0056473101757831,0.0769644824497902,0.1321369236135333,0.071317172274007,0.7749342073190953
Pakistan,1993,0.054254961740112,0.544522,0.0041706087512712,0.069827038055919,0.1243954284385537,0.0656564293046478,0.7929994282345848
Pakistan,1994,0.056035801234115,0.58579546,0.006003641410584,0.0832169944266361,0.120195378444367,0.0772133530160521,0.8452436341051182
Pakistan,1995,0.0505353121890048,0.60327994,0.0053728487416568,0.0837633906211381,0.1138693058946634,0.0783905418794812,0.8514479487048064
Pakistan,1996,0.0604161465596961,0.6504486212,0.003628099845245,0.0740854124277038,0.1226391489361702,0.0704573125824588,0.9075893291235704
Pakistan,1997,0.059004554350356,0.6524276738,0.0039952289962519,0.078512990122133,0.1180866875944658,0.074517761125881,0.9080319058669548
Pakistan,1998,0.0552634722535019,0.662982621,0.0041032081583128,0.0799380559545812,0.1159779967445646,0.0758348477962684,0.914162145952648
Pakistan,1999,0.0574767133708376,0.732249462,0.000755854134426,0.065910698619004,0.1180866875944658,0.065154844484578,0.9737235615843076
Pakistan,2000,0.052610871990411,0.7992074083,0.0041032081583128,0.0627715713983146,0.1217531868085107,0.0586683632400018,1.0363430384972363
Pakistan,2001,0.051398563387096,0.7233437253,0.021094494267342,0.0857238689404183,0.1339482601674224,0.0646293746730763,0.9944144177949368
Pakistan,2002,0.0550022671865171,0.7043894585,0.0191671326003108,0.0954319102423534,0.1354580828159517,0.0762647776420425,0.9902817187448222
Pakistan,2003,0.0543878094910105,0.77424606,0.0192736166703125,0.1233608651834009,0.1350132618439717,0.1040872485130884,1.0870079965183832
Pakistan,2004,0.0761761472038057,0.839903708,0.0205514255103332,0.1201642122949031,0.1454411855319149,0.0996127867845699,1.181685253030624
Pakistan,2005,0.0808925251977237,0.944125336,0.0256200672424154,0.1409249973854537,0.1804137385757471,0.1153049301430382,1.3463565971589246
Pakistan,2006,0.0604991725117345,1.1072015304,0.0271321410364399,0.1466748790848344,0.1868624481432392,0.1195427380483944,1.5012380301398085
Pakistan,2007,0.0684871225353676,1.126746264,0.0245871717633986,0.1349246877161655,0.1914990917102663,0.1103375159527668,1.5216571659617997
Pakistan,2008,0.0620748558348955,1.16348799,0.0185388765873006,0.1259357544783796,0.1409723879693627,0.107396877891079,1.492470988282638
Pakistan,2009,0.057808844225242,1.18522684455,0.0280798492594553,0.1337414311208735,0.1379555093378593,0.1056615818614181,1.514732629233975
Pakistan,2010,0.0572920499902508,1.21339550115,0.027259921920442,0.1457446503792111,0.1434258460875764,0.1184847284587691,1.5598580476070385
Pakistan,2011,0.0600009635684617,1.19869881075,0.0407303060804223,0.1491663174711399,0.1455567160934776,0.1084360113907176,1.5534228078830794
Pakistan,2012,0.052793548629266,1.341072999,0.0558650646239672,0.1693300909358356,0.1565278420425532,0.1134650263118683,1.719724480607655
Pakistan,2013,0.0574825047380321,1.206353337,0.0465976746586481,0.1703037653250841,0.1771870788419952,0.123706090666436,1.6113266859051114
Pakistan,2014,0.0641134802496244,1.19624936235,0.0485202553307763,0.1813865395472637,0.2046000598907105,0.1328662842164873,1.6463494420375986
Pakistan,2015,0.0714547380347851,1.2032915265,0.0459236055806583,0.1883879374296618,0.196615920837112,0.1424643318490034,1.659750122801559
Pakistan,2016,0.0721169319462181,1.1956064474301,0.057508934113754,0.1897237972255128,0.187193406511801,0.1322148631117588,1.644640583113632
Pakistan,2017,0.0730425878678289,1.160913443904,0.0856183758965527,0.2069192333933903,0.216446858188813,0.1213008574968375,1.6573221233540325
Pakistan,2018,0.1005390050114842,1.138868595576,0.0980878914883431,0.2209448903152214,0.2183150898990932,0.1228569988268782,1.678667580801799
Pakistan,2019,0.1342930841426312,0.936295311396,0.0957228013168266,0.2386371647340474,0.2081974016399582,0.1429143634172208,1.517422961912637
Pakistan,2020,0.1338894208480572,0.989944312494,0.1014062057061102,0.2447598414129333,0.1837464365908495,0.143353635706823,1.55234001134584
Pakistan,2021,0.1312711062891821,0.871129827051,0.1675127093584205,0.3179591404770552,0.1880447831973928,0.1504464311186347,1.5084048570146302
Pakistan,2022,0.2520409990960176,0.8603633315766,0.2370693746112945,0.3978321641546106,0.1754234789408209,0.1607627895433161,1.685659973768049
Pakistan,2023,0.2646164517122437,0.8412484214013,0.2559668256575089,0.4146944895182923,0.1802671248783644,0.1587276638607834,1.7008264875102004
Palestinian Territories,1997,0.0,0.0,0.0,0.0,0.0,0.0,0.0
Palestinian Territories,1998,0.0,0.0,0.0,0.0,0.0,0.0,0.0
Palestinian Territories,1999,0.0,0.0,0.0,0.0,0.0,0.0,0.0
Palestinian Territories,2000,0.0,0.0,0.0,0.0,0.0,0.0,0.0
Palestinian Territories,2001,0.0,0.0,0.0,0.0,0.0,0.0,0.0
Palestinian Territories,2002,0.0,0.0,0.0,0.0,0.0,0.0,0.0
Palestinian Territories,2003,0.0,0.0,0.0,0.0,0.0,0.0,0.0
Palestinian Territories,2004,0.0,0.0,0.0,0.0,0.0,0.0,0.0
Palestinian Territories,2005,0.0,0.0,0.0,0.0,0.0,0.0,0.0
Palestinian Territories,2006,0.0,0.0,0.0,0.0,0.0,0.0,0.0
Palestinian Territories,2007,0.0,0.0,0.0,0.0,0.0,0.0,0.0
Palestinian Territories,2008,0.0,0.0,0.0,0.0,0.0,0.0,0.0
Palestinian Territories,2009,0.0,0.0,0.0,0.0,0.0,0.0,0.0
Palestinian Territories,2010,0.0,0.0,0.0,0.0,0.0,0.0,0.0
Palestinian Territories,2011,0.0,0.0,0.0,0.0,0.0,0.0,0.0
Palestinian Territories,2012,0.0,0.0,0.0,3.4121416331e-06,0.0,3.4121416331e-06,3.4121416331e-06
Palestinian Territories,2013,0.0,0.0,0.0,6.8242832662e-06,0.0,6.8242832662e-06,6.8242832662e-06
Palestinian Territories,2014,0.0,0.0,0.0,1.02364248993e-05,0.0,1.02364248993e-05,1.02364248993e-05
Palestinian Territories,2015,0.0,0.0,0.0,3.07092746981e-05,0.0,3.07092746981e-05,3.07092746981e-05
Palestinian Territories,2016,0.0,0.0,0.0,0.0001467220902245,0.0,0.0001467220902245,0.0001467220902245
Palestinian Territories,2017,0.0,0.0,0.0,0.0001590744029513,0.0,0.0001590744029513,0.0001590744029513
Palestinian Territories,2018,0.0,0.0,0.0,0.0002074598113605,0.0,0.0002074598113605,0.0002074598113605
Palestinian Territories,2019,0.0,0.0,0.0,0.0004223650317694,0.0,0.0004223650317694,0.0004223650317694
Palestinian Territories,2020,0.0,0.0,0.0,0.0006099932199477,0.0,0.0006099932199477,0.0006099932199477
Palestinian Territories,2021,0.0,0.0,0.0,0.0007669517350716,0.0,0.0007669517350716,0.0007669517350716
Palestinian Territories,2022,0.0,0.0,0.0,0.0011661723061475,0.0,0.0011661723061475,0.0011661723061475
Palestinian Territories,2023,0.0,0.0,0.0,0.0011661723061475,0.0,0.0011661723061475,0.0011661723061475
Panama,1980,0.0,0.0,0.0,0.0036880852253325,0.0,0.0036880852253325,0.0036880852253325
Panama,1981,0.0,0.0,0.0,0.0060093218156495,0.0,0.0060093218156495,0.0060093218156495
Panama,1982,0.0,0.0,0.0,0.005310271167205,0.0,0.005310271167205,0.005310271167205
Panama,1983,0.0,0.0,0.0,0.0044075895189485,0.0,0.0044075895189485,0.0044075895189485
Panama,1984,0.0,0.0,0.0,0.0065397434554145,0.0,0.0065397434554145,0.0065397434554145
Panama,1985,0.0,0.0,0.0,0.0075271794424726,0.0,0.0075271794424726,0.0075271794424726
Panama,1986,0.0,0.0,0.0,0.0081736572768446,0.0,0.0081736572768446,0.0081736572768446
Panama,1987,0.0,0.0,0.0,0.007862082343814,0.0,0.007862082343814,0.007862082343814
Panama,1988,0.0,0.0,0.0,0.0087497591900126,0.0,0.0087497591900126,0.0087497591900126
Panama,1989,0.0,0.0,0.0,0.0080728070906974,0.0,0.0080728070906974,0.0080728070906974
Panama,1990,0.0,0.0,0.0,0.0080585384984285,0.0,0.0080585384984285,0.0080585384984285
Panama,1991,0.0,0.0,0.0,0.0072963348604436,0.0,0.0072963348604436,0.0072963348604436
Panama,1992,0.0,0.0,0.0,0.0068632808849913,0.0,0.0068632808849913,0.0068632808849913
Panama,1993,0.0,0.0,0.0,0.0081853817635113,0.0,0.0081853817635113,0.0081853817635113
Panama,1994,0.0,0.0,0.0,0.0083653992357796,0.0,0.0083653992357796,0.0083653992357796
Panama,1995,0.0,0.0,0.0,0.0083233534905207,0.0,0.0083233534905207,0.0083233534905207
Panama,1996,0.0,0.0,0.0,0.0103304248011855,0.0,0.0103304248011855,0.0103304248011855
Panama,1997,0.0,0.0,0.0,0.0100209769564472,0.0,0.0100209769564472,0.0100209769564472
Panama,1998,0.0,0.0,0.0,0.0074648688560491,0.0,0.0074648688560491,0.0074648688560491
Panama,1999,0.0,0.0,0.0,0.0108537325229419,0.0,0.0108537325229419,0.0108537325229419
Panama,2000,0.0,0.0,0.0,0.0119075342647478,0.0,0.0119075342647478,0.0119075342647478
Panama,2001,0.0,0.0,0.0,0.008764610806482,0.0,0.008764610806482,0.008764610806482
Panama,2002,0.0,0.0,0.0,0.0117878152953843,0.0,0.0117878152953843,0.0117878152953843
Panama,2003,0.0,0.0,0.0,0.0098451096564467,0.0,0.0098451096564467,0.0098451096564467
Panama,2004,0.0,0.0,0.0,0.0131348772100013,0.0,0.0131348772100013,0.0131348772100013
Panama,2005,0.0,0.0,0.0,0.0129368019881816,0.0,0.0129368019881816,0.0129368019881816
Panama,2006,0.0,0.0,0.0,0.0124535329283729,0.0,0.0124535329283729,0.0124535329283729
Panama,2007,0.0,0.0,0.0,0.0128332006878395,0.0,0.0128332006878395,0.0128332006878395
Panama,2008,0.0,0.0,0.0,0.0137106971114633,0.0,0.0137106971114633,0.0137106971114633
Panama,2009,0.0,0.0,0.0,0.0135216052625306,0.0,0.0135216052625306,0.0135216052625306
Panama,2010,0.0,0.0,0.0,0.0145251629187763,0.0,0.0145251629187763,0.0145251629187763
Panama,2011,0.0,0.0,0.0,0.0142064336887809,0.0,0.0142064336887809,0.0142064336887809
Panama,2012,0.0,0.0,0.0,0.0186456939561371,0.0,0.0186456939561371,0.0186456939561371
Panama,2013,0.0,0.0,0.0,0.0183217244751043,0.0,0.0183217244751043,0.0183217244751043
Panama,2014,0.0,0.0,0.0,0.0187769004734078,0.0,0.0187769004734078,0.0187769004734078
Panama,2015,0.0,0.0,0.0,0.0234820353175887,0.0,0.0234820353175887,0.0234820353175887
Panama,2016,0.0,0.0,0.0,0.0255172596085671,0.0,0.0255172596085671,0.0255172596085671
Panama,2017,0.0,0.0,0.0,0.0272564797775635,0.0,0.0272564797775635,0.0272564797775635
Panama,2018,0.0,0.0,0.0,0.0298958781352213,0.0,0.0298958781352213,0.0298958781352213
Panama,2019,0.0,0.0,0.0,0.0211036268814238,0.0,0.0211036268814238,0.0211036268814238
Panama,2020,0.0,0.0,0.0,0.0283863182755466,0.0,0.0283863182755466,0.0283863182755466
Panama,2021,0.0,0.0,0.0,0.0324983883617054,0.0,0.0324983883617054,0.0324983883617054
Panama,2022,0.0,0.0,0.0,0.0325552033200132,0.0,0.0325552033200132,0.0325552033200132
Panama,2023,0.0,0.0,0.0,0.0273624197749816,0.0,0.0273624197749816,0.0273624197749816
Papua New Guinea,1980,0.0,0.0,0.0,0.0010645881895359,0.0,0.0010645881895359,0.0010645881895359
Papua New Guinea,1981,0.0,0.0,0.0,0.0010475274813702,0.0,0.0010475274813702,0.0010475274813702
Papua New Guinea,1982,0.0,0.0,0.0,0.0010270546315715,0.0,0.0010270546315715,0.0010270546315715
Papua New Guinea,1983,0.0,0.0,0.0,0.0013000259622217,0.0,0.0013000259622217,0.0013000259622217
Papua New Guinea,1984,0.0,0.0,0.0,0.0013853295030499,0.0,0.0013853295030499,0.0013853295030499
Papua New Guinea,1985,0.0,0.0,0.0,0.0014194509193812,0.0,0.0014194509193812,0.0014194509193812
Papua New Guinea,1986,0.0,0.0,0.0,0.0015422880181738,0.0,0.0015422880181738,0.0015422880181738
Papua New Guinea,1987,0.0,0.0,0.0,0.0014774573271443,0.0,0.0014774573271443,0.0014774573271443
Papua New Guinea,1988,0.0,0.0,0.0,0.0015013423185762,0.0,0.0015013423185762,0.0015013423185762
Papua New Guinea,1989,0.0,0.0,0.0,0.0015354637349075,0.0,0.0015354637349075,0.0015354637349075
Papua New Guinea,1990,0.0,0.0,0.0,0.0015525244430732,0.0,0.0015525244430732,0.0015525244430732
Papua New Guinea,1991,0.0,0.0,0.0,0.0015525244430732,0.000342027,0.0015525244430732,0.0018945514430732
Papua New Guinea,1992,0.0,0.00221964,0.0,0.0015525244430732,0.108355275,0.0015525244430732,0.1121274394430732
Papua New Guinea,1993,0.0,0.0029579844,0.0,0.0015525244430732,0.258342525,0.0015525244430732,0.2628530338430732
Papua New Guinea,1994,0.0,0.00185319,0.0,0.0015695851512388,0.273223503,0.0015695851512388,0.2766462781512389
Papua New Guinea,1995,0.0,0.00369591,0.0,0.0029412660877562,0.21226206834,0.0029412660877562,0.2188992444277563
Papua New Guinea,1996,0.0,0.00480672465,0.0,0.0031869402853414,0.218258883801,0.0031869402853414,0.2262525487363414
Papua New Guinea,1997,0.0,0.00406722855,0.0,0.0023987355680889,0.163735614,0.0023987355680889,0.1702015781180889
Papua New Guinea,1998,0.0,0.00406722855,0.0,0.0029310296628569,0.1615522482,0.0029310296628569,0.1685505064128569
Papua New Guinea,1999,0.0,0.00406722855,0.0,0.0031050488861464,0.180915462,0.0031050488861464,0.1880877394361464
Papua New Guinea,2000,0.0,0.00406722855,0.0,0.0031425824441108,0.131338368,0.0031425824441108,0.1385481789941108
Papua New Guinea,2001,0.0,0.00406722855,0.0,0.0031425824441108,0.1227933,0.0031425824441108,0.1300031109941108
Papua New Guinea,2002,0.0,0.00406722855,0.0,0.0031425824441108,0.098834589,0.0031425824441108,0.1060443999941108
Papua New Guinea,2003,0.0,0.0051764727,0.0,0.0033097773841341,0.099905526,0.0033097773841341,0.1083917760841341
Papua New Guinea,2004,0.0,0.0051764727,0.0,0.0031937645686077,0.086510403,0.0031937645686077,0.0948806402686077
Papua New Guinea,2005,0.0,0.0036974805,0.0,0.0040348574811737,0.109880379,0.0040348574811737,0.1176127169811737
Papua New Guinea,2006,0.0,0.0051764727,0.0,0.0039393175154462,0.099249507,0.0039393175154462,0.1083652972154462
Papua New Guinea,2007,0.0,0.00502857348,0.0,0.004280531678759,0.078716673,0.004280531678759,0.088025778158759
Papua New Guinea,2008,0.0,0.00480672465,0.0,0.0042532345456939,0.084867552,0.0042532345456939,0.0939275111956939
Papua New Guinea,2009,0.0,0.0036974805,0.0,0.0042498224040608,0.080937045,0.0042498224040608,0.0888843479040608
Papua New Guinea,2010,0.0,0.00406722855,0.0,0.0042668831122264,0.06302268,0.0042668831122264,0.0713567916622264
Papua New Guinea,2011,0.0,0.0036974805,0.0,0.0046422186918705,0.059680908,0.0046422186918705,0.0680206071918705
Papua New Guinea,2012,0.0,0.0036974805,0.0,0.0046865765331012,0.056086821,0.0046865765331012,0.0644708780331012
Papua New Guinea,2013,0.0,0.00406722855,0.0,0.0048801845694944,0.062288163,0.0048801845694944,0.0712355761194944
Papua New Guinea,2014,0.0,0.17563032375,0.0,0.0049649920897335,0.101004498,0.0049649920897335,0.2815998138397335
Papua New Guinea,2015,0.0,0.362353089,0.0,0.0049373685431195,0.117679716,0.0049373685431195,0.4849701735431195
Papua New Guinea,2016,0.0,0.4065097905,0.0,0.0049137975647218,0.114904251,0.0049137975647218,0.5263278390647219
Papua New Guinea,2017,0.0,0.41396927772222,0.0,0.0042136633031481,0.103186473264,0.0042136633031481,0.5213694142893682
Papua New Guinea,2018,0.0,0.3722934734729976,0.0,0.0034704608538755,0.072884529522,0.0034704608538755,0.4486484638488732
Papua New Guinea,2019,0.0,0.4256513567153973,0.0,0.003933375268792,0.0723532887,0.003933375268792,0.5019380206841894
Papua New Guinea,2020,0.0,0.4389529616192972,0.0,0.0039259019585855,0.080769053673,0.0039259019585855,0.5236479172508828
Papua New Guinea,2021,0.0,0.4180756200671973,0.0,0.0039259019585855,0.075669952554,0.0039259019585855,0.4976714745797829
Papua New Guinea,2022,0.0,0.4425913416914972,0.0,0.0033697228723857,0.07035310359,0.0033697228723857,0.516314168153883
Papua New Guinea,2023,0.0,0.4278030868295973,0.0,0.0038917805422543,0.065633540301,0.0038917805422543,0.4973284076728516
Paraguay,1980,0.0,0.0,0.0,0.0027813676085186,0.0,0.0027813676085186,0.0027813676085186
Paraguay,1981,0.0,0.0,0.0,0.0030759929207657,0.0,0.0030759929207657,0.0030759929207657
Paraguay,1982,0.0,0.0,0.0,0.0029398244954605,0.0,0.0029398244954605,0.0029398244954605
Paraguay,1983,0.0,0.0,0.0,0.0033734850620416,0.0,0.0033734850620416,0.0033734850620416
Paraguay,1984,0.0,0.0,0.0,0.0039823148483697,0.0,0.0039823148483697,0.0039823148483697
Paraguay,1985,0.0,0.0,0.0,0.0144118664196622,0.0,0.0144118664196622,0.0144118664196622
Paraguay,1986,0.0,0.0,0.0,0.0414755579985247,0.0,0.0414755579985247,0.0414755579985247
Paraguay,1987,0.0,0.0,0.0,0.0641428419869536,0.0,0.0641428419869536,0.0641428419869536
Paraguay,1988,0.0,0.0,0.0,0.068729954817511,0.0,0.068729954817511,0.068729954817511
Paraguay,1989,0.0,0.0,0.0,0.0836005027485046,0.0,0.0836005027485046,0.0836005027485046
Paraguay,1990,0.0,0.0,0.0,0.0936069640005948,0.0,0.0936069640005948,0.0936069640005948
Paraguay,1991,0.0,0.0,0.0,0.1011074854383626,0.0,0.1011074854383626,0.1011074854383626
Paraguay,1992,0.0,0.0,0.0,0.093556849733517,0.0,0.093556849733517,0.093556849733517
Paraguay,1993,0.0,0.0,0.0,0.1071969482032686,0.0,0.1071969482032686,0.1071969482032686
Paraguay,1994,0.0,0.0,0.0,0.1236315481763892,0.0,0.1236315481763892,0.1236315481763892
Paraguay,1995,0.0,0.0,0.0,0.1428971877637535,0.0,0.1428971877637535,0.1428971877637535
Paraguay,1996,0.0,0.0,0.0,0.1536609154063529,0.0,0.1536609154063529,0.1536609154063529
Paraguay,1997,0.0,0.0,0.0,0.1721387393351515,0.0,0.1721387393351515,0.1721387393351515
Paraguay,1998,0.0,0.0,0.0,0.1722030260035993,0.0,0.1722030260035993,0.1722030260035993
Paraguay,1999,0.0,0.0,0.0,0.1760941416200844,0.0,0.1760941416200844,0.1760941416200844
Paraguay,2000,0.0,0.0,0.0,0.1825744425592797,0.0,0.1825744425592797,0.1825744425592797
Paraguay,2001,0.0,0.0,0.0,0.1546540322884588,0.0,0.1546540322884588,0.1546540322884588
Paraguay,2002,0.0,0.0,0.0,0.1645321823163642,0.0,0.1645321823163642,0.1645321823163642
Paraguay,2003,0.0,0.0,0.0,0.1766759943886665,0.0,0.1766759943886665,0.1766759943886665
Paraguay,2004,0.0,0.0,0.0,0.177326332949967,0.0,0.177326332949967,0.177326332949967
Paraguay,2005,0.0,0.0,0.0,0.1753659358006241,0.0,0.1753659358006241,0.1753659358006241
Paraguay,2006,0.0,0.0,0.0,0.1858964420381887,0.0,0.1858964420381887,0.1858964420381887
Paraguay,2007,0.0,0.0,0.0,0.1857964956818341,0.0,0.1857964956818341,0.1857964956818341
Paraguay,2008,0.0,0.0,0.0,0.1919735542651099,0.0,0.1919735542651099,0.1919735542651099
Paraguay,2009,0.0,0.0,0.0,0.1909504191824159,0.0,0.1909504191824159,0.1909504191824159
Paraguay,2010,0.0,0.0,0.0,0.188506887395062,0.0,0.188506887395062,0.188506887395062
Paraguay,2011,0.0,0.0,0.0,0.2006238294673644,0.0,0.2006238294673644,0.2006238294673644
Paraguay,2012,0.0,0.0,0.0,0.209824624846562,0.0,0.209824624846562,0.209824624846562
Paraguay,2013,0.0,0.0,0.0,0.212439706219364,0.0,0.212439706219364,0.212439706219364
Paraguay,2014,0.0,0.0,0.0,0.1955131057848244,0.0,0.1955131057848244,0.1955131057848244
Paraguay,2015,0.0,0.0,0.0,0.1982462415332794,0.0,0.1982462415332794,0.1982462415332794
Paraguay,2016,0.0,0.0,0.0,0.2256503370924867,0.0,0.2256503370924867,0.2256503370924867
Paraguay,2017,0.0,0.0,0.0,0.2127489081548515,0.0,0.2127489081548515,0.2127489081548515
Paraguay,2018,0.0,0.0,0.0,0.2125992205011324,0.0,0.2125992205011324,0.2125992205011324
Paraguay,2019,0.0,0.0,0.0,0.1820199623121786,0.0,0.1820199623121786,0.1820199623121786
Paraguay,2020,0.0,0.0,0.0,0.17252224089725,0.0,0.17252224089725,0.17252224089725
Paraguay,2021,0.0,0.0,0.0,0.1504153630408943,0.0,0.1504153630408943,0.1504153630408943
Paraguay,2022,0.0,0.0,0.0,0.1618763411495201,0.0,0.1618763411495201,0.1618763411495201
Paraguay,2023,0.0,0.0,0.0,0.1626583781283593,0.0,0.1626583781283593,0.1626583781283593
Peru,1980,0.0014195371785566,0.04268,0.0,0.0249959458848989,0.0,0.0249959458848989,0.0690954830634555
Peru,1981,0.0030751764482211,0.052283,0.0,0.0282799731102106,0.0,0.0282799731102106,0.0836381495584318
Peru,1982,0.0024070728558298,0.049082,0.0,0.0305994729969896,0.0,0.0305994729969896,0.0820885458528195
Peru,1983,0.0030729833721621,0.049082,0.0,0.029559042211443,0.0,0.029559042211443,0.0817140255836052
Peru,1984,0.003509370495066,0.049082,0.0,0.0310829822102167,0.4067302961739109,0.0310829822102167,0.4904046488791937
Peru,1985,0.0043485202271234,0.050149,0.0,0.0341994275694145,0.4120165315789473,0.0341994275694145,0.5007134793754854
Peru,1986,0.005072907997218,0.052283,0.0,0.0363041429331445,0.3886048438202278,0.0363041429331445,0.4822648947505904
Peru,1987,0.0037118483376723,0.043663,0.0,0.0386427230042646,0.3517201873371212,0.0386427230042646,0.4377377586790582
Peru,1988,0.0041168037576361,0.040876,0.0,0.036951305795951,0.3135318317164608,0.036951305795951,0.395475941270048
Peru,1989,0.0035166802180985,0.038089,0.0,0.0368009915566215,0.2647460786292603,0.0368009915566215,0.3431527504039803
Peru,1990,0.0028420273706309,0.017651,0.0,0.0367918151757231,0.2777084458654643,0.0367918151757231,0.3349932884118183
Peru,1991,0.0019589880010349,0.0170603999999999,0.0,0.0401943324093559,0.2491539193896698,0.0401943324093559,0.3083676398000607
Peru,1992,0.0026314764193006,0.01660288362,0.0,0.0344255469553074,0.2509882640261664,0.0344255469553074,0.3046481710207745
Peru,1993,0.0024295866330106,0.0314931,0.0,0.0409673054943652,0.2687519923905163,0.0409673054943652,0.3436419845178922
Peru,1994,0.0021636583892027,0.03215269,0.0,0.0443507009342797,0.2700891706045546,0.0443507009342797,0.3487562199280371
Peru,1995,0.0015033350709964,0.03050836,0.0,0.0448365531013095,0.2611191425048086,0.0448365531013095,0.3379673906771147
Peru,1996,0.0016958403591048,0.03182340595,0.0,0.0464261990852449,0.2579300141457692,0.0464261990852449,0.337875459540119
Peru,1997,0.0006432497913846,0.0078738324,0.0,0.0461729705740909,0.2531539631774786,0.0461729705740909,0.3078440159429542
Peru,1998,0.0005847725376223,0.01345113035,0.0,0.0479152028916671,0.2512006479023305,0.0479152028916671,0.31315175368162
Peru,1999,0.0006140111645034,0.01345113035,0.0,0.050522191104026,0.2339034817305458,0.050522191104026,0.2984908143490754
Peru,2000,0.0004678180300978,0.0111545959,0.0,0.0567830841847596,0.2197443375282831,0.0567830841847596,0.2881498356431407
Peru,2001,0.0005555339107412,0.01213882495,0.0,0.0617622678635658,0.2151300088759319,0.0617622678635658,0.2895866356002389
Peru,2002,0.0006432497913846,0.0144353594,0.0,0.0634510449622922,0.2063653727795724,0.0634510449622922,0.2848950269332492
Peru,2003,0.0004678180300978,0.0170599702,0.0,0.0652289687613709,0.211360928001615,0.0652289687613709,0.2941176849930838
Peru,2004,0.0006432497913846,0.0365969345,0.0,0.0613340470887327,0.2050351189717933,0.0613340470887327,0.3036093503519108
Peru,2005,0.0012572609558881,0.0672920262,0.0,0.0651716583824989,0.2311135668465967,0.0651716583824989,0.3648345123849837
Peru,2006,0.0031285330762797,0.0758100042,0.0,0.070853555239052,0.2390014854569947,0.070853555239052,0.3887935779723265
Peru,2007,0.0032747262106852,0.1137150063,0.0,0.0710652992318103,0.2308990609683728,0.0710652992318103,0.4189540927108685
Peru,2008,0.0041518850171188,0.16615177775,0.0,0.0705114582100798,0.2368523352630323,0.0705114582100798,0.477667456240231
Peru,2009,0.0041098643217563,0.15795799145,0.0,0.0728572122917153,0.2763015749407744,0.0728572122917153,0.5112266430042461
Peru,2010,0.0055845777342936,0.3079249047,0.0,0.0775993665147461,0.2970544092543616,0.0775993665147461,0.6881632582034014
Peru,2011,0.0053506687192447,0.4833952515,0.0,0.0856591770270996,0.2880155068503537,0.0856591770270996,0.8624206040966982
Peru,2012,0.0066371683020139,0.5046901965,0.0,0.0832100249414315,0.288129198129204,0.0832100249414315,0.8826665878726495
Peru,2013,0.006169350271916,0.519596658,0.0,0.0908559819445499,0.3101672738440045,0.0908559819445499,0.9267892640604704
Peru,2014,0.0067541228095384,0.549409581,0.0,0.0938292083374294,0.3216172108524997,0.0938292083374294,0.9716101229994676
Peru,2015,0.0073681339740419,0.5374844118,0.0,0.0955723709692668,0.2774825108298585,0.0955723709692668,0.9179074275731672
Peru,2016,0.0078651906310209,0.59773884912,0.0,0.0965978353347178,0.2462553159162678,0.0965978353347178,0.9484571910020066
Peru,2017,0.0115634928821183,0.55314983322,0.0,0.1130733016063315,0.2456966303839284,0.1130733016063315,0.9234832580923784
Peru,2018,0.0166555387538974,0.5413427161038,0.0,0.1232303825549373,0.2476871053104601,0.1232303825549373,0.9289157427230949
Peru,2019,0.0184464487422152,0.5717729339424,0.0,0.1295152064677747,0.2589369728466796,0.1295152064677747,0.9786715619990696
Peru,2020,0.0099332134481488,0.5124584981268,0.0,0.1273427973048373,0.2282182814874541,0.1273427973048373,0.8779527903672403
Peru,2021,0.0125912524290053,0.4843325018772,0.0,0.1337495791292671,0.2184073595591442,0.1337495791292671,0.8490806929946167
Peru,2022,0.0038956694584372,0.5830804996884,0.0,0.1273296201969072,0.2154768530612972,0.1273296201969072,0.9297826424050416
Peru,2023,0.0377115135109951,0.6237875073546,0.0,0.1275204101969072,0.2111268670506086,0.1275204101969072,1.000146298113111
Philippines,1980,0.0072535280337966,0.0,0.0,0.0185961719005472,0.0,0.0185961719005472,0.0258496999343439
Philippines,1981,0.0072976224291388,0.0,0.0,0.0215715594046348,0.0,0.0215715594046348,0.0288691818337737
Philippines,1982,0.0123023363004818,0.0,0.0,0.0243661034021666,0.0,0.0243661034021666,0.0366684397026484
Philippines,1983,0.0224881416245367,0.0,0.0,0.0232878666460981,0.0,0.0232878666460981,0.0457760082706349
Philippines,1984,0.0268093923680751,0.0,0.0,0.032244738433059,0.0237508333333332,0.032244738433059,0.0828049641344673
Philippines,1985,0.0278235634609464,0.0,0.0,0.0348345539326031,0.0172266666666665,0.0348345539326031,0.0798847840602161
Philippines,1986,0.0272503363214974,0.0,0.0,0.0352508352118447,0.0150762499999998,0.0352508352118447,0.077577421533342
Philippines,1987,0.0266330147867062,0.0,0.0,0.0325518311800405,0.0107666666666666,0.0325518311800405,0.0699515126334133
Philippines,1988,0.0299400944373733,0.0,0.0,0.0368988996206455,0.01296,0.0368988996206455,0.0797989940580189
Philippines,1989,0.0299841888327156,0.0,0.0,0.0391372645319774,0.0107704918032786,0.0391372645319774,0.0798919451679717
Philippines,1990,0.0274046667051952,0.0,0.0,0.0391236159654449,0.0107704918032786,0.0391236159654449,0.0772987744739188
Philippines,1991,0.0292345841118977,0.0,0.0,0.0370285610027044,0.0069639344262295,0.0370285610027044,0.0732270795408316
Philippines,1992,0.036620395331721,0.0,0.0,0.0338109114426647,0.0172032786885246,0.0338109114426647,0.0876345854629104
Philippines,1993,0.034878666715703,0.0,0.0,0.0362062348691205,0.0215409836065573,0.0362062348691205,0.0926258851913809
Philippines,1994,0.0319463894254448,0.0,0.0,0.0416520129155927,0.0107704918032786,0.0416520129155927,0.0843688941443162
Philippines,1995,0.029300725704911,0.00034195,0.0,0.0419864027956393,0.0064622950819672,0.0419864027956393,0.0780913735825176
Philippines,1996,0.0244282950195947,0.00034502755,0.0,0.0460434391974284,0.00216,0.0460434391974284,0.0729767617670232
Philippines,1997,0.0237227846941191,0.00034502755,0.0,0.0450709788319869,0.0017232786885245,0.0450709788319869,0.0708620697646306
Philippines,1998,0.0255086077054793,0.00034502755,0.0,0.0475891393572353,0.0017232786885245,0.0475891393572353,0.0751660533012393
Philippines,1999,0.0259495516589016,0.00034502755,0.0,0.0626332718176964,0.0016198760655737,0.0626332718176964,0.0905477270921719
Philippines,2000,0.0298298584490178,0.00034502755,0.0,0.0662808512235102,0.0020281573770491,0.0662808512235102,0.0984838945995772
Philippines,2001,0.0271180531354707,0.006900551,0.0,0.0598694370948628,0.0246363934426229,0.0598694370948628,0.1185244346729565
Philippines,2002,0.0367085841224055,0.0689101595,0.0,0.0589447467122851,0.0295702406557377,0.0589447467122851,0.1941337309904284
Philippines,2003,0.0447558112723622,0.0834175615,0.0,0.0603676097732995,0.032311475409836,0.0603676097732995,0.2208524579554978
Philippines,2004,0.0601006608514579,0.079790711,0.0,0.0644041733252898,0.03024,0.0644041733252898,0.2345355451767478
Philippines,2005,0.0697352862337349,0.0761638605,0.0,0.0624694890193063,0.0366196721311475,0.0624694890193063,0.2449883078841888
Philippines,2006,0.0570581475728441,0.079790711,0.0,0.0698055935305314,0.0344655737704918,0.0698055935305314,0.2411200258738673
Philippines,2007,0.0749825192794601,0.1055883185,0.0,0.065925061943231,0.0387737704918033,0.065925061943231,0.2852696702144944
Philippines,2008,0.0795683363950519,0.1072523613,0.0,0.0726312076081631,0.0530312281967213,0.0726312076081631,0.3124831334999364
Philippines,2009,0.1033352154845133,0.11491324425,0.0,0.0739759717316224,0.0753934426229508,0.0739759717316224,0.3676178740890866
Philippines,2010,0.1466138645129109,0.1045359315,0.0,0.0653147384610005,0.0710852459016394,0.0653147384610005,0.3875497803755509
Philippines,2011,0.1523681831050717,0.11513572875,0.0,0.0728010141914999,0.0732393442622951,0.0728010141914999,0.4135442703088669
Philippines,2012,0.1618264309059798,0.10051531875,0.0,0.07720698930847,0.0648,0.07720698930847,0.4043487389644499
Philippines,2013,0.1565351034649124,0.12829409775,0.0,0.0757563849789728,0.0753934426229508,0.0757563849789728,0.4359790288168361
Philippines,2014,0.1675807494981407,0.0986877675,0.0,0.0768416203385256,0.0818557377049181,0.0768416203385256,0.4249658750415845
Philippines,2015,0.1626642244174822,0.095032665,0.0,0.0841485056942892,0.0519639344262295,0.0841485056942892,0.3938093295380009
Philippines,2016,0.2471711330908638,0.113527326537,0.0,0.0919280948997929,0.0432,0.0919280948997929,0.4958265545276568
Philippines,2017,0.2630671626117373,0.1372259178765,0.0,0.0975711377806796,0.0062899672131147,0.0975711377806796,0.5041541854820317
Philippines,2018,0.2878482127940699,0.1538358678045,0.0,0.0998345698771432,0.004267268852459,0.0998345698771432,0.5457859193281722
Philippines,2019,0.3367268500309306,0.154936603863,0.0,0.0967107724648455,0.0014346295081967,0.0967107724648455,0.5898088558669728
Philippines,2020,0.292500171502675,0.1400011666695,0.0,0.0930062766680897,0.00141264,0.0930062766680897,0.5269202548402648
Philippines,2021,0.3169946081152832,0.1192938769575,0.0,0.1021592880912056,0.001426013114754,0.1021592880912056,0.5398737862787429
Philippines,2022,0.3033440860890293,0.1101091571685,0.0,0.1065374602656391,0.0011718295081967,0.1065374602656391,0.5211625330313652
Philippines,2023,0.3028049031291321,0.08499561307515,0.0,0.1071101002656391,0.0011498518032786,0.1071101002656391,0.4960604682732
Poland,1980,4.066769216757617,0.200265,0.0,0.0119777424587997,0.0,0.0119777424587997,4.279011959216416
Poland,1981,3.512437240706217,0.178332,0.0,0.0110983166472998,0.0,0.0110983166472998,3.701867557353517
Poland,1982,4.013297020018412,0.164151,0.0,0.0091446213210559,0.0,0.0091446213210559,4.186592641339468
Poland,1983,4.131080850203717,0.16014,0.0,0.0103915355278045,0.0,0.0103915355278045,4.301612385731521
Poland,1984,4.278659869378812,0.176379,0.0,0.0096635291192978,0.0085199999999999,0.0096635291192978,4.47322239849811
Poland,1985,4.409829431353802,0.18207,0.0,0.011572199345474,0.0085,0.011572199345474,4.611971630699276
Poland,1986,4.585771348534831,0.165462,0.0,0.0104469956398746,0.006375,0.0104469956398746,4.768055344174705
Poland,1987,4.707197795297034,0.16598,0.0,0.0088187460535588,0.0063799999999999,0.0088187460535588,4.888376541350594
Poland,1988,4.707180112692137,0.164724,0.0,0.0089370669648909,0.0063899999999999,0.0089370669648909,4.887231179657028
Poland,1989,4.406169132172192,0.153,0.0,0.0077515417554319,0.0063725409836065,0.0077515417554319,4.57329321491123
Poland,1990,3.8031215800569935,0.105125,0.0,0.0074710621131224,0.0063725409836065,0.0074710621131224,3.9220901831537223
Poland,1991,3.677869367309185,0.116732,0.0,0.0093856895865755,0.0063725409836065,0.0093856895865755,3.810359597879367
Poland,1992,3.471636794468522,0.1128328376,0.0,0.0094761053396043,0.0085199999999999,0.0094761053396043,3.602465737408126
Poland,1993,3.462508406931508,0.14430789639,0.0,0.0087890258199143,0.0100971311475409,0.0087890258199143,3.6257024602889634
Poland,1994,3.506696089214008,0.136570132685,0.0,0.0095381999170616,0.012122324672131,0.0095381999170616,3.6649267464882
Poland,1995,3.5263255909840576,0.13972542199,0.0,0.0101310165240326,0.0125119284426228,0.0101310165240326,3.688693957940713
Poland,1996,3.54722857914431,0.13849589495,0.0,0.0107015482059882,0.0135713182786884,0.0107015482059882,3.7099973405789854
Poland,1997,3.5401691358994785,0.14123118296,0.0,0.0127884858317897,0.0123257222131146,0.0127884858317897,3.706514526904383
Poland,1998,3.098057621318557,0.14314779864,0.0,0.0139016660383109,0.0132279809016392,0.0139016660383109,3.268335066898507
Poland,1999,2.956726644273677,0.13683665499,0.0,0.0124663174590405,0.0164290915573769,0.0124663174590405,3.122458708280094
Poland,2000,2.797945260863418,0.14611256352,0.0,0.0101714002003013,0.0276088621311473,0.0101714002003013,2.9818380867148666
Poland,2001,2.819938859737356,0.15392664294,0.0,0.0132655696348573,0.0329685706557374,0.0132655696348573,3.020099642967951
Poland,2002,2.791635156820305,0.15744331064,0.0,0.0138065170888138,0.0286676758196719,0.0138065170888138,2.991552660368791
Poland,2003,2.805218754307403,0.15914443419,0.0,0.0122781116651958,0.0308327859016391,0.0122781116651958,3.007474086064238
Poland,2004,2.7860512715787853,0.17408070155,0.0,0.0179510258955404,0.0357734663934423,0.0179510258955404,3.0138564654177684
Poland,2005,2.723847062976706,0.172191878775,0.0,0.0285977441144188,0.0339404617213112,0.0285977441144188,2.958577147587437
Poland,2006,2.659878584505793,0.1710644474,0.0,0.0341195567589462,0.031693969344262,0.0341195567589462,2.896756558009001
Poland,2007,2.4780997673387968,0.171708593,0.0,0.0396654196851084,0.0284873067213112,0.0396654196851084,2.7179610867452166
Poland,2008,2.430872431271577,0.16265206125,0.0,0.0589776685219272,0.0302797017213112,0.0589776685219272,2.682781862764816
Poland,2009,2.2749473863968044,0.16209394299,0.0,0.082071231551018,0.0263692719672129,0.082071231551018,2.5454818329050357
Poland,2010,2.241277604198518,0.1628153359871101,0.0,0.0970464509451533,0.0274981428688522,0.0970464509451533,2.5286375339996336
Poland,2011,2.29726821043808,0.1697483556061037,0.0,0.1112963924510338,0.0267823581147539,0.1112963924510338,2.6050953166099715
Poland,2012,2.392240892023144,0.1722551483271727,0.0,0.1457086962921467,0.0291797138524588,0.1457086962921467,2.739384450494922
Poland,2013,2.3697836954279907,0.1685908501563833,0.0,0.1389071017970824,0.0409941429508193,0.1389071017970824,2.718275790332276
Poland,2014,2.244404888075617,0.1642885034593877,0.0,0.1581996713523226,0.0405690799180325,0.1581996713523226,2.60746214280536
Poland,2015,2.2463682544627157,0.1638280238839921,0.0,0.1683197740353871,0.0395853283606554,0.1683197740353871,2.6181013807427496
Poland,2016,2.1866330162473147,0.15624048906076,0.0,0.1614613166080508,0.0426872718032783,0.1614613166080508,2.547022093719404
Poland,2017,2.0930022556345977,0.15383598858861,0.0,0.1580042947518271,0.0434531546885242,0.1580042947518271,2.44829569366356
Poland,2018,2.0028509515202404,0.1520159432589219,0.0,0.1496952126113908,0.0447615272131144,0.1496952126113908,2.3493236346036674
Poland,2019,1.892920737374492,0.1534319268702998,0.0,0.1717217073058903,0.0430430827868849,0.1717217073058903,2.261117454337567
Poland,2020,1.6944729064255828,0.1513982537770631,0.0,0.1827857254053316,0.0416209430983603,0.1827857254053316,2.070277828706338
Poland,2021,1.7635859622032863,0.1504438660807739,0.0,0.1921416977348221,0.0395094768032784,0.1921416977348221,2.145681002822161
Poland,2022,1.6333835955721794,0.1483148144529215,0.0,0.217482176591984,0.038057864344262,0.217482176591984,2.037238450961347
Poland,2023,1.414010393686412,0.1427951439229673,0.0,0.2411076477442348,0.0368566025409833,0.2411076477442348,1.8347697878945968
Portugal,1980,0.0036907954772141,0.0,0.0,0.0300148988724722,0.0,0.0300148988724722,0.0337056943496863
Portugal,1981,0.0038367591401547,0.0,0.0,0.0199192705933851,0.0,0.0199192705933851,0.0237560297335399
Portugal,1982,0.0037116474290627,0.0,0.0,0.0267730428618373,0.0,0.0267730428618373,0.0304846902909001
Portugal,1983,0.0038576110920034,0.0,0.0,0.0309960576091006,0.0,0.0309960576091006,0.0348536687011041
Portugal,1984,0.0040452786586414,0.0,0.0,0.0364725379229801,0.0,0.0364725379229801,0.0405178165816216
Portugal,1985,0.0049419125881341,0.0,0.0,0.0412834046151884,0.0,0.0412834046151884,0.0462253172033226
Portugal,1986,0.0049210606362854,0.0,0.0,0.0345422297986456,0.0,0.0345422297986456,0.0394632904349311
Portugal,1987,0.0054423594325021,0.0,0.0,0.0367938572604871,0.0,0.0367938572604871,0.0422362166929893
Portugal,1988,0.0047959489251934,0.0,0.0,0.0474592699665423,0.0,0.0474592699665423,0.0522552188917358
Portugal,1989,0.0053798035769561,0.0,0.0,0.0260724302293572,0.0,0.0260724302293572,0.0314522338063133
Portugal,1990,0.0058593984694755,0.0,0.0,0.0381188122574775,0.0,0.0381188122574775,0.043978210726953
Portugal,1991,0.0056300269991401,0.0,0.0,0.039002014917959,0.0,0.039002014917959,0.0446320419170992
Portugal,1992,0.0046082813585554,0.0,0.0,0.0248485834292237,0.0,0.0248485834292237,0.0294568647877792
Portugal,1993,0.0041078345141874,0.0,0.0,0.038186222055562,0.0,0.038186222055562,0.0422940565697494
Portugal,1994,0.003065236921754,0.0,0.0,0.0458110695520961,0.0,0.0458110695520961,0.0488763064738502
Portugal,1995,0.0,0.0,0.0,0.0385742851635076,0.0,0.0385742851635076,0.0385742851635076
Portugal,1996,0.0,0.0,0.0,0.060030699788647,0.0,0.060030699788647,0.060030699788647
Portugal,1997,0.0,0.0,0.0,0.0551673683187007,0.0,0.0551673683187007,0.0551673683187007
Portugal,1998,0.0,0.0,0.0,0.0547830199649492,0.0,0.0547830199649492,0.0547830199649492
Portugal,1999,0.0,0.0,0.0,0.0379681680044496,0.0,0.0379681680044496,0.0379681680044496
Portugal,2000,0.0,0.0,0.0,0.054942541586464,0.0,0.054942541586464,0.054942541586464
Portugal,2001,0.0,0.0,0.0,0.0651769774032838,0.0,0.0651769774032838,0.0651769774032838
Portugal,2002,0.0,0.0,0.0,0.0455588570831166,0.0,0.0455588570831166,0.0455588570831166
Portugal,2003,0.0,0.0,0.0,0.0720224745500976,0.0,0.0720224745500976,0.0720224745500976
Portugal,2004,0.0,0.0,0.0,0.0545475001888595,0.0,0.0545475001888595,0.0545475001888595
Portugal,2005,0.0,0.0,0.0,0.0421535347330474,0.0,0.0421535347330474,0.0421535347330474
Portugal,2006,0.0,0.0,0.0,0.0709018933522974,0.0,0.0709018933522974,0.0709018933522974
Portugal,2007,0.0,0.0,0.0,0.0768677817656561,0.0,0.0768677817656561,0.0768677817656561
Portugal,2008,0.0,0.0,0.0,0.0708455063464604,0.0,0.0708455063464604,0.0708455063464604
Portugal,2009,0.0,0.0,0.0,0.0879202761765156,0.0,0.0879202761765156,0.0879202761765156
Portugal,2010,0.0,0.0,0.0,0.1276864772945317,0.0,0.1276864772945317,0.1276864772945317
Portugal,2011,0.0,0.0,0.0,0.1173532669277331,0.0,0.1173532669277331,0.1173532669277331
Portugal,2012,0.0,0.0,0.0,0.0968482631292665,0.0,0.0968482631292665,0.0968482631292665
Portugal,2013,0.0,0.0,0.0,0.132049744752753,0.0,0.132049744752753,0.132049744752753
Portugal,2014,0.0,0.0,0.0,0.1395467568679171,0.0,0.1395467568679171,0.1395467568679171
Portugal,2015,0.0,0.0,0.0,0.1162318752742884,0.0,0.1162318752742884,0.1162318752742884
Portugal,2016,0.0,0.0,0.0,0.1418957295451121,0.0,0.1418957295451121,0.1418957295451121
Portugal,2017,0.0,0.0,0.0,0.1099502440485073,0.0,0.1099502440485073,0.1099502440485073
Portugal,2018,0.0,0.0,0.0,0.1327093019759672,0.0,0.1327093019759672,0.1327093019759672
Portugal,2019,0.0,0.0,0.0,0.1272452087664491,0.0,0.1272452087664491,0.1272452087664491
Portugal,2020,0.0,0.0,0.0,0.1370132695025137,0.0,0.1370132695025137,0.1370132695025137
Portugal,2021,0.0,0.0,0.0,0.1410653275766341,0.0,0.1410653275766341,0.1410653275766341
Portugal,2022,0.0,0.0,0.0,0.1287818254291609,0.0,0.1287818254291609,0.1287818254291609
Portugal,2023,0.0,0.0,0.0,0.1477233762107259,0.0,0.1477233762107259,0.1477233762107259
Puerto Rico,1980,0.0,0.0,0.0,0.000696076893158,0.0,0.000696076893158,0.000696076893158
Puerto Rico,1981,0.0,0.0,0.0,0.0004231055625078,0.0,0.0004231055625078,0.0004231055625078
Puerto Rico,1982,0.0,0.0,0.0,0.0003548627298453,0.0,0.0003548627298453,0.0003548627298453
Puerto Rico,1983,0.0,0.0,0.0,0.000375335579644,0.0,0.000375335579644,0.000375335579644
Puerto Rico,1984,0.0,0.0,0.0,0.0004606391204722,0.0,0.0004606391204722,0.0004606391204722
Puerto Rico,1985,0.0,0.0,0.0,0.0006244219188624,0.0,0.0006244219188624,0.0006244219188624
Puerto Rico,1986,0.0,0.0,0.0,0.0007609075841875,0.0,0.0007609075841875,0.0007609075841875
Puerto Rico,1987,0.0,0.0,0.0,0.0008769203997138,0.0,0.0008769203997138,0.0008769203997138
Puerto Rico,1988,0.0,0.0,0.0,0.0009281025242107,0.0,0.0009281025242107,0.0009281025242107
Puerto Rico,1989,0.0,0.0,0.0,0.0009281025242107,0.0,0.0009281025242107,0.0009281025242107
Puerto Rico,1990,0.0,0.0,0.0,0.0004664568219567,0.0,0.0004664568219567,0.0004664568219567
Puerto Rico,1991,0.0,0.0,0.0,0.0004062393464153,0.0,0.0004062393464153,0.0004062393464153
Puerto Rico,1992,0.0,0.0,0.0,0.00046103151676,0.0,0.00046103151676,0.00046103151676
Puerto Rico,1993,0.0,0.0,0.0,0.0004105795905726,0.0,0.0004105795905726,0.0004105795905726
Puerto Rico,1994,0.0,0.0,0.0,0.000230125068163,0.0,0.000230125068163,0.000230125068163
Puerto Rico,1995,0.0,0.0,0.0,0.000296596999318,0.0,0.000296596999318,0.000296596999318
Puerto Rico,1996,0.0,0.0,0.0,0.0004607244240131,0.0,0.0004607244240131,0.0004607244240131
Puerto Rico,1997,0.0,0.0,0.0,0.000347796184523,0.0,0.000347796184523,0.000347796184523
Puerto Rico,1998,0.0,0.0,0.0,0.0003522183200796,0.0,0.0003522183200796,0.0003522183200796
Puerto Rico,1999,0.0,0.0,0.0,0.0005415409985937,0.0,0.0005415409985937,0.0005415409985937
Puerto Rico,2000,0.0,0.0,0.0,0.0005186455282354,0.0,0.0005186455282354,0.0005186455282354
Puerto Rico,2001,0.0,0.0,0.0,0.000453814837206,0.0,0.000453814837206,0.000453814837206
Puerto Rico,2002,0.0,0.0,0.0,0.0003889841461765,0.0,0.0003889841461765,0.0003889841461765
Puerto Rico,2003,0.0,0.0,0.0,0.0003514505882121,0.0,0.0003514505882121,0.0003514505882121
Puerto Rico,2004,0.0,0.0,0.0,0.000481111970271,0.0,0.000481111970271,0.000481111970271
Puerto Rico,2005,0.0,0.0,0.0,0.0004718991878615,0.0,0.0004718991878615,0.0004718991878615
Puerto Rico,2006,0.0,0.0,0.0,0.0004845241119041,0.0,0.0004845241119041,0.0004845241119041
Puerto Rico,2007,0.0,0.0,0.0,0.0005595912278329,0.0,0.0005595912278329,0.0005595912278329
Puerto Rico,2008,0.0,0.0,0.0,0.0005322940947679,0.0,0.0005322940947679,0.0005322940947679
Puerto Rico,2009,0.0,0.0,0.0,0.0005964423574707,0.0,0.0005964423574707,0.0005964423574707
Puerto Rico,2010,0.0,0.0,0.0,0.0005486723746069,0.0,0.0005486723746069,0.0005486723746069
Puerto Rico,2011,0.0,0.0,0.0,0.0005179630999088,0.0,0.0005179630999088,0.0005179630999088
Puerto Rico,2012,0.0,0.0,0.0,0.0004196934208747,0.0,0.0004196934208747,0.0004196934208747
Puerto Rico,2013,0.0,0.0,0.0,0.0009997574985064,0.0,0.0009997574985064,0.0009997574985064
Puerto Rico,2014,0.0,0.0,0.0,0.0011806010050622,0.0,0.0011806010050622,0.0011806010050622
Puerto Rico,2015,0.0,0.0,0.0,0.0013270479838672,0.0,0.0013270479838672,0.0013270479838672
Puerto Rico,2016,0.0,0.0,0.0,0.0013633881922974,0.0,0.0013633881922974,0.0013633881922974
Puerto Rico,2017,0.0,0.0,0.0,0.0013210512349507,0.0,0.0013210512349507,0.0013210512349507
Puerto Rico,2018,0.0,0.0,0.0,0.001659608487979,0.0,0.001659608487979,0.001659608487979
Puerto Rico,2019,0.0,0.0,0.0,0.0025511578949221,0.0,0.0025511578949221,0.0025511578949221
Puerto Rico,2020,0.0,0.0,0.0,0.002662048697841,0.0,0.002662048697841,0.002662048697841
Puerto Rico,2021,0.0,0.0,0.0,0.003129999121795,0.0,0.003129999121795,0.003129999121795
Puerto Rico,2022,0.0,0.0,0.0,0.0036998267745274,0.0,0.0036998267745274,0.0036998267745274
Puerto Rico,2023,0.0,0.0,0.0,0.0037178595230411,0.0,0.0037178595230411,0.0037178595230411
Qatar,1980,0.0,0.192648,0.0,0.0,0.0,0.0,0.192648
Qatar,1981,0.0,0.164379,0.0,0.0,0.0,0.0,0.164379
Qatar,1982,0.0,0.194742,0.0,0.0,0.0,0.0,0.194742
Qatar,1983,0.0,0.182178,0.0,0.0,0.0,0.0,0.182178
Qatar,1984,0.0,0.218823,0.0,-1.0000000000000001e-39,0.9091815390147244,-1.0000000000000001e-39,1.1280045390147242
Qatar,1985,0.0,0.199977,0.0,0.0,0.6930725733513837,0.0,0.8930495733513838
Qatar,1986,0.0,0.202071,0.0,0.0,0.7373279901352058,0.0,0.9393989901352058
Qatar,1987,0.0,0.207306,0.0,0.0,0.6715013040488081,0.0,0.8788073040488082
Qatar,1988,0.0,0.216729,0.0,0.0,0.7323419258036579,0.0,0.949070925803658
Qatar,1989,0.0,0.225105,0.0,0.0,0.851896542823946,0.0,1.077001542823946
Qatar,1990,0.0,0.2324360747663545,0.0,-1.0000000000000001e-39,0.903716331402553,-1.0000000000000001e-39,1.1361524061689077
Qatar,1991,0.0,0.282117291,0.0,0.0,0.8852464756610795,0.0,1.1673637666610794
Qatar,1992,0.0,0.466621725,0.0,0.0,0.9087896912505524,0.0,1.3754114162505526
Qatar,1993,0.0,0.4991598675,0.0,1.0000000000000001e-39,0.9562487841530084,1.0000000000000001e-39,1.4554086516530085
Qatar,1994,0.0,0.49914678,0.0,1.0000000000000001e-39,0.9385014520256296,1.0000000000000001e-39,1.4376482320256294
Qatar,1995,0.0,0.49915725,0.0,0.0,1.048117346306768,0.0,1.547274596306768
Qatar,1996,0.0,0.5065548285,0.0,0.0,1.143806554995293,0.0,1.6503613834952928
Qatar,1997,0.0,0.643361607,0.0,0.0,1.427664498693554,0.0,2.071026105693554
Qatar,1998,0.0,0.7239666819,0.0,0.0,1.5167320645060032,0.0,2.2406987464060037
Qatar,1999,0.0,0.81529445025,0.0,0.0,1.5151536191759358,0.0,2.330448069425936
Qatar,2000,0.0,1.0759668255,0.0,0.0,1.6932035968193004,0.0,2.7691704223193003
Qatar,2001,0.0,0.983529813,0.0,0.0,1.7123602279630727,0.0,2.695890040963073
Qatar,2002,0.0,1.0907567475,0.0,0.0,1.6687241036210083,0.0,2.7594808511210083
Qatar,2003,0.0,1.161008877,0.0,0.0,2.0574826321242448,0.0,3.2184915091242448
Qatar,2004,0.0,1.44830311185,0.0,0.0,2.310499444107475,0.0,3.758802555957475
Qatar,2005,0.0,1.693446069,0.0,0.0,2.3780796101100536,0.0,4.071525679110054
Qatar,2006,0.0,1.8746226135,0.0,0.0,2.5090614920706,0.0,4.3836841055706
Qatar,2007,0.0,2.479649788,0.0,0.0,2.5913691177660936,0.0,5.071018905766094
Qatar,2008,0.0,3.020346840665,0.0,0.0,2.882750378209588,0.0,5.903097218874588
Qatar,2009,0.0,3.5036823745,0.0,0.0,2.8357404729899085,0.0,6.339422847489908
Qatar,2010,0.0,4.5787204155,0.0,0.0,3.2030661461543213,0.0,7.781786561654322
Qatar,2011,0.0,5.699702600515,0.0,3.4121416331e-06,3.474425412440212,3.4121416331e-06,9.174131425096846
Qatar,2012,0.0,6.161812018285,0.0,9.85760917528e-05,3.674779854108421,9.85760917528e-05,9.836690448485172
Qatar,2013,0.0,6.443283657195,0.0,0.0007381122379852,3.616717326289189,0.0007381122379852,10.060739095722171
Qatar,2014,0.0,6.27712358042,0.0,0.000992239186432,3.4675256317191234,0.000992239186432,9.745641451325556
Qatar,2015,0.0,6.436613713145,0.0,0.001131185953914,3.34570047816407,0.001131185953914,9.783445377262984
Qatar,2016,0.0,6.5203011825611,0.0,0.001164245126153,3.3239961915796847,0.001164245126153,9.845461619266938
Qatar,2017,0.0,6.5269318353184,0.0,0.0012171883237496,3.245008043643625,0.0012171883237496,9.773157067285776
Qatar,2018,0.0,6.491788349574,0.0,0.0012577530075317,3.244285923487856,0.0012577530075317,9.737332026069389
Qatar,2019,0.0,6.570275466744,0.0,0.0010794956083215,3.082167060037067,0.0010794956083215,9.653522022389389
Qatar,2020,0.0,6.536303430954,0.0,0.0012042927884743,3.182200709841728,0.0012042927884743,9.719708433584202
Qatar,2021,0.0,6.594875906454,0.0,0.0012139434890611,3.206536223520831,0.0012139434890611,9.802626073463893
Qatar,2022,0.0,6.647981617574,0.0,0.0012041699513755,3.2027692901702247,0.0012041699513755,9.8519550776956
Qatar,2023,0.0,6.740682322132,0.0,0.0012041699513755,3.243054260530127,0.0012041699513755,9.984940752613502
Reunion,1980,0.0,0.0,0.0,0.0010304667732046,0.0,0.0010304667732046,0.0010304667732046
Reunion,1981,0.0,0.0,0.0,0.0012624924042573,0.0,0.0012624924042573,0.0012624924042573
Reunion,1982,0.0,0.0,0.0,0.0014399237691799,0.0,0.0014399237691799,0.0014399237691799
Reunion,1983,0.0,0.0,0.0,0.0014603966189787,0.0,0.0014603966189787,0.0014603966189787
Reunion,1984,0.0,0.0,0.0,0.0013785052197836,0.0,0.0013785052197836,0.0013785052197836
Reunion,1985,0.0,0.0,0.0,0.0016480644088007,0.0,0.0016480644088007,0.0016480644088007
Reunion,1986,0.0,0.0,0.0,0.0016958343916645,0.0,0.0016958343916645,0.0016958343916645
Reunion,1987,0.0,0.0,0.0,0.001787962215759,0.0,0.001787962215759,0.001787962215759
Reunion,1988,0.0,0.0,0.0,0.0014262752026474,0.0,0.0014262752026474,0.0014262752026474
Reunion,1989,0.0,0.0,0.0,0.0016787736834989,0.0,0.0016787736834989,0.0016787736834989
Reunion,1990,0.0,0.0,0.0,0.0018562050484215,0.0,0.0018562050484215,0.0018562050484215
Reunion,1991,0.0,0.0,0.0,0.0015559365847063,0.0,0.0015559365847063,0.0015559365847063
Reunion,1992,0.0,0.0,0.0,0.0016719494002326,0.0,0.0016719494002326,0.0016719494002326
Reunion,1993,0.0,0.0,0.0,0.001682185825132,0.0,0.001682185825132,0.001682185825132
Reunion,1994,0.0,0.0,0.0,0.001682185825132,0.0,0.001682185825132,0.001682185825132
Reunion,1995,0.0,0.0,0.0,0.0016958343916645,0.0,0.0016958343916645,0.0016958343916645
Reunion,1996,0.0,0.0,0.0,0.0017060708165639,0.0,0.0017060708165639,0.0017060708165639
Reunion,1997,0.0,0.0,0.0,0.0018391443402559,0.0,0.0018391443402559,0.0018391443402559
Reunion,1998,0.0,0.0,0.0,0.0018800900398534,0.0,0.0018800900398534,0.0018800900398534
Reunion,1999,0.0,0.0,0.0,0.0018869143231197,0.0,0.0018869143231197,0.0018869143231197
Reunion,2000,0.0,0.0,0.0,0.0045528979842955,0.0,0.0045528979842955,0.0045528979842955
Reunion,2001,0.0,0.0,0.0,0.0045011748373415,0.0,0.0045011748373415,0.0045011748373415
Reunion,2002,0.0,0.0,0.0,0.0043933033597504,0.0,0.0043933033597504,0.0043933033597504
Reunion,2003,0.0,0.0,0.0,0.0043008425218331,0.0,0.0043008425218331,0.0043008425218331
Reunion,2004,0.0,0.0,0.0,0.0049004234095797,0.0,0.0049004234095797,0.0049004234095797
Reunion,2005,0.0,0.0,0.0,0.0046025380447835,0.0,0.0046025380447835,0.0046025380447835
Reunion,2006,0.0,0.0,0.0,0.0047041022605691,0.0,0.0047041022605691,0.0047041022605691
Reunion,2007,0.0,0.0,0.0,0.0049343580181569,0.0,0.0049343580181569,0.0049343580181569
Reunion,2008,0.0,0.0,0.0,0.0047995866239887,0.0,0.0047995866239887,0.0047995866239887
Reunion,2009,0.0,0.0,0.0,0.0045738978559702,0.0,0.0045738978559702,0.0045738978559702
Reunion,2010,0.0,0.0,0.0,0.0047770438882719,0.0,0.0047770438882719,0.0047770438882719
Reunion,2011,0.0,0.0,,0.0,0.0,0.0,0.0
Reunion,2012,0.0,,,0.0,0.0,0.0,0.0
Reunion,2013,0.0,,,0.0,0.0,0.0,0.0
Reunion,2014,0.0,,,0.0,0.0,0.0,0.0
Reunion,2015,0.0,,,0.0,0.0,0.0,0.0
Reunion,2016,0.0,,,0.0,0.0,0.0,0.0
Reunion,2017,0.0,,,0.0,0.0,0.0,0.0
Reunion,2018,0.0,,,0.0,0.0,0.0,0.0
Reunion,2019,0.0,,,0.0,0.0,0.0,0.0
Reunion,2020,0.0,,,0.0,0.0,0.0,0.0
Reunion,2021,0.0,,,0.0,0.0,0.0,0.0
Reunion,2022,0.0,,,0.0,0.0,0.0,0.0
Reunion,2023,0.0,,,0.0,0.0,0.0,0.0
Romania,1980,0.2731707938671515,1.284,0.0,0.042672243263898,0.0,0.042672243263898,1.5998430371310497
Romania,1981,0.2868666222594785,1.3268,0.0,0.0430100452855776,0.0,0.0430100452855776,1.6566766675450562
Romania,1982,0.2940990761637647,1.4445,0.0,0.0400278334982238,0.0,0.0400278334982238,1.7786269096619889
Romania,1983,0.3458759883786596,1.498,0.0,0.0338962149834929,0.0,0.0338962149834929,1.877772203362153
Romania,1984,0.3439882479933304,1.43166,0.0,0.0382432834240979,0.5224973395358631,0.0382432834240979,2.336388870953292
Romania,1985,0.3618635180618185,1.35997,0.0,0.0401745555884483,0.4915287068181816,0.0401745555884483,2.2535367804684485
Romania,1986,0.3691581197977204,1.4338,0.0,0.0364723819165045,0.4641031426470585,0.0364723819165045,2.3035336443612837
Romania,1987,0.4002631095214172,1.40919,0.0,0.0378270021448563,0.4366846063953489,0.0378270021448563,2.2839647180616227
Romania,1988,0.4564292123441765,1.3696,0.0,0.0459990813561977,0.4302687019999969,0.0459990813561977,2.302296995700371
Romania,1989,0.4765418043508326,1.2091,0.0,0.0426483582724661,0.4200819992622921,0.0426483582724661,2.148372161885591
Romania,1990,0.2966238318231557,1.07107,0.0,0.0370968038353669,0.3639941899453526,0.0370968038353669,1.7687848256038754
Romania,1991,0.2518074767492279,0.883884,0.0,0.0481350820185358,0.3115901163934404,0.0481350820185358,1.495416675161204
Romania,1992,0.2980765373871745,0.78392237,0.0,0.040112355006591,0.2991950747213093,0.040112355006591,1.421306337115075
Romania,1993,0.3088048068198482,0.745107147,0.0,0.043840820769882,0.3012088810655716,0.043840820769882,1.3989616556553015
Romania,1994,0.314988516065618,0.69112818,0.0,0.0440712213334804,0.3014269509672109,0.0440712213334804,1.3516148683663094
Romania,1995,0.3194476229840501,0.68060664,0.0,0.0564199899132348,0.3022662784822382,0.0564199899132348,1.358740531379523
Romania,1996,0.3252584452401253,0.6310887,0.01085675064822,0.0640759237001165,0.2995418779999979,0.0532191730518964,1.3199649469402397
Romania,1997,0.2626289679293252,0.610179633,0.0612060055239102,0.120464416255941,0.2958949242472656,0.0592584107320308,1.289167941432532
Romania,1998,0.2037749713891836,0.512505406,0.0584594265673388,0.1223445253465853,0.2834045122814187,0.0638850987792465,1.1220294150171877
Romania,1999,0.1777583353790286,0.498965635,0.0573856819977346,0.1191693305487822,0.2785775510860636,0.0617836485510476,1.0744708520138744
Romania,2000,0.2274999061085068,0.47788258,0.0623368375131316,0.1127614665674963,0.2744744804720472,0.0504246290543647,1.0926184331480504
Romania,2001,0.2586048958322036,0.5024794775,0.0600939044121807,0.1110132940033489,0.2735303847317084,0.0509193895911682,1.145628052067261
Romania,2002,0.2362705188452834,0.4682804315,0.0609648305630818,0.1157465754751055,0.2662190531502494,0.0547817449120236,1.0865165789706384
Romania,2003,0.2568492195890579,0.433505751,0.054164448288922,0.0994364104634406,0.2572851649494517,0.0452719621745185,1.0470765460019502
Romania,2004,0.2469754828411011,0.415050132,0.0628856402931515,0.1192704007440617,0.2489451003565556,0.0563847604509101,1.0302411159417186
Romania,2005,0.2416463062800482,0.4111195725,0.0610006220487353,0.1300197639347817,0.2342130740040967,0.0690191418860464,1.0169987167189267
Romania,2006,0.2712985904397262,0.4465115592,0.0617761042378939,0.1244490537025529,0.2175121378729492,0.0626729494646589,1.0597713412152283
Romania,2007,0.2779561769015664,0.4287975552,0.0844500103993689,0.1401451098988606,0.2215031268838782,0.0556950994994916,1.0684019688843052
Romania,2008,0.2785854236966761,0.4000709216,0.1232897375809957,0.1857848165678151,0.2148846658163919,0.0624950789868193,1.0793258276808833
Romania,2009,0.2638253136879289,0.3804527328,0.1290879582568583,0.1855431071707788,0.2065558036950805,0.0564551489139205,1.0363769573537884
Romania,2010,0.2418094443380396,0.3709939632,0.1277159513068085,0.1991597242782578,0.1960639272609275,0.0714437729714493,1.0080270590772251
Romania,2011,0.2758742245424379,0.37176467776,0.1289805837998979,0.191292323738777,0.1921455111262773,0.0623117399388791,1.0310767371674925
Romania,2012,0.2637010180246973,0.37225513248,0.1260337514810953,0.1834654792134777,0.1853602405963156,0.0574317277323823,1.0047818703144906
Romania,2013,0.1920445681717055,0.37271055472,0.1276061907508045,0.2037441646296827,0.1885815049339877,0.0761379738788782,0.957080792455376
Romania,2014,0.1858293475923312,0.37551958045,0.1283005455724819,0.2280970716265163,0.1870583351392227,0.0997965260540343,0.9765043348080704
Romania,2015,0.1967916246174865,0.377969382,0.1276324378402837,0.2263656293969911,0.1811222085792336,0.0987331915567073,0.9822488445937112
Romania,2016,0.1769789592915584,0.3331383944763,0.1236715134279661,0.2262039194160406,0.16819936619672,0.1025324059880745,0.9045206393806192
Romania,2017,0.1981978836791063,0.3809441157545,0.1259609754602666,0.2187999778363553,0.155719908842895,0.0928390023760886,0.9536618861128566
Romania,2018,0.1819955087386505,0.370347892354,0.1245746519159554,0.223902163615591,0.153377691979507,0.0993275116996356,0.9296232566877488
Romania,2019,0.1666420189917986,0.3592486791737,0.1234257452264789,0.2189476930298045,0.15250414942213,0.0955219478033255,0.8973425406174331
Romania,2020,0.1154593804938954,0.3228564732664,0.1259473971274193,0.224164531981775,0.1492659679472065,0.0982171348543557,0.8117463536892771
Romania,2021,0.136477882568874,0.3236822040973,0.1237998953995494,0.2265706170121356,0.1432928310872011,0.1027707216125861,0.8300235347655108
Romania,2022,0.138596466907517,0.3279283075087,0.121691764537416,0.2148266367999027,0.1349609095137422,0.0931348722624867,0.816312320729862
Romania,2023,0.1125867334702473,0.3370828543347,0.123805200921872,0.2335244781861554,0.1288871665392668,0.1097192772642834,0.8120812325303696
Russia,1992,7.574643988696136,22.79665584,1.2541896196206008,1.85393334612648,16.544766056999393,0.5997437265058795,48.76999923182201
Russia,1993,6.870332370028297,21.98859264,1.2490890479031505,1.8530332367642257,14.554033989158814,0.6039441888610751,45.26599223595134
Russia,1994,6.115188232081273,21.62193264,1.0248398396386589,1.6326232198590862,13.747722581939684,0.6077833802204275,43.117466673880045
Russia,1995,5.889409733799231,21.17340288,1.0405582420871045,1.6494862098177254,13.28763653572694,0.6089279677306211,41.99993535934389
Russia,1996,5.762919058613841,20.0434696875,1.1396669059462514,1.6737981929734378,12.98171086241385,0.5341312870271865,40.46189780150113
Russia,1997,5.505362578592919,19.070693292,1.1526828462193504,1.6973721354941371,13.124888471680247,0.544689289274787,39.3983164777673
Russia,1998,5.240617358769488,19.7299007395,1.0846249212320451,1.6356231393814629,12.98954039610909,0.5509982181494177,39.59568163376005
Russia,1999,5.634968153979891,19.769096858,1.2233880810927094,1.786855223809385,13.059541108796932,0.5634671427166756,40.250461344586206
Russia,2000,5.742781649810948,19.5089771625,1.350734717069766,1.9366846210137632,14.0145869703459,0.5859499039439973,41.20303040367061
Russia,2001,5.930227168825991,19.3949520905,1.382778197148878,2.0061032304811386,15.121685457578462,0.6233250333322606,42.45296794738559
Russia,2002,5.682175597890827,19.861742229,1.477210996919582,2.0597668989834066,16.57279115620183,0.5825559020638246,44.17647588207606
Russia,2003,6.122906550174814,20.6919872845,1.5546285704125349,2.105553578523108,18.361999808633712,0.5509250081105735,47.28244722183163
Russia,2004,6.160280453748546,21.537008136,1.512905706831032,2.132347342969019,20.08845787882185,0.6194416361379871,49.91809381153941
Russia,2005,6.7297090605514285,21.77614719,1.5147744291540275,2.131774129930764,20.589103507624568,0.6169997007767364,51.22673388810677
Russia,2006,6.748356448355533,22.301528445,1.591888389371927,2.212169448353157,20.76797027525992,0.620281058981231,52.03002461696861
Russia,2007,6.8493096501754085,22.156595685,1.628692754463579,2.25422354735377,21.40894759627089,0.6255307928901909,52.66907647880007
Russia,2008,7.246705942013786,22.07439,1.6734617505631937,2.262329765633818,20.89572998203989,0.5888680150706241,52.479155689687495
Russia,2009,6.52836344878643,19.804878,1.6813834603870594,2.3031141595407845,21.19491541877544,0.6217306991537249,49.83127102710265
Russia,2010,7.061007789189434,22.0156485759,1.753356527674632,2.3502211506730357,21.67450829037852,0.5968646229984031,53.10138580614099
Russia,2011,6.998486442482391,22.7856038634,1.7810415289131096,2.3757053965613,21.900695442643617,0.5946638676481903,54.06049114508731
Russia,2012,7.77195772911262,22.3073257554,1.8280392831674936,2.424618046300262,22.3350635585888,0.5965787631327683,54.83896508940168
Russia,2013,8.278697648816987,22.7149491429,1.7740225908055092,2.4215795069686323,22.61344272836999,0.6475569161631229,56.02866902705561
Russia,2014,8.503512861422118,22.0265185329,1.8575942610858336,2.4875668763497303,22.78217084689252,0.6299726152638964,55.79976911756437
Russia,2015,8.847654394942165,22.0910136111,1.9946899737331447,2.5973846477286417,23.150841769074823,0.6026946739954969,56.68689442284563
Russia,2016,9.136911533596946,22.315548782093,2.001670336478037,2.657944441479224,23.72304732479568,0.6562741050011868,57.83345208196485
Russia,2017,9.834606669509968,25.285751122194384,2.067586447561705,2.7274166410710485,23.66938662875804,0.6598301935093439,61.51716106153344
Russia,2018,10.405355607232623,26.504075031118592,1.9764128830772043,2.657109494621772,23.99883988189952,0.6806966115445672,63.5653800148725
Russia,2019,10.516584403331125,26.892987976600494,2.105803823910437,2.802635615503293,24.189463730735145,0.6968317915928561,64.40167172617006
Russia,2020,9.651781076455723,25.34955519224621,2.285408494529624,3.0547059810700232,22.1511299215671,0.7692974865403996,60.20717217133906
Russia,2021,10.46956892242609,27.792305521256697,2.3562975236083408,3.143279956425613,22.667889652073217,0.7869824328172722,64.07304405218161
Russia,2022,10.191546030633168,24.616587649123726,2.366202072692233,3.1019131660093997,23.10454664427861,0.7357110933171657,61.0145934900449
Russia,2023,10.631684637970206,23.27095558993787,2.298702835513021,3.044614868046887,22.96853437695787,0.7459120325338655,59.915789472912834
Rwanda,1980,0.0,0.0,0.0,0.0003787477212772,0.0,0.0003787477212772,0.0003787477212772
Rwanda,1981,0.0,0.0,0.0,0.0003514505882121,0.0,0.0003514505882121,0.0003514505882121
Rwanda,1982,0.0,0.0,0.0,0.000453814837206,0.0,0.000453814837206,0.000453814837206
Rwanda,1983,0.0,0.0,0.0,0.0005152333866023,0.0,0.0005152333866023,0.0005152333866023
Rwanda,1984,0.0,0.0,0.0,0.0005493548029335,0.0,0.0005493548029335,0.0005493548029335
Rwanda,1985,0.0,0.0,0.0,0.0005527669445667,0.0,0.0005527669445667,0.0005527669445667
Rwanda,1986,0.0,0.0,0.0,0.000508409103336,0.0,0.000508409103336,0.000508409103336
Rwanda,1987,0.0,0.0,0.0,0.0005595912278329,0.0,0.0005595912278329,0.0005595912278329
Rwanda,1988,0.0,0.0,0.0,0.0005698276527323,0.0,0.0005698276527323,0.0005698276527323
Rwanda,1989,0.0,0.0,0.0,0.0005834762192648,0.0,0.0005834762192648,0.0005834762192648
Rwanda,1990,0.0,0.0,0.0,0.0005630033694661,0.0,0.0005630033694661,0.0005630033694661
Rwanda,1991,0.0,0.0,0.0,0.0005561790861998,0.0,0.0005561790861998,0.0005561790861998
Rwanda,1992,0.0,0.0,0.0,0.0005800640776317,0.0,0.0005800640776317,0.0005800640776317
Rwanda,1993,0.0,0.0,0.0,0.0005220576698685,0.0,0.0005220576698685,0.0005220576698685
Rwanda,1994,0.0,0.0,0.0,0.0005322940947679,0.0,0.0005322940947679,0.0005322940947679
Rwanda,1995,0.0,0.0,0.0,0.0005391183780342,0.0,0.0005391183780342,0.0005391183780342
Rwanda,1996,0.0,0.0,0.0,0.0004776998286379,0.0,0.0004776998286379,0.0004776998286379
Rwanda,1997,0.0,0.0,0.0,0.0005459426613004,0.0,0.0005459426613004,0.0005459426613004
Rwanda,1998,0.0,0.0,0.0,0.0005459426613004,0.0,0.0005459426613004,0.0005459426613004
Rwanda,1999,0.0,0.0,0.0,0.0004333419874072,0.0,0.0004333419874072,0.0004333419874072
Rwanda,2000,0.0,0.0,0.0,0.0003684762949249,0.0,0.0003684762949249,0.0003684762949249
Rwanda,2001,0.0,0.0,0.0,0.0003140140342742,0.0,0.0003140140342742,0.0003140140342742
Rwanda,2002,0.0,0.0,0.0,0.0003445633023307,0.0,0.0003445633023307,0.0003445633023307
Rwanda,2003,0.0,0.0,0.0,0.0004127581330008,0.0,0.0004127581330008,0.0004127581330008
Rwanda,2004,0.0,0.0,0.0,0.0002966363129498,0.0,0.0002966363129498,0.0002966363129498
Rwanda,2005,0.0,0.0,0.0,0.0003478014367411,0.0,0.0003478014367411,0.0003478014367411
Rwanda,2006,0.0,0.0,0.0,0.0004432613991478,0.0,0.0004432613991478,0.0004432613991478
Rwanda,2007,0.0,0.0,0.0,0.0004367325281437,0.0,0.0004367325281437,0.0004367325281437
Rwanda,2008,0.0,0.0,0.0,0.0005462430737701,0.0,0.0005462430737701,0.0005462430737701
Rwanda,2009,0.0,0.0,0.0,0.0005695580415411,0.0,0.0005695580415411,0.0005695580415411
Rwanda,2010,0.0,0.0,0.0,0.0004023551011858,0.0,0.0004023551011858,0.0004023551011858
Rwanda,2011,0.0,0.0,0.0,0.0005285243382907,0.0,0.0005285243382907,0.0005285243382907
Rwanda,2012,0.0,0.0,0.0,0.0006400425672532,0.0,0.0006400425672532,0.0006400425672532
Rwanda,2013,0.0,0.0,0.0,0.0005206676121692,0.0,0.0005206676121692,0.0005206676121692
Rwanda,2014,0.0,0.0,0.0,0.0007321583908495,0.0,0.0007321583908495,0.0007321583908495
Rwanda,2015,0.0,0.0,0.0,0.0010320448387078,0.0,0.0010320448387078,0.0010320448387078
Rwanda,2016,0.0,0.0,0.0,0.0011205865139464,0.0,0.0011205865139464,0.0011205865139464
Rwanda,2017,0.0,0.00110020513512,0.0,0.0010250085466414,0.0,0.0010250085466414,0.0021252136817614
Rwanda,2018,0.0,0.00181196281448,0.0,0.0011616174170806,0.0,0.0011616174170806,0.0029735802315606
Rwanda,2019,0.0,0.0022138251772,0.0,0.0014983389939125,0.0,0.0014983389939125,0.0037121641711125
Rwanda,2020,0.0,0.00215724131896,0.0,0.0019320993986877,0.0,0.0019320993986877,0.0040893407176477
Rwanda,2021,0.0,0.00229892028184,0.0,0.0020000010171869,0.0,0.0020000010171869,0.0042989212990269
Rwanda,2022,0.0,0.0023382877336,0.0,0.0020341224335182,0.0,0.0020341224335182,0.0043724101671182
Rwanda,2023,0.0,0.0023382877336,0.0,0.0020341224335182,0.0,0.0020341224335182,0.0043724101671182
Saint Helena,1980,0.0,0.0,0.0,0.0,0.0,0.0,0.0
Saint Helena,1981,0.0,0.0,0.0,0.0,0.0,0.0,0.0
Saint Helena,1982,0.0,0.0,0.0,0.0,0.0,0.0,0.0
Saint Helena,1983,0.0,0.0,0.0,0.0,0.0,0.0,0.0
Saint Helena,1984,0.0,0.0,0.0,0.0,0.0,0.0,0.0
Saint Helena,1985,0.0,0.0,0.0,0.0,0.0,0.0,0.0
Saint Helena,1986,0.0,0.0,0.0,0.0,0.0,0.0,0.0
Saint Helena,1987,0.0,0.0,0.0,0.0,0.0,0.0,0.0
Saint Helena,1988,0.0,0.0,0.0,0.0,0.0,0.0,0.0
Saint Helena,1989,0.0,0.0,0.0,0.0,0.0,0.0,0.0
Saint Helena,1990,0.0,0.0,0.0,0.0,0.0,0.0,0.0
Saint Helena,1991,0.0,0.0,0.0,0.0,0.0,0.0,0.0
Saint Helena,1992,0.0,0.0,0.0,0.0,0.0,0.0,0.0
Saint Helena,1993,0.0,0.0,0.0,0.0,0.0,0.0,0.0
Saint Helena,1994,0.0,0.0,0.0,0.0,0.0,0.0,0.0
Saint Helena,1995,0.0,0.0,0.0,0.0,0.0,0.0,0.0
Saint Helena,1996,0.0,0.0,0.0,0.0,0.0,0.0,0.0
Saint Helena,1997,0.0,0.0,0.0,0.0,0.0,0.0,0.0
Saint Helena,1998,0.0,0.0,0.0,0.0,0.0,0.0,0.0
Saint Helena,1999,0.0,0.0,0.0,0.0,0.0,0.0,0.0
Saint Helena,2000,0.0,0.0,0.0,0.0,0.0,0.0,0.0
Saint Helena,2001,0.0,0.0,0.0,0.0,0.0,0.0,0.0
Saint Helena,2002,0.0,0.0,0.0,0.0,0.0,0.0,0.0
Saint Helena,2003,0.0,0.0,0.0,0.0,0.0,0.0,0.0
Saint Helena,2004,0.0,0.0,0.0,0.0,0.0,0.0,0.0
Saint Helena,2005,0.0,0.0,0.0,0.0,0.0,0.0,0.0
Saint Helena,2006,0.0,0.0,0.0,0.0,0.0,0.0,0.0
Saint Helena,2007,0.0,0.0,0.0,0.0,0.0,0.0,0.0
Saint Helena,2008,0.0,0.0,0.0,0.0,0.0,0.0,0.0
Saint Helena,2009,0.0,0.0,0.0,0.0,0.0,0.0,0.0
Saint Helena,2010,0.0,0.0,0.0,0.0,0.0,0.0,0.0
Saint Helena,2011,0.0,0.0,0.0,0.0,0.0,0.0,0.0
Saint Helena,2012,0.0,0.0,0.0,0.0,0.0,0.0,0.0
Saint Helena,2013,0.0,0.0,0.0,0.0,0.0,0.0,0.0
Saint Helena,2014,0.0,0.0,0.0,0.0,0.0,0.0,0.0
Saint Helena,2015,0.0,0.0,0.0,0.0,0.0,0.0,0.0
Saint Helena,2016,0.0,0.0,0.0,0.0,0.0,0.0,0.0
Saint Helena,2017,0.0,0.0,0.0,0.0,0.0,0.0,0.0
Saint Helena,2018,0.0,0.0,0.0,0.0,0.0,0.0,0.0
Saint Helena,2019,0.0,0.0,0.0,0.0,0.0,0.0,0.0
Saint Helena,2020,0.0,0.0,0.0,0.0,0.0,0.0,0.0
Saint Helena,2021,0.0,0.0,0.0,0.0,0.0,0.0,0.0
Saint Helena,2022,0.0,0.0,0.0,0.0,0.0,0.0,0.0
Saint Helena,2023,0.0,0.0,0.0,0.0,0.0,0.0,0.0
Saint Kitts and Nevis,1980,0.0,0.0,0.0,0.0,0.0,0.0,0.0
Saint Kitts and Nevis,1981,0.0,0.0,0.0,0.0,0.0,0.0,0.0
Saint Kitts and Nevis,1982,0.0,0.0,0.0,0.0,0.0,0.0,0.0
Saint Kitts and Nevis,1983,0.0,0.0,0.0,0.0,0.0,0.0,0.0
Saint Kitts and Nevis,1984,0.0,0.0,0.0,0.0,0.0,0.0,0.0
Saint Kitts and Nevis,1985,0.0,0.0,0.0,0.0,0.0,0.0,0.0
Saint Kitts and Nevis,1986,0.0,0.0,0.0,0.0,0.0,0.0,0.0
Saint Kitts and Nevis,1987,0.0,0.0,0.0,0.0,0.0,0.0,0.0
Saint Kitts and Nevis,1988,0.0,0.0,0.0,0.0,0.0,0.0,0.0
Saint Kitts and Nevis,1989,0.0,0.0,0.0,0.0,0.0,0.0,0.0
Saint Kitts and Nevis,1990,0.0,0.0,0.0,0.0,0.0,0.0,0.0
Saint Kitts and Nevis,1991,0.0,0.0,0.0,0.0,0.0,0.0,0.0
Saint Kitts and Nevis,1992,0.0,0.0,0.0,0.0,0.0,0.0,0.0
Saint Kitts and Nevis,1993,0.0,0.0,0.0,0.0,0.0,0.0,0.0
Saint Kitts and Nevis,1994,0.0,0.0,0.0,0.0,0.0,0.0,0.0
Saint Kitts and Nevis,1995,0.0,0.0,0.0,0.0,0.0,0.0,0.0
Saint Kitts and Nevis,1996,0.0,0.0,0.0,0.0,0.0,0.0,0.0
Saint Kitts and Nevis,1997,0.0,0.0,0.0,0.0,0.0,0.0,0.0
Saint Kitts and Nevis,1998,0.0,0.0,0.0,0.0,0.0,0.0,0.0
Saint Kitts and Nevis,1999,0.0,0.0,0.0,0.0,0.0,0.0,0.0
Saint Kitts and Nevis,2000,0.0,0.0,0.0,0.0,0.0,0.0,0.0
Saint Kitts and Nevis,2001,0.0,0.0,0.0,0.0,0.0,0.0,0.0
Saint Kitts and Nevis,2002,0.0,0.0,0.0,0.0,0.0,0.0,0.0
Saint Kitts and Nevis,2003,0.0,0.0,0.0,0.0,0.0,0.0,0.0
Saint Kitts and Nevis,2004,0.0,0.0,0.0,0.0,0.0,0.0,0.0
Saint Kitts and Nevis,2005,0.0,0.0,0.0,0.0,0.0,0.0,0.0
Saint Kitts and Nevis,2006,0.0,0.0,0.0,0.0,0.0,0.0,0.0
Saint Kitts and Nevis,2007,0.0,0.0,0.0,0.0,0.0,0.0,0.0
Saint Kitts and Nevis,2008,0.0,0.0,0.0,0.0,0.0,0.0,0.0
Saint Kitts and Nevis,2009,0.0,0.0,0.0,0.0,0.0,0.0,0.0
Saint Kitts and Nevis,2010,0.0,0.0,0.0,0.0,0.0,0.0,0.0
Saint Kitts and Nevis,2011,0.0,0.0,0.0,1.70607081656e-05,0.0,1.70607081656e-05,1.70607081656e-05
Saint Kitts and Nevis,2012,0.0,0.0,0.0,2.7297133065e-05,0.0,2.7297133065e-05,2.7297133065e-05
Saint Kitts and Nevis,2013,0.0,0.0,0.0,2.7297133065e-05,0.0,2.7297133065e-05,2.7297133065e-05
Saint Kitts and Nevis,2014,0.0,0.0,0.0,2.7297133065e-05,0.0,2.7297133065e-05,2.7297133065e-05
Saint Kitts and Nevis,2015,0.0,0.0,0.0,2.7297133065e-05,0.0,2.7297133065e-05,2.7297133065e-05
Saint Kitts and Nevis,2016,0.0,0.0,0.0,2.7297133065e-05,0.0,2.7297133065e-05,2.7297133065e-05
Saint Kitts and Nevis,2017,0.0,0.0,0.0,1.70607081656e-05,0.0,1.70607081656e-05,1.70607081656e-05
Saint Kitts and Nevis,2018,0.0,0.0,0.0,3.07092746981e-05,0.0,3.07092746981e-05,3.07092746981e-05
Saint Kitts and Nevis,2019,0.0,0.0,0.0,3.07092746981e-05,0.0,3.07092746981e-05,3.07092746981e-05
Saint Kitts and Nevis,2020,0.0,0.0,0.0,3.75335579644e-05,0.0,3.75335579644e-05,3.75335579644e-05
Saint Kitts and Nevis,2021,0.0,0.0,0.0,3.75335579644e-05,0.0,3.75335579644e-05,3.75335579644e-05
Saint Kitts and Nevis,2022,0.0,0.0,0.0,3.75335579644e-05,0.0,3.75335579644e-05,3.75335579644e-05
Saint Kitts and Nevis,2023,0.0,0.0,0.0,3.75335579644e-05,0.0,3.75335579644e-05,3.75335579644e-05
Saint Lucia,1980,0.0,0.0,0.0,0.0,0.0,0.0,0.0
Saint Lucia,1981,0.0,0.0,0.0,0.0,0.0,0.0,0.0
Saint Lucia,1982,0.0,0.0,0.0,0.0,0.0,0.0,0.0
Saint Lucia,1983,0.0,0.0,0.0,0.0,0.0,0.0,0.0
Saint Lucia,1984,0.0,0.0,0.0,0.0,0.0,0.0,0.0
Saint Lucia,1985,0.0,0.0,0.0,0.0,0.0,0.0,0.0
Saint Lucia,1986,0.0,0.0,0.0,0.0,0.0,0.0,0.0
Saint Lucia,1987,0.0,0.0,0.0,0.0,0.0,0.0,0.0
Saint Lucia,1988,0.0,0.0,0.0,0.0,0.0,0.0,0.0
Saint Lucia,1989,0.0,0.0,0.0,0.0,0.0,0.0,0.0
Saint Lucia,1990,0.0,0.0,0.0,0.0,0.0,0.0,0.0
Saint Lucia,1991,0.0,0.0,0.0,0.0,0.0,0.0,0.0
Saint Lucia,1992,0.0,0.0,0.0,0.0,0.0,0.0,0.0
Saint Lucia,1993,0.0,0.0,0.0,0.0,0.0,0.0,0.0
Saint Lucia,1994,0.0,0.0,0.0,0.0,0.0,0.0,0.0
Saint Lucia,1995,0.0,0.0,0.0,0.0,0.0,0.0,0.0
Saint Lucia,1996,0.0,0.0,0.0,0.0,0.0,0.0,0.0
Saint Lucia,1997,0.0,0.0,0.0,0.0,0.0,0.0,0.0
Saint Lucia,1998,0.0,0.0,0.0,0.0,0.0,0.0,0.0
Saint Lucia,1999,0.0,0.0,0.0,0.0,0.0,0.0,0.0
Saint Lucia,2000,0.0,0.0,0.0,0.0,0.0,0.0,0.0
Saint Lucia,2001,0.0,0.0,0.0,0.0,0.0,0.0,0.0
Saint Lucia,2002,0.0,0.0,0.0,0.0,0.0,0.0,0.0
Saint Lucia,2003,0.0,0.0,0.0,0.0,0.0,0.0,0.0
Saint Lucia,2004,0.0,0.0,0.0,0.0,0.0,0.0,0.0
Saint Lucia,2005,0.0,0.0,0.0,0.0,0.0,0.0,0.0
Saint Lucia,2006,0.0,0.0,0.0,0.0,0.0,0.0,0.0
Saint Lucia,2007,0.0,0.0,0.0,0.0,0.0,0.0,0.0
Saint Lucia,2008,0.0,0.0,0.0,0.0,0.0,0.0,0.0
Saint Lucia,2009,0.0,0.0,0.0,0.0,0.0,0.0,0.0
Saint Lucia,2010,0.0,0.0,0.0,0.0,0.0,0.0,0.0
Saint Lucia,2011,0.0,0.0,0.0,0.0,0.0,0.0,0.0
Saint Lucia,2012,0.0,0.0,0.0,3.41214163312794e-07,0.0,3.41214163312794e-07,3.41214163312794e-07
Saint Lucia,2013,0.0,0.0,0.0,3.41214163312794e-07,0.0,3.41214163312794e-07,3.41214163312794e-07
Saint Lucia,2014,0.0,0.0,0.0,6.82428326625588e-07,0.0,6.82428326625588e-07,6.82428326625588e-07
Saint Lucia,2015,0.0,0.0,0.0,4.0945699597e-06,0.0,4.0945699597e-06,4.0945699597e-06
Saint Lucia,2016,0.0,0.0,0.0,4.435784123e-06,0.0,4.435784123e-06,4.435784123e-06
Saint Lucia,2017,0.0,0.0,0.0,4.435784123e-06,0.0,4.435784123e-06,4.435784123e-06
Saint Lucia,2018,0.0,0.0,0.0,2.04728497987e-05,0.0,2.04728497987e-05,2.04728497987e-05
Saint Lucia,2019,0.0,0.0,0.0,2.7297133065e-05,0.0,2.7297133065e-05,2.7297133065e-05
Saint Lucia,2020,0.0,0.0,0.0,2.7297133065e-05,0.0,2.7297133065e-05,2.7297133065e-05
Saint Lucia,2021,0.0,0.0,0.0,2.7297133065e-05,0.0,2.7297133065e-05,2.7297133065e-05
Saint Lucia,2022,0.0,0.0,0.0,2.7297133065e-05,0.0,2.7297133065e-05,2.7297133065e-05
Saint Lucia,2023,0.0,0.0,0.0,2.7297133065e-05,0.0,2.7297133065e-05,2.7297133065e-05
Saint Pierre and Miquelon,1980,0.0,0.0,0.0,0.0,0.0,0.0,0.0
Saint Pierre and Miquelon,1981,0.0,0.0,0.0,0.0,0.0,0.0,0.0
Saint Pierre and Miquelon,1982,0.0,0.0,0.0,0.0,0.0,0.0,0.0
Saint Pierre and Miquelon,1983,0.0,0.0,0.0,0.0,0.0,0.0,0.0
Saint Pierre and Miquelon,1984,0.0,0.0,0.0,0.0,0.0,0.0,0.0
Saint Pierre and Miquelon,1985,0.0,0.0,0.0,0.0,0.0,0.0,0.0
Saint Pierre and Miquelon,1986,0.0,0.0,0.0,0.0,0.0,0.0,0.0
Saint Pierre and Miquelon,1987,0.0,0.0,0.0,0.0,0.0,0.0,0.0
Saint Pierre and Miquelon,1988,0.0,0.0,0.0,0.0,0.0,0.0,0.0
Saint Pierre and Miquelon,1989,0.0,0.0,0.0,0.0,0.0,0.0,0.0
Saint Pierre and Miquelon,1990,0.0,0.0,0.0,0.0,0.0,0.0,0.0
Saint Pierre and Miquelon,1991,0.0,0.0,0.0,0.0,0.0,0.0,0.0
Saint Pierre and Miquelon,1992,0.0,0.0,0.0,0.0,0.0,0.0,0.0
Saint Pierre and Miquelon,1993,0.0,0.0,0.0,0.0,0.0,0.0,0.0
Saint Pierre and Miquelon,1994,0.0,0.0,0.0,0.0,0.0,0.0,0.0
Saint Pierre and Miquelon,1995,0.0,0.0,0.0,0.0,0.0,0.0,0.0
Saint Pierre and Miquelon,1996,0.0,0.0,0.0,0.0,0.0,0.0,0.0
Saint Pierre and Miquelon,1997,0.0,0.0,0.0,0.0,0.0,0.0,0.0
Saint Pierre and Miquelon,1998,0.0,0.0,0.0,0.0,0.0,0.0,0.0
Saint Pierre and Miquelon,1999,0.0,0.0,0.0,0.0,0.0,0.0,0.0
Saint Pierre and Miquelon,2000,0.0,0.0,0.0,0.0,0.0,0.0,0.0
Saint Pierre and Miquelon,2001,0.0,0.0,0.0,0.0,0.0,0.0,0.0
Saint Pierre and Miquelon,2002,0.0,0.0,0.0,0.0,0.0,0.0,0.0
Saint Pierre and Miquelon,2003,0.0,0.0,0.0,0.0,0.0,0.0,0.0
Saint Pierre and Miquelon,2004,0.0,0.0,0.0,0.0,0.0,0.0,0.0
Saint Pierre and Miquelon,2005,0.0,0.0,0.0,0.0,0.0,0.0,0.0
Saint Pierre and Miquelon,2006,0.0,0.0,0.0,0.0,0.0,0.0,0.0
Saint Pierre and Miquelon,2007,0.0,0.0,0.0,0.0,0.0,0.0,0.0
Saint Pierre and Miquelon,2008,0.0,0.0,0.0,0.0,0.0,0.0,0.0
Saint Pierre and Miquelon,2009,0.0,0.0,0.0,0.0,0.0,0.0,0.0
Saint Pierre and Miquelon,2010,0.0,0.0,0.0,6.8242832662e-06,0.0,6.8242832662e-06,6.8242832662e-06
Saint Pierre and Miquelon,2011,0.0,0.0,0.0,6.8242832662e-06,0.0,6.8242832662e-06,6.8242832662e-06
Saint Pierre and Miquelon,2012,0.0,0.0,0.0,6.8242832662e-06,0.0,6.8242832662e-06,6.8242832662e-06
Saint Pierre and Miquelon,2013,0.0,0.0,0.0,6.8242832662e-06,0.0,6.8242832662e-06,6.8242832662e-06
Saint Pierre and Miquelon,2014,0.0,0.0,0.0,0.0,0.0,0.0,0.0
Saint Pierre and Miquelon,2015,0.0,0.0,0.0,0.0,0.0,0.0,0.0
Saint Pierre and Miquelon,2016,0.0,0.0,0.0,0.0,0.0,0.0,0.0
Saint Pierre and Miquelon,2017,0.0,0.0,0.0,0.0,0.0,0.0,0.0
Saint Pierre and Miquelon,2018,0.0,0.0,0.0,0.0,0.0,0.0,0.0
Saint Pierre and Miquelon,2019,0.0,0.0,0.0,0.0,0.0,0.0,0.0
Saint Pierre and Miquelon,2020,0.0,0.0,0.0,0.0,0.0,0.0,0.0
Saint Pierre and Miquelon,2021,0.0,0.0,0.0,0.0,0.0,0.0,0.0
Saint Pierre and Miquelon,2022,0.0,0.0,0.0,0.0,0.0,0.0,0.0
Saint Pierre and Miquelon,2023,0.0,0.0,0.0,0.0,0.0,0.0,0.0
Saint Vincent/Grenadines,1980,0.0,0.0,0.0,5.80064077631e-05,0.0,5.80064077631e-05,5.80064077631e-05
Saint Vincent/Grenadines,1981,0.0,0.0,0.0,5.80064077631e-05,0.0,5.80064077631e-05,5.80064077631e-05
Saint Vincent/Grenadines,1982,0.0,0.0,0.0,6.14185493963e-05,0.0,6.14185493963e-05,6.14185493963e-05
Saint Vincent/Grenadines,1983,0.0,0.0,0.0,6.14185493963e-05,0.0,6.14185493963e-05,6.14185493963e-05
Saint Vincent/Grenadines,1984,0.0,0.0,0.0,7.50671159288e-05,0.0,7.50671159288e-05,7.50671159288e-05
Saint Vincent/Grenadines,1985,0.0,0.0,0.0,8.87156824613e-05,0.0,8.87156824613e-05,8.87156824613e-05
Saint Vincent/Grenadines,1986,0.0,0.0,0.0,9.55399657275e-05,0.0,9.55399657275e-05,9.55399657275e-05
Saint Vincent/Grenadines,1987,0.0,0.0,0.0,0.0001057763906269,0.0,0.0001057763906269,0.0001057763906269
Saint Vincent/Grenadines,1988,0.0,0.0,0.0,0.0001194249571594,0.0,0.0001194249571594,0.0001194249571594
Saint Vincent/Grenadines,1989,0.0,0.0,0.0,0.0001228370987926,0.0,0.0001228370987926,0.0001228370987926
Saint Vincent/Grenadines,1990,0.0,0.0,0.0,8.1891399195e-05,0.0,8.1891399195e-05,8.1891399195e-05
Saint Vincent/Grenadines,1991,0.0,0.0,0.0,4.43578412306e-05,0.0,4.43578412306e-05,4.43578412306e-05
Saint Vincent/Grenadines,1992,0.0,0.0,0.0,6.82428326625e-05,0.0,6.82428326625e-05,6.82428326625e-05
Saint Vincent/Grenadines,1993,0.0,0.0,0.0,7.84792575619e-05,0.0,7.84792575619e-05,7.84792575619e-05
Saint Vincent/Grenadines,1994,0.0,0.0,0.0,7.16549742956e-05,0.0,7.16549742956e-05,7.16549742956e-05
Saint Vincent/Grenadines,1995,0.0,0.0,0.0,7.16549742956e-05,0.0,7.16549742956e-05,7.16549742956e-05
Saint Vincent/Grenadines,1996,0.0,0.0,0.0,7.16549742956e-05,0.0,7.16549742956e-05,7.16549742956e-05
Saint Vincent/Grenadines,1997,0.0,0.0,0.0,7.16549742956e-05,0.0,7.16549742956e-05,7.16549742956e-05
Saint Vincent/Grenadines,1998,0.0,0.0,0.0,7.50671159288e-05,0.0,7.50671159288e-05,7.50671159288e-05
Saint Vincent/Grenadines,1999,0.0,0.0,0.0,7.50671159288e-05,0.0,7.50671159288e-05,7.50671159288e-05
Saint Vincent/Grenadines,2000,0.0,0.0,0.0,8.53035408281e-05,0.0,8.53035408281e-05,8.53035408281e-05
Saint Vincent/Grenadines,2001,0.0,0.0,0.0,6.48306910294e-05,0.0,6.48306910294e-05,6.48306910294e-05
Saint Vincent/Grenadines,2002,0.0,0.0,0.0,7.50671159288e-05,0.0,7.50671159288e-05,7.50671159288e-05
Saint Vincent/Grenadines,2003,0.0,0.0,0.0,7.16549742956e-05,0.0,7.16549742956e-05,7.16549742956e-05
Saint Vincent/Grenadines,2004,0.0,0.0,0.0,9.21278240944e-05,0.0,9.21278240944e-05,9.21278240944e-05
Saint Vincent/Grenadines,2005,0.0,0.0,0.0,8.87156824613e-05,0.0,8.87156824613e-05,8.87156824613e-05
Saint Vincent/Grenadines,2006,0.0,0.0,0.0,7.84792575619e-05,0.0,7.84792575619e-05,7.84792575619e-05
Saint Vincent/Grenadines,2007,0.0,0.0,0.0,7.67731867453e-05,0.0,7.67731867453e-05,7.67731867453e-05
Saint Vincent/Grenadines,2008,0.0,0.0,0.0,7.98441142151e-05,0.0,7.98441142151e-05,7.98441142151e-05
Saint Vincent/Grenadines,2009,0.0,0.0,0.0,7.84792575619e-05,0.0,7.84792575619e-05,7.84792575619e-05
Saint Vincent/Grenadines,2010,0.0,0.0,0.0,8.87156824613e-05,0.0,8.87156824613e-05,8.87156824613e-05
Saint Vincent/Grenadines,2011,0.0,0.0,0.0,8.53035408281e-05,0.0,8.53035408281e-05,8.53035408281e-05
Saint Vincent/Grenadines,2012,0.0,0.0,0.0,8.53035408281e-05,0.0,8.53035408281e-05,8.53035408281e-05
Saint Vincent/Grenadines,2013,0.0,0.0,0.0,7.84792575619e-05,0.0,7.84792575619e-05,7.84792575619e-05
Saint Vincent/Grenadines,2014,0.0,0.0,0.0,4.19693420874e-05,0.0,4.19693420874e-05,4.19693420874e-05
Saint Vincent/Grenadines,2015,0.0,0.0,0.0,6.10773352329e-05,0.0,6.10773352329e-05,6.10773352329e-05
Saint Vincent/Grenadines,2016,0.0,0.0,0.0,5.73239794365e-05,0.0,5.73239794365e-05,5.73239794365e-05
Saint Vincent/Grenadines,2017,0.0,0.0,0.0,7.0972545969e-05,0.0,7.0972545969e-05,7.0972545969e-05
Saint Vincent/Grenadines,2018,0.0,0.0,0.0,8.53035408281e-05,0.0,8.53035408281e-05,8.53035408281e-05
Saint Vincent/Grenadines,2019,0.0,0.0,0.0,8.1891399195e-05,0.0,8.1891399195e-05,8.1891399195e-05
Saint Vincent/Grenadines,2020,0.0,0.0,0.0,8.87156824613e-05,0.0,8.87156824613e-05,8.87156824613e-05
Saint Vincent/Grenadines,2021,0.0,0.0,0.0,7.16549742956e-05,0.0,7.16549742956e-05,7.16549742956e-05
Saint Vincent/Grenadines,2022,0.0,0.0,0.0,7.16549742956e-05,0.0,7.16549742956e-05,7.16549742956e-05
Saint Vincent/Grenadines,2023,0.0,0.0,0.0,7.16549742956e-05,0.0,7.16549742956e-05,7.16549742956e-05
Samoa,1980,0.0,0.0,0.0,2.38849914318e-05,0.0,2.38849914318e-05,2.38849914318e-05
Samoa,1981,0.0,0.0,0.0,2.38849914318e-05,0.0,2.38849914318e-05,2.38849914318e-05
Samoa,1982,0.0,0.0,0.0,4.09456995975e-05,0.0,4.09456995975e-05,4.09456995975e-05
Samoa,1983,0.0,0.0,0.0,4.09456995975e-05,0.0,4.09456995975e-05,4.09456995975e-05
Samoa,1984,0.0,0.0,0.0,5.459426613e-05,0.0,5.459426613e-05,5.459426613e-05
Samoa,1985,0.0,0.0,0.0,5.80064077631e-05,0.0,5.80064077631e-05,5.80064077631e-05
Samoa,1986,0.0,0.0,0.0,6.82428326625e-05,0.0,6.82428326625e-05,6.82428326625e-05
Samoa,1987,0.0,0.0,0.0,6.14185493963e-05,0.0,6.14185493963e-05,6.14185493963e-05
Samoa,1988,0.0,0.0,0.0,6.14185493963e-05,0.0,6.14185493963e-05,6.14185493963e-05
Samoa,1989,0.0,0.0,0.0,6.82428326625e-05,0.0,6.82428326625e-05,6.82428326625e-05
Samoa,1990,0.0,0.0,0.0,6.82428326625e-05,0.0,6.82428326625e-05,6.82428326625e-05
Samoa,1991,0.0,0.0,0.0,6.82428326625e-05,0.0,6.82428326625e-05,6.82428326625e-05
Samoa,1992,0.0,0.0,0.0,8.53035408281e-05,0.0,8.53035408281e-05,8.53035408281e-05
Samoa,1993,0.0,0.0,0.0,8.53035408281e-05,0.0,8.53035408281e-05,8.53035408281e-05
Samoa,1994,0.0,0.0,0.0,8.53035408281e-05,0.0,8.53035408281e-05,8.53035408281e-05
Samoa,1995,0.0,0.0,0.0,8.87156824613e-05,0.0,8.87156824613e-05,8.87156824613e-05
Samoa,1996,0.0,0.0,0.0,0.0001023642489938,0.0,0.0001023642489938,0.0001023642489938
Samoa,1997,0.0,0.0,0.0,0.0001126006738932,0.0,0.0001126006738932,0.0001126006738932
Samoa,1998,0.0,0.0,0.0,0.0001296613820588,0.0,0.0001296613820588,0.0001296613820588
Samoa,1999,0.0,0.0,0.0,0.0001467220902245,0.0,0.0001467220902245,0.0001467220902245
Samoa,2000,0.0,0.0,0.0,0.0001194249571594,0.0,0.0001194249571594,0.0001194249571594
Samoa,2001,0.0,0.0,0.0,0.0001637827983901,0.0,0.0001637827983901,0.0001637827983901
Samoa,2002,0.0,0.0,0.0,0.0002115527812539,0.0,0.0002115527812539,0.0002115527812539
Samoa,2003,0.0,0.0,0.0,0.0001842556481889,0.0,0.0001842556481889,0.0001842556481889
Samoa,2004,0.0,0.0,0.0,0.0001706070816563,0.0,0.0001706070816563,0.0001706070816563
Samoa,2005,0.0,0.0,0.0,0.0001706070816563,0.0,0.0001706070816563,0.0001706070816563
Samoa,2006,0.0,0.0,0.0,0.0001740192232895,0.0,0.0001740192232895,0.0001740192232895
Samoa,2007,0.0,0.0,0.0,0.0001781137932492,0.0,0.0001781137932492,0.0001781137932492
Samoa,2008,0.0,0.0,0.0,0.0001815259348824,0.0,0.0001815259348824,0.0001815259348824
Samoa,2009,0.0,0.0,0.0,0.0001927464006279,0.0,0.0001927464006279,0.0001927464006279
Samoa,2010,0.0,0.0,0.0,0.000187379777867,0.0,0.000187379777867,0.000187379777867
Samoa,2011,0.0,0.0,0.0,0.00018932185848,0.0,0.00018932185848,0.00018932185848
Samoa,2012,0.0,0.0,0.0,0.0001262492404257,0.0,0.0001262492404257,0.0001262492404257
Samoa,2013,0.0,0.0,0.0,0.00010918853226,0.0,0.00010918853226,0.00010918853226
Samoa,2014,0.0,0.0,0.0,0.0001098709605867,0.0,0.0001098709605867,0.0001098709605867
Samoa,2015,0.0,0.0,0.0,0.0001337559520186,0.0,0.0001337559520186,0.0001337559520186
Samoa,2016,0.0,0.0,0.0,0.000159347014267,0.0,0.000159347014267,0.000159347014267
Samoa,2017,0.0,0.0,0.0,0.0001900562889652,0.0,0.0001900562889652,0.0001900562889652
Samoa,2018,0.0,0.0,0.0,0.00022144799199,0.0,0.00022144799199,0.00022144799199
Samoa,2019,0.0,0.0,0.0,0.0002357789868491,0.0,0.0002357789868491,0.0002357789868491
Samoa,2020,0.0,0.0,0.0,0.0002864700909645,0.0,0.0002864700909645,0.0002864700909645
Samoa,2021,0.0,0.0,0.0,0.0003303369118136,0.0,0.0003303369118136,0.0003303369118136
Samoa,2022,0.0,0.0,0.0,0.0003065542846307,0.0,0.0003065542846307,0.0003065542846307
Samoa,2023,0.0,0.0,0.0,0.0002724328682994,0.0,0.0002724328682994,0.0002724328682994
Sao Tome and Principe,1980,0.0,0.0,0.0,2.38849914318e-05,0.0,2.38849914318e-05,2.38849914318e-05
Sao Tome and Principe,1981,0.0,0.0,0.0,2.38849914318e-05,0.0,2.38849914318e-05,2.38849914318e-05
Sao Tome and Principe,1982,0.0,0.0,0.0,2.7297133065e-05,0.0,2.7297133065e-05,2.7297133065e-05
Sao Tome and Principe,1983,0.0,0.0,0.0,2.04728497987e-05,0.0,2.04728497987e-05,2.04728497987e-05
Sao Tome and Principe,1984,0.0,0.0,0.0,2.7297133065e-05,0.0,2.7297133065e-05,2.7297133065e-05
Sao Tome and Principe,1985,0.0,0.0,0.0,2.7297133065e-05,0.0,2.7297133065e-05,2.7297133065e-05
Sao Tome and Principe,1986,0.0,0.0,0.0,2.38849914318e-05,0.0,2.38849914318e-05,2.38849914318e-05
Sao Tome and Principe,1987,0.0,0.0,0.0,2.7297133065e-05,0.0,2.7297133065e-05,2.7297133065e-05
Sao Tome and Principe,1988,0.0,0.0,0.0,2.7297133065e-05,0.0,2.7297133065e-05,2.7297133065e-05
Sao Tome and Principe,1989,0.0,0.0,0.0,2.7297133065e-05,0.0,2.7297133065e-05,2.7297133065e-05
Sao Tome and Principe,1990,0.0,0.0,0.0,2.7297133065e-05,0.0,2.7297133065e-05,2.7297133065e-05
Sao Tome and Principe,1991,0.0,0.0,0.0,2.7297133065e-05,0.0,2.7297133065e-05,2.7297133065e-05
Sao Tome and Principe,1992,0.0,0.0,0.0,2.7297133065e-05,0.0,2.7297133065e-05,2.7297133065e-05
Sao Tome and Principe,1993,0.0,0.0,0.0,2.7297133065e-05,0.0,2.7297133065e-05,2.7297133065e-05
Sao Tome and Principe,1994,0.0,0.0,0.0,2.7297133065e-05,0.0,2.7297133065e-05,2.7297133065e-05
Sao Tome and Principe,1995,0.0,0.0,0.0,2.7297133065e-05,0.0,2.7297133065e-05,2.7297133065e-05
Sao Tome and Principe,1996,0.0,0.0,0.0,2.7297133065e-05,0.0,2.7297133065e-05,2.7297133065e-05
Sao Tome and Principe,1997,0.0,0.0,0.0,2.7297133065e-05,0.0,2.7297133065e-05,2.7297133065e-05
Sao Tome and Principe,1998,0.0,0.0,0.0,2.38849914318e-05,0.0,2.38849914318e-05,2.38849914318e-05
Sao Tome and Principe,1999,0.0,0.0,0.0,3.07092746981e-05,0.0,3.07092746981e-05,3.07092746981e-05
Sao Tome and Principe,2000,0.0,0.0,0.0,3.41214163312e-05,0.0,3.41214163312e-05,3.41214163312e-05
Sao Tome and Principe,2001,0.0,0.0,0.0,1.36485665325e-05,0.0,1.36485665325e-05,1.36485665325e-05
Sao Tome and Principe,2002,0.0,0.0,0.0,2.04728497987e-05,0.0,2.04728497987e-05,2.04728497987e-05
Sao Tome and Principe,2003,0.0,0.0,0.0,2.38849914318e-05,0.0,2.38849914318e-05,2.38849914318e-05
Sao Tome and Principe,2004,0.0,0.0,0.0,2.04728497987e-05,0.0,2.04728497987e-05,2.04728497987e-05
Sao Tome and Principe,2005,0.0,0.0,0.0,1.36485665325e-05,0.0,1.36485665325e-05,1.36485665325e-05
Sao Tome and Principe,2006,0.0,0.0,0.0,2.7297133065e-05,0.0,2.7297133065e-05,2.7297133065e-05
Sao Tome and Principe,2007,0.0,0.0,0.0,3.41214163312e-05,0.0,3.41214163312e-05,3.41214163312e-05
Sao Tome and Principe,2008,0.0,0.0,0.0,2.7297133065e-05,0.0,2.7297133065e-05,2.7297133065e-05
Sao Tome and Principe,2009,0.0,0.0,0.0,2.38849914318e-05,0.0,2.38849914318e-05,2.38849914318e-05
Sao Tome and Principe,2010,0.0,0.0,0.0,1.70607081656e-05,0.0,1.70607081656e-05,1.70607081656e-05
Sao Tome and Principe,2011,0.0,0.0,0.0,2.04728497987e-05,0.0,2.04728497987e-05,2.04728497987e-05
Sao Tome and Principe,2012,0.0,0.0,0.0,2.04728497987e-05,0.0,2.04728497987e-05,2.04728497987e-05
Sao Tome and Principe,2013,0.0,0.0,0.0,2.04728497987e-05,0.0,2.04728497987e-05,2.04728497987e-05
Sao Tome and Principe,2014,0.0,0.0,0.0,2.7297133065e-05,0.0,2.7297133065e-05,2.7297133065e-05
Sao Tome and Principe,2015,0.0,0.0,0.0,2.38849914318e-05,0.0,2.38849914318e-05,2.38849914318e-05
Sao Tome and Principe,2016,0.0,0.0,0.0,2.04728497987e-05,0.0,2.04728497987e-05,2.04728497987e-05
Sao Tome and Principe,2017,0.0,0.0,0.0,1.70607081656e-05,0.0,1.70607081656e-05,1.70607081656e-05
Sao Tome and Principe,2018,0.0,0.0,0.0,1.70607081656e-05,0.0,1.70607081656e-05,1.70607081656e-05
Sao Tome and Principe,2019,0.0,0.0,0.0,2.04728497987e-05,0.0,2.04728497987e-05,2.04728497987e-05
Sao Tome and Principe,2020,0.0,0.0,0.0,2.04728497987e-05,0.0,2.04728497987e-05,2.04728497987e-05
Sao Tome and Principe,2021,0.0,0.0,0.0,2.04728497987e-05,0.0,2.04728497987e-05,2.04728497987e-05
Sao Tome and Principe,2022,0.0,0.0,0.0,2.04728497987e-05,0.0,2.04728497987e-05,2.04728497987e-05
Sao Tome and Principe,2023,0.0,0.0,0.0,2.04728497987e-05,0.0,2.04728497987e-05,2.04728497987e-05
Saudi Arabia,1980,0.0,0.349698,0.0,0.0,0.0,0.0,0.349698
Saudi Arabia,1981,0.0,0.590508,0.0,0.0,0.0,0.0,0.590508
Saudi Arabia,1982,0.0,0.45021,0.0,0.0,0.0,0.0,0.45021
Saudi Arabia,1983,0.0,0.437646,0.0,0.0,0.0,0.0,0.437646
Saudi Arabia,1984,0.0,0.64914,0.0,0.0,10.165585612556326,0.0,10.814725612556328
Saudi Arabia,1985,0.0,0.749652,0.0,0.0,7.498226073621621,0.0,8.24787807362162
Saudi Arabia,1986,0.0,0.93183,0.0,0.0,10.906610153424728,0.0,11.838440153424727
Saudi Arabia,1987,0.0,0.990462,0.0,0.0,9.24519058907686,0.0,10.23565258907686
Saudi Arabia,1988,0.0,1.076316,0.0,0.0,11.319166445995148,0.0,12.395482445995148
Saudi Arabia,1989,0.0,1.101444,0.0,0.0,11.184783796705736,0.0,12.286227796705736
Saudi Arabia,1990,0.0,1.1276228407410622,0.0,0.0,14.652775964389225,0.0,15.780398805130284
Saudi Arabia,1991,0.0,1.18311,0.0,0.0,18.878558479195583,0.0,20.061668479195585
Saudi Arabia,1992,0.0,1.25714337,0.0,0.0,19.061514051206608,0.0,20.31865742120661
Saudi Arabia,1993,0.0,1.3273954995,0.0,0.0,18.602587303718167,0.0,19.929982803218167
Saudi Arabia,1994,0.0,1.39394439,0.0,0.0,18.520317533324945,0.0,19.914261923324947
Saudi Arabia,1995,0.0,1.40651886,0.0,0.0,18.585112059157847,0.0,19.99163091915785
Saudi Arabia,1996,0.0,1.5285384387,0.0,0.0,18.596115635821164,0.0,20.124654074521164
Saudi Arabia,1997,0.0,1.6764376587,0.0,0.0,18.982078848619704,0.0,20.658516507319703
Saudi Arabia,1998,0.0,1.7311603701,0.0,0.0,19.046746996609173,0.0,20.77790736670917
Saudi Arabia,1999,0.0,1.708235991,0.0,0.0,17.738035432075595,0.0,19.446271423075597
Saudi Arabia,2000,0.0,1.84171503705,0.0,0.0,18.876369382434795,0.0,20.7180844194848
Saudi Arabia,2001,0.0,1.98517728045,0.0,0.0,18.208967397847424,0.0,20.194144678297423
Saudi Arabia,2002,0.0,2.0964714435,0.0,0.0,17.627891592884282,0.0,19.724363036384283
Saudi Arabia,2003,0.0,2.2207067883,0.0,0.0,21.31992936604258,0.0,23.54063615434258
Saudi Arabia,2004,0.0,2.4285051924,0.0,0.0,21.64957560093593,0.0,24.07808079333593
Saudi Arabia,2005,0.0,2.6340851082,0.0,0.0,22.75757211804124,0.0,25.391657226241243
Saudi Arabia,2006,0.0,2.7161691753,0.0,0.0,22.425992255654805,0.0,25.142161430954804
Saudi Arabia,2007,0.0,2.7516649881,0.0,0.0,21.42322460002298,0.0,24.17488958812298
Saudi Arabia,2008,0.0,2.9742533142,0.0,0.0,23.27949848129471,0.0,26.253751795494708
Saudi Arabia,2009,0.0,2.90067345225,0.0,0.0,20.879043572584663,0.0,23.779717024834664
Saudi Arabia,2010,0.0,3.2412114063,0.0,1.36485665325e-05,20.09351468010647,1.36485665325e-05,23.334739734973
Saudi Arabia,2011,0.0,3.4112955093,0.0,1.70607081656e-05,22.78874283749087,1.70607081656e-05,26.20005540749904
Saudi Arabia,2012,0.0,3.60097625895,0.0,1.70607081656e-05,23.81940349371137,1.70607081656e-05,27.420396813369532
Saudi Arabia,2013,0.0,3.62464013415,0.0,8.87156824613e-05,23.342954636263347,8.87156824613e-05,26.967683486095808
Saudi Arabia,2014,0.0,3.71411916225,0.0,0.0001433099485913,23.450924418824105,0.0001433099485913,27.165186891022696
Saudi Arabia,2015,0.0,3.7840015437,0.0,0.0001569585151238,24.364534126024488,0.0001569585151238,28.14869262823961
Saudi Arabia,2016,0.0,3.9148542669951,0.0,0.0001569585151238,25.24767176578855,0.0001569585151238,29.162682991298777
Saudi Arabia,2017,0.0,4.040234765637,0.0,0.0002381674859923,24.45406839731022,0.0002381674859923,28.49454133043321
Saudi Arabia,2018,0.0,4.112680354902,0.0,0.0002381674859923,25.22602874165059,0.0002381674859923,29.338947264038584
Saudi Arabia,2019,0.0,4.169336520369,0.0,0.0011086048166032,23.81989710252323,0.0011086048166032,27.990342227708837
Saudi Arabia,2020,0.0,4.206836718345,0.0,0.0026727305412291,22.54674001328781,0.0026727305412291,26.756249462174036
Saudi Arabia,2021,0.0,4.273360955136,0.0,0.0029951779255597,22.21287955729732,0.0029951779255597,26.48923569035888
Saudi Arabia,2022,0.0,4.506093350136,0.0,0.0096870700964502,25.138364903479022,0.0096870700964502,29.654145323711475
Saudi Arabia,2023,0.0,4.482017585136,0.0,0.0096870700964502,23.146857900375583,0.0096870700964502,27.63856255560804
Senegal,1980,0.0,0.0,0.0,0.0,0.0,0.0,0.0
Senegal,1981,0.0,0.0,0.0,0.0,0.0,0.0,0.0
Senegal,1982,0.0,0.0,0.0,0.0,0.0,0.0,0.0
Senegal,1983,0.0,0.0,0.0,0.0,0.0,0.0,0.0
Senegal,1984,0.0,0.0,0.0,0.0,0.0,0.0,0.0
Senegal,1985,0.0,0.0,0.0,0.0,0.0,0.0,0.0
Senegal,1986,0.0,0.0,0.0,0.0,0.0,0.0,0.0
Senegal,1987,0.0,0.0,0.0,0.0,0.0,0.0,0.0
Senegal,1988,0.0,0.0,0.0,0.0,0.0,0.0,0.0
Senegal,1989,0.0,0.0,0.0,0.0,0.0,0.0,0.0
Senegal,1990,0.0,0.0,0.0,0.000457706998764,0.0,0.000457706998764,0.000457706998764
Senegal,1991,0.0,0.0,0.0,0.0004592030608634,0.0,0.0004592030608634,0.0004592030608634
Senegal,1992,0.0,0.0,0.0,0.0004550668891769,0.0,0.0004550668891769,0.0004550668891769
Senegal,1993,0.0,0.0006349637,0.0,0.0004639242568335,0.0,0.0004639242568335,0.0010988879568335
Senegal,1994,0.0,0.00126759,0.0,0.0004642392699093,0.0,0.0004642392699093,0.0017318292699093
Senegal,1995,0.0,0.00159123,0.0,0.0004743716904916,0.0,0.0004743716904916,0.0020656016904916
Senegal,1996,0.0,0.0019048911,0.0,0.0004860001731733,0.0,0.0004860001731733,0.0023908912731733
Senegal,1997,0.0,0.0012699274,0.0,0.000490244349343,0.0,0.000490244349343,0.001760171749343
Senegal,1998,0.0,0.0012699274,0.0,0.0004996737407436,0.0,0.0004996737407436,0.0017696011407436
Senegal,1999,0.0,0.0012699274,0.0,0.000511321224214,0.0,0.000511321224214,0.001781248624214
Senegal,2000,0.0,0.00158740925,0.0,0.0005270968790389,0.0,0.0005270968790389,0.0021145061290389
Senegal,2001,0.0,0.00158740925,0.0,0.0006268300188192,0.0,0.0006268300188192,0.0022142392688192
Senegal,2002,0.0,0.00158740925,0.0,0.0013537481921548,0.0,0.0013537481921548,0.0029411574421548
Senegal,2003,0.0,0.00158740925,0.0,0.0017033777047767,0.0,0.0017033777047767,0.0032907869547767
Senegal,2004,0.0,0.00158740925,0.0,0.0014170348190923,0.0,0.0014170348190923,0.0030044440690923
Senegal,2005,0.0,0.00158740925,0.0,0.0014210119841787,0.0,0.0014210119841787,0.0030084212341787
Senegal,2006,0.0,0.00158740925,0.0,0.0013077432825566,0.0,0.0013077432825566,0.0028951525325566
Senegal,2007,0.0,0.00158740925,0.0,0.0010000295097972,0.0,0.0010000295097972,0.0025874387597972
Senegal,2008,0.0,0.00158740925,0.0,0.0011888233463599,0.0,0.0011888233463599,0.0027762325963599
Senegal,2009,0.0,0.00158740925,0.0,0.0013069342489748,0.0,0.0013069342489748,0.0028943434989748
Senegal,2010,0.0,0.00158740925,0.0,0.00158524580129,0.0,0.00158524580129,0.00317265505129
Senegal,2011,0.0,0.0012699274,0.0,0.0016250834548942,0.0,0.0016250834548942,0.0028950108548942
Senegal,2012,0.0,0.00152391288,0.0,0.0014211709907789,0.0,0.0014211709907789,0.0029450838707789
Senegal,2013,0.0,0.0019048911,0.0,0.0016172941315705,0.0,0.0016172941315705,0.0035221852315705
Senegal,2014,0.0,0.0019048911,0.0,0.0017351800248456,0.0,0.0017351800248456,0.0036400711248456
Senegal,2015,0.0,0.00196838747,0.0,0.001819970544379,0.0,0.001819970544379,0.003788358014379
Senegal,2016,0.0,0.0019048916394,0.0,0.0018168354142442,0.0,0.0018168354142442,0.0037217270536442
Senegal,2017,0.0,0.0019048916394,0.0,0.0022360226141065,0.0,0.0022360226141065,0.0041409142535065
Senegal,2018,0.0,0.0019048916394,0.0,0.0028862366035609,0.0,0.0028862366035609,0.0047911282429609
Senegal,2019,0.0,0.002071029469874,0.0,0.003309671379734,0.0,0.003309671379734,0.005380700849608
Senegal,2020,0.0,0.002027994147488,0.0,0.0040944899564327,0.0,0.0040944899564327,0.0061224841039207
Senegal,2021,0.0,0.00173489895626,0.0,0.0051566480450986,0.0,0.0051566480450986,0.0068915470013586
Senegal,2022,0.0,0.00109994065026,0.0,0.006557570195377,0.0,0.006557570195377,0.007657510845637
Senegal,2023,0.0,0.00109994065026,0.0,0.006557570195377,0.0,0.006557570195377,0.007657510845637
Serbia,2006,0.297636748645334,0.006999433,0.0,0.0353156659028741,0.0323920566393441,0.0353156659028741,0.3723439041875523
Serbia,2007,0.3006147346024162,0.003489122,0.0,0.0325164377109081,0.0323920566393441,0.0325164377109081,0.3690123509526685
Serbia,2008,0.3132468978605828,0.003510311,0.0,0.0326337225792356,0.0324808019999998,0.0326337225792356,0.3818717334398183
Serbia,2009,0.3115475037002913,0.0066695909,0.0,0.0359673849548016,0.0345174336885244,0.0359673849548016,0.3887019132436173
Serbia,2010,0.3073152030058511,0.0122860885,0.0,0.0405737761595243,0.0430189418852456,0.0405737761595243,0.4031940095506212
Serbia,2011,0.332636175994194,0.0182536172,0.0,0.0295730315343198,0.0384152683606555,0.0295730315343198,0.4188780930891694
Serbia,2012,0.3094030301170664,0.01972794782,0.0,0.0317654105368423,0.0351456450491801,0.0317654105368423,0.3960420335230889
Serbia,2013,0.326097554653644,0.0217639282,0.0,0.0350444646456971,0.0382347568852457,0.0350444646456971,0.4211407043845868
Serbia,2014,0.2424404233245942,0.021061866,0.0,0.0378054392498113,0.0373752407377047,0.0378054392498113,0.3386829693121103
Serbia,2015,0.3007801473174102,0.021061866,0.0,0.0346869568060571,0.0447936800819669,0.0346869568060571,0.4013226502054343
Serbia,2016,0.3007918208123464,0.01930672541,0.0,0.0373135568324744,0.0442157339999997,0.0373135568324744,0.4016278370548206
Serbia,2017,0.3114804081185443,0.0179728185616,0.0,0.0321859615933163,0.0382567868852457,0.0321859615933163,0.3998959751587063
Serbia,2018,0.294601933603427,0.01659221305644,0.0,0.0378307559006693,0.0361314098360653,0.0378307559006693,0.3851563123966017
Serbia,2019,0.3042388762989295,0.01599945194134,0.0,0.0366680799396501,0.0361314098360653,0.0366680799396501,0.393037818015985
Serbia,2020,0.3104405322617121,0.01515860944934,0.0,0.0359506206589396,0.0347435502688522,0.0359506206589396,0.396293312638844
Serbia,2021,0.2849659142543047,0.01353729408122,0.0,0.0442170032846811,0.0323043394622949,0.0442170032846811,0.3750245510825007
Serbia,2022,0.2372589203799479,0.01240449046004,0.0,0.0366196899070489,0.0301160687213113,0.0366196899070489,0.3163991694683482
Serbia,2023,0.2243574637466062,0.01181578193264,0.0,0.0499369682007588,0.0280762017049178,0.0499369682007588,0.314186415584923
Seychelles,1980,0.0,0.0,0.0,0.0,0.0,0.0,0.0
Seychelles,1981,0.0,0.0,0.0,0.0,0.0,0.0,0.0
Seychelles,1982,0.0,0.0,0.0,0.0,0.0,0.0,0.0
Seychelles,1983,0.0,0.0,0.0,0.0,0.0,0.0,0.0
Seychelles,1984,0.0,0.0,0.0,0.0,0.0,0.0,0.0
Seychelles,1985,0.0,0.0,0.0,0.0,0.0,0.0,0.0
Seychelles,1986,0.0,0.0,0.0,0.0,0.0,0.0,0.0
Seychelles,1987,0.0,0.0,0.0,0.0,0.0,0.0,0.0
Seychelles,1988,0.0,0.0,0.0,0.0,0.0,0.0,0.0
Seychelles,1989,0.0,0.0,0.0,0.0,0.0,0.0,0.0
Seychelles,1990,0.0,0.0,0.0,0.0,0.0,0.0,0.0
Seychelles,1991,0.0,0.0,0.0,0.0,0.0,0.0,0.0
Seychelles,1992,0.0,0.0,0.0,0.0,0.0,0.0,0.0
Seychelles,1993,0.0,0.0,0.0,0.0,0.0,0.0,0.0
Seychelles,1994,0.0,0.0,0.0,0.0,0.0,0.0,0.0
Seychelles,1995,0.0,0.0,0.0,0.0,0.0,0.0,0.0
Seychelles,1996,0.0,0.0,0.0,0.0,0.0,0.0,0.0
Seychelles,1997,0.0,0.0,0.0,0.0,0.0,0.0,0.0
Seychelles,1998,0.0,0.0,0.0,0.0,0.0,0.0,0.0
Seychelles,1999,0.0,0.0,0.0,0.0,0.0,0.0,0.0
Seychelles,2000,0.0,0.0,0.0,0.0,0.0,0.0,0.0
Seychelles,2001,0.0,0.0,0.0,0.0,0.0,0.0,0.0
Seychelles,2002,0.0,0.0,0.0,0.0,0.0,0.0,0.0
Seychelles,2003,0.0,0.0,0.0,0.0,0.0,0.0,0.0
Seychelles,2004,0.0,0.0,0.0,0.0,0.0,0.0,0.0
Seychelles,2005,0.0,0.0,0.0,0.0,0.0,0.0,0.0
Seychelles,2006,0.0,0.0,0.0,0.0,0.0,0.0,0.0
Seychelles,2007,0.0,0.0,0.0,0.0,0.0,0.0,0.0
Seychelles,2008,0.0,0.0,0.0,0.0,0.0,0.0,0.0
Seychelles,2009,0.0,0.0,0.0,0.0,0.0,0.0,0.0
Seychelles,2010,0.0,0.0,0.0,0.0,0.0,0.0,0.0
Seychelles,2011,0.0,0.0,0.0,0.0,0.0,0.0,0.0
Seychelles,2012,0.0,0.0,0.0,0.0,0.0,0.0,0.0
Seychelles,2013,0.0,0.0,0.0,2.38849914318e-05,0.0,2.38849914318e-05,2.38849914318e-05
Seychelles,2014,0.0,0.0,0.0,2.7297133065e-05,0.0,2.7297133065e-05,2.7297133065e-05
Seychelles,2015,0.0,0.0,0.0,3.07092746981e-05,0.0,3.07092746981e-05,3.07092746981e-05
Seychelles,2016,0.0,0.0,0.0,3.07092746981e-05,0.0,3.07092746981e-05,3.07092746981e-05
Seychelles,2017,0.0,0.0,0.0,3.41214163312e-05,0.0,3.41214163312e-05,3.41214163312e-05
Seychelles,2018,0.0,0.0,0.0,4.09456995975e-05,0.0,4.09456995975e-05,4.09456995975e-05
Seychelles,2019,0.0,0.0,0.0,0.000160370656757,0.0,0.000160370656757,0.000160370656757
Seychelles,2020,0.0,0.0,0.0,0.0002217892061533,0.0,0.0002217892061533,0.0002217892061533
Seychelles,2021,0.0,0.0,0.0,0.0002661470473839,0.0,0.0002661470473839,0.0002661470473839
Seychelles,2022,0.0,0.0,0.0,0.000290921304344,0.0,0.000290921304344,0.000290921304344
Seychelles,2023,0.0,0.0,0.0,0.000290921304344,0.0,0.000290921304344,0.000290921304344
Sierra Leone,1980,0.0,0.0,0.0,0.0,0.0,0.0,0.0
Sierra Leone,1981,0.0,0.0,0.0,0.0,0.0,0.0,0.0
Sierra Leone,1982,0.0,0.0,0.0,0.0,0.0,0.0,0.0
Sierra Leone,1983,0.0,0.0,0.0,0.0,0.0,0.0,0.0
Sierra Leone,1984,0.0,0.0,0.0,0.0,0.0,0.0,0.0
Sierra Leone,1985,0.0,0.0,0.0,0.0,0.0,0.0,0.0
Sierra Leone,1986,0.0,0.0,0.0,0.0,0.0,0.0,0.0
Sierra Leone,1987,0.0,0.0,0.0,0.0,0.0,0.0,0.0
Sierra Leone,1988,0.0,0.0,0.0,0.0,0.0,0.0,0.0
Sierra Leone,1989,0.0,0.0,0.0,0.0,0.0,0.0,0.0
Sierra Leone,1990,0.0,0.0,0.0,0.0,0.0,0.0,0.0
Sierra Leone,1991,0.0,0.0,0.0,0.0,0.0,0.0,0.0
Sierra Leone,1992,0.0,0.0,0.0,0.0,0.0,0.0,0.0
Sierra Leone,1993,0.0,0.0,0.0,0.0,0.0,0.0,0.0
Sierra Leone,1994,0.0,0.0,0.0,0.0,0.0,0.0,0.0
Sierra Leone,1995,0.0,0.0,0.0,0.0,0.0,0.0,0.0
Sierra Leone,1996,0.0,0.0,0.0,0.0,0.0,0.0,0.0
Sierra Leone,1997,0.0,0.0,0.0,0.0,0.0,0.0,0.0
Sierra Leone,1998,0.0,0.0,0.0,0.0,0.0,0.0,0.0
Sierra Leone,1999,0.0,0.0,0.0,0.0,0.0,0.0,0.0
Sierra Leone,2000,0.0,0.0,0.0,5.11821244969e-05,0.0,5.11821244969e-05,5.11821244969e-05
Sierra Leone,2001,0.0,0.0,0.0,5.11821244969e-05,0.0,5.11821244969e-05,5.11821244969e-05
Sierra Leone,2002,0.0,0.0,0.0,5.459426613e-05,0.0,5.459426613e-05,5.459426613e-05
Sierra Leone,2003,0.0,0.0,0.0,5.459426613e-05,0.0,5.459426613e-05,5.459426613e-05
Sierra Leone,2004,0.0,0.0,0.0,5.459426613e-05,0.0,5.459426613e-05,5.459426613e-05
Sierra Leone,2005,0.0,0.0,0.0,6.14185493963e-05,0.0,6.14185493963e-05,6.14185493963e-05
Sierra Leone,2006,0.0,0.0,0.0,1.36485665325e-05,0.0,1.36485665325e-05,1.36485665325e-05
Sierra Leone,2007,0.0,0.0,0.0,6.14185493963e-05,0.0,6.14185493963e-05,6.14185493963e-05
Sierra Leone,2008,0.0,0.0,0.0,6.14185493963e-05,0.0,6.14185493963e-05,6.14185493963e-05
Sierra Leone,2009,0.0,0.0,0.0,6.14185493963e-05,0.0,6.14185493963e-05,6.14185493963e-05
Sierra Leone,2010,0.0,0.0,0.0,0.0004196934208747,0.0,0.0004196934208747,0.0004196934208747
Sierra Leone,2011,0.0,0.0,0.0,0.0005118212449691,0.0,0.0005118212449691,0.0005118212449691
Sierra Leone,2012,0.0,0.0,0.0,0.0003958084294428,0.0,0.0003958084294428,0.0003958084294428
Sierra Leone,2013,0.0,0.0,0.0,0.0003582748714784,0.0,0.0003582748714784,0.0003582748714784
Sierra Leone,2014,0.0,0.0,0.0,0.000402632712709,0.0,0.000402632712709,0.000402632712709
Sierra Leone,2015,0.0,0.0,0.0,0.0004721826996297,0.0,0.0004721826996297,0.0004721826996297
Sierra Leone,2016,0.0,0.0,0.0,0.0004795039035224,0.0,0.0004795039035224,0.0004795039035224
Sierra Leone,2017,0.0,0.0,0.0,0.0005101181742771,0.0,0.0005101181742771,0.0005101181742771
Sierra Leone,2018,0.0,0.0,0.0,0.0006460588169791,0.0,0.0006460588169791,0.0006460588169791
Sierra Leone,2019,0.0,0.0,0.0,0.0006791851920077,0.0,0.0006791851920077,0.0006791851920077
Sierra Leone,2020,0.0,0.0,0.0,0.0006785251646109,0.0,0.0006785251646109,0.0006785251646109
Sierra Leone,2021,0.0,0.0,0.0,0.0006785251646109,0.0,0.0006785251646109,0.0006785251646109
Sierra Leone,2022,0.0,0.0,0.0,0.0006785251646109,0.0,0.0006785251646109,0.0006785251646109
Sierra Leone,2023,0.0,0.0,0.0,0.0007297072891078,0.0,0.0007297072891078,0.0007297072891078
Singapore,1980,0.0,0.0,0.0,0.0,0.0,0.0,0.0
Singapore,1981,0.0,0.0,0.0,0.0,0.0,0.0,0.0
Singapore,1982,0.0,0.0,0.0,0.0,0.0,0.0,0.0
Singapore,1983,0.0,0.0,0.0,0.0,0.0,0.0,0.0
Singapore,1984,0.0,0.0,0.0,0.0,0.0,0.0,0.0
Singapore,1985,0.0,0.0,0.0,0.0,0.0,0.0,0.0
Singapore,1986,0.0,0.0,0.0,0.0,0.0,0.0,0.0
Singapore,1987,0.0,0.0,0.0,0.0,0.0,0.0,0.0
Singapore,1988,0.0,0.0,0.0,0.0,0.0,0.0,0.0
Singapore,1989,0.0,0.0,0.0,0.0,0.0,0.0,0.0
Singapore,1990,0.0,0.0,0.0,0.0017684134043157,0.0,0.0017684134043157,0.0017684134043157
Singapore,1991,0.0,0.0,0.0,0.005113852268707,0.0,0.005113852268707,0.005113852268707
Singapore,1992,0.0,0.0,0.0,0.0050677903567428,0.0,0.0050677903567428,0.0050677903567428
Singapore,1993,0.0,0.0,0.0,0.0050516196855213,0.0,0.0050516196855213,0.0050516196855213
Singapore,1994,0.0,0.0,0.0,0.0050550498279016,0.0,0.0050550498279016,0.0050550498279016
Singapore,1995,0.0,0.0,0.0,0.0050530897465414,0.0,0.0050530897465414,0.0050530897465414
Singapore,1996,0.0,0.0,0.0,0.0050668103160627,0.0,0.0050668103160627,0.0050668103160627
Singapore,1997,0.0,0.0,0.0,0.005004577732877,0.0,0.005004577732877,0.005004577732877
Singapore,1998,0.0,0.0,0.0,0.0049967374074363,0.0,0.0049967374074363,0.0049967374074363
Singapore,1999,0.0,0.0,0.0,0.0050109479972976,0.0,0.0050109479972976,0.0050109479972976
Singapore,2000,0.0,0.0,0.0,0.0049986974887965,0.0,0.0049986974887965,0.0049986974887965
Singapore,2001,0.0,0.0,0.0,0.0097754237638848,0.0,0.0097754237638848,0.0097754237638848
Singapore,2002,0.0,0.0,0.0,0.0096240574808865,0.0,0.0096240574808865,0.0096240574808865
Singapore,2003,0.0,0.0,0.0,0.0100241660888236,0.0,0.0100241660888236,0.0100241660888236
Singapore,2004,0.0,0.0,0.0,0.0095957263048998,0.0,0.0095957263048998,0.0095957263048998
Singapore,2005,0.0,0.0,0.0,0.0095985614987402,0.0,0.0095985614987402,0.0095985614987402
Singapore,2006,0.0,0.0,0.0,0.0094631188005516,0.0,0.0094631188005516,0.0094631188005516
Singapore,2007,0.0,0.0,0.0,0.009627415620278,0.0,0.009627415620278,0.009627415620278
Singapore,2008,0.0,0.0,0.0,0.0103308328181217,0.0,0.0103308328181217,0.0103308328181217
Singapore,2009,0.0,0.0,0.0,0.0103953074943735,0.0,0.0103953074943735,0.0103953074943735
Singapore,2010,0.0,0.0,0.0,0.0136014801481605,0.0,0.0136014801481605,0.0136014801481605
Singapore,2011,0.0,0.0,0.0,0.0308843595297854,0.0,0.0308843595297854,0.0308843595297854
Singapore,2012,0.0,0.0,0.0,0.0460119016061945,0.0,0.0460119016061945,0.0460119016061945
Singapore,2013,0.0,0.0,0.0,0.0470311387056116,0.0,0.0470311387056116,0.0470311387056116
Singapore,2014,0.0,0.0,0.0,0.0490610999715755,0.0,0.0490610999715755,0.0490610999715755
Singapore,2015,0.0,0.0,0.0,0.0522839038538693,0.0,0.0522839038538693,0.0522839038538693
Singapore,2016,0.0,0.0,0.0,0.0501556971444376,0.0,0.0501556971444376,0.0501556971444376
Singapore,2017,0.0,0.0,0.0,0.0574253588691475,0.0,0.0574253588691475,0.0574253588691475
Singapore,2018,0.0,0.0,0.0,0.0536427356434638,0.0,0.0536427356434638,0.0536427356434638
Singapore,2019,0.0,0.0,0.0,0.0637923783107099,0.0,0.0637923783107099,0.0637923783107099
Singapore,2020,0.0,0.0,0.0,0.0626318709501246,0.0,0.0626318709501246,0.0626318709501246
Singapore,2021,0.0,0.0,0.0,0.063224064853645,0.0,0.063224064853645,0.063224064853645
Singapore,2022,0.0,0.0,0.0,0.0693791605802972,0.0,0.0693791605802972,0.0693791605802972
Singapore,2023,0.0,0.0,0.0,0.0700749864040274,0.0,0.0700749864040274,0.0700749864040274
Slovakia,1993,0.0377724584163971,0.008675588845,0.1431226238157894,0.1548537127565438,0.0022671220400728,0.0117310889407543,0.2035688820580138
Slovakia,1994,0.0386989325867458,0.01001293258,0.1419523652400267,0.1566621078204412,0.003062204845173,0.0147097425804145,0.2084361778323601
Slovakia,1995,0.0400300736360972,0.0116497,0.1284487571205317,0.1449328133501727,0.003409906830601,0.016484056229641,0.2000224938168711
Slovakia,1996,0.0407755126237341,0.0106453536,0.133081800255538,0.1473616129901784,0.0032797802367941,0.0142798127346404,0.2020622594507067
Slovakia,1997,0.0416913376656879,0.0097977936,0.1235084203082035,0.1372661063701112,0.0029257116757741,0.0137576860619076,0.1916809493115732
Slovakia,1998,0.0420747062879011,0.008814624,0.1285366119152588,0.143071867252957,0.0026589676867031,0.0145352553376982,0.1966201652275612
Slovakia,1999,0.0399129332237543,0.0072212112,0.147976230698082,0.1634056251502184,0.0030126387249544,0.0154293944521363,0.2135524082989272
Slovakia,2000,0.0388480203842731,0.005859005705,0.1860717084349769,0.2019882291070272,0.0026589552641165,0.0159165206720503,0.249354210460417
Slovakia,2001,0.0364626156238353,0.0066448704,0.1935557537830149,0.2133205555475542,0.002081603132969,0.0197648017645392,0.2585096447043586
Slovakia,2002,0.0362496330559391,0.00640077312,0.2031692134890029,0.2226882949266743,0.0020320121675774,0.0195190814376713,0.2673707132701908
Slovakia,2003,0.0329803506387319,0.007339693025,0.202168555973138,0.2151533045038234,0.0019014632058287,0.0129847485306853,0.2573748113733841
Slovakia,2004,0.0314362270214842,0.00625817115,0.1926861347513704,0.2073777996018846,0.0017271556830601,0.0146916648505142,0.2467993534564289
Slovakia,2005,0.0267399613993722,0.005570270265,0.1946040616567781,0.2122027202793413,0.0013790561748633,0.0175986586225631,0.2458920081185769
Slovakia,2006,0.0234387315969806,0.00776230763,0.1977370726885933,0.2186060127669466,0.0012486065938069,0.0208689400783532,0.2510556585877341
Slovakia,2007,0.0224803100414475,0.0047915392,0.1689234763843457,0.1913472296365646,0.0010623423315118,0.0224237532522188,0.219681421209524
Slovakia,2008,0.0258028381006288,0.0038542791,0.1848084601173427,0.2098799849189976,0.0009548,0.0250715248016549,0.2404919021196264
Slovakia,2009,0.0274002073598505,0.003866604035,0.1563809890956043,0.1830990274942771,0.0004534244080145,0.0267180383986728,0.2148192632971422
Slovakia,2010,0.0253236273228622,0.0038934698132878,0.1528888470937752,0.1846988170193546,0.0004534244080145,0.0318099699255794,0.2143693385635193
Slovakia,2011,0.0253023290660726,0.0045315079139418,0.1714976585829738,0.1996055887184405,0.0004534244080145,0.0281079301354667,0.2298928501064696
Slovakia,2012,0.0244078022809084,0.0056080466306511,0.1723467753025966,0.2021154323334484,0.0004546666666666,0.0297686570308518,0.2325859479116747
Slovakia,2013,0.0250573991129919,0.0046023732347644,0.174894125461465,0.20647076402785,0.0004534244080145,0.031576638566385,0.2365839607836211
Slovakia,2014,0.0242004042035189,0.0036963321012226,0.1724544098163516,0.2068972472930703,0.0004534244080145,0.0344428374767187,0.2352474080058265
Slovakia,2015,0.020689930119692,0.0034678703440432,0.1684001764649131,0.2044274741418208,0.0004534244080145,0.0360272976769076,0.2290386990135706
Slovakia,2016,0.0188697992830511,0.0034309784197392,0.1642263492093024,0.2033744946452765,0.0004546666666666,0.0391481454359741,0.2261299390147335
Slovakia,2017,0.0187369853194996,0.0052514975811909,0.1676228160877936,0.2064001077702201,0.0004894374863387,0.0387772916824264,0.2308780281572494
Slovakia,2018,0.0153451210195683,0.002975848628854,0.1648482375109979,0.2003819103096988,0.0004794248816029,0.0355336727987008,0.2191823048397241
Slovakia,2019,0.0149671120463832,0.0025557288225258,0.1694406434312115,0.2081836297808247,0.0004721328233151,0.0387429863496131,0.2261786034730489
Slovakia,2020,0.0100223460187726,0.0023060726274106,0.1707625802886787,0.2105942487943977,0.0001821213296903,0.0398316685057189,0.2231047887702714
Slovakia,2021,0.0109724766811028,0.0020490554859769,0.1881259364364486,0.2271413691861519,0.0002072646448087,0.0390154327497033,0.2403701659980405
Slovakia,2022,0.0081965231453138,0.0019389052825054,0.19039827769029,0.2271837760855983,9.79024043715e-05,0.0367854983953083,0.2374171069177892
Slovakia,2023,0.0072072875932932,0.0017186048755622,0.2028664024635904,0.2412378522882682,6.4814845173e-05,0.0383714498246778,0.2502285596022968
Slovenia,1992,0.0633845402612759,0.00054663,0.037853591248532,0.0493832178268713,0.0,0.0115296265783393,0.1133143880881473
Slovenia,1993,0.0582332670753488,0.0006773417,0.0377532370829739,0.0479009462998964,0.0,0.0101477092169224,0.1068115550752452
Slovenia,1994,0.0551970861909281,0.00033565,0.0430017599416648,0.0544256101293772,0.0,0.0114238501877123,0.1099583463203054
Slovenia,1995,0.055538230110526,0.00033565,0.0457414286614022,0.0566159240461809,0.0,0.0108744953847787,0.1124898041567069
Slovenia,1996,0.0542077688240944,0.0003682,0.0437544161833509,0.0560927203287416,0.0,0.0123383041453906,0.110668689152836
Slovenia,1997,0.0560613174539093,0.000486181605,0.0480194682195721,0.0584128516340798,0.0,0.0103933834145077,0.1149603506929891
Slovenia,1998,0.0554358869346466,0.00033436242,0.0480395390526837,0.0596408206053187,0.0,0.0116012815526349,0.1154110699599653
Slovenia,1999,0.0518083899229231,0.0,0.0449988078362719,0.0578861567717279,0.0,0.012887348935456,0.1096945466946511
Slovenia,2000,0.0509441586599419,0.0,0.0456511099123999,0.059232395652182,0.0,0.0135812857397821,0.1101765543121239
Slovenia,2001,0.0469982606565937,0.0,0.0505383577750815,0.0640471865072767,0.0,0.0135088287321951,0.1110454471638704
Slovenia,2002,0.0532866802411803,0.00022714608,0.0532880619113746,0.0654663934165294,0.0,0.0121783315051547,0.1189802197377097
Slovenia,2003,0.0549241710552499,0.0001892884,0.049805772366507,0.061051631166051,0.0,0.0112458587995439,0.1161650906213009
Slovenia,2004,0.0546853703115314,0.0001892884,0.0523045910889048,0.0673278266819668,1.27871999999e-05,0.0150232355930619,0.1222152725934982
Slovenia,2005,0.0516264464991376,0.00015143072,0.0563388285443422,0.0692287555868118,1.06268852459e-05,0.0128899270424695,0.1210172596911953
Slovenia,2006,0.0514217601473789,0.00015143072,0.0530773181637025,0.0664462942431249,1.06268852459e-05,0.0133689760794223,0.1180301119957497
Slovenia,2007,0.0515695891792046,0.00011357304,0.0544742481482719,0.0668676659621302,1.06268852459e-05,0.0123934178138582,0.1185614550665807
Slovenia,2008,0.0513990172194057,0.000113467095,0.0599315076713238,0.0766997297099356,1.06559999999e-05,0.0167682220386117,0.1282228700243413
Slovenia,2009,0.0503642139966256,0.000113467095,0.0547903637697801,0.0728702202913703,1.06268852459e-05,0.0180798565215902,0.1233585282682419
Slovenia,2010,0.0503755854606122,0.0002647275139797,0.0540005764868375,0.072185400912256,1.06268852459e-05,0.0181848244254185,0.1228363407720938
Slovenia,2011,0.0511829594036604,7.56705525542e-05,0.0592290285124168,0.0739688995276136,1.06268852459e-05,0.0147398710151967,0.1252381563690742
Slovenia,2012,0.0486471229346499,7.58411524973e-05,0.0526257244186909,0.0689188207860435,1.06559999999e-05,0.0162930963673526,0.1176524408731908
Slovenia,2013,0.044075794412039,0.00011353994882,0.0505383577750815,0.0694789261029331,1.06268852459e-05,0.0189405683278515,0.1136788873490381
Slovenia,2014,0.0341714204368014,0.00011353994882,0.0608246597447913,0.0847458666799407,1.06268852459e-05,0.0239212069351494,0.1190414539508081
Slovenia,2015,0.0360258512500484,0.000113377878874,0.0539102577378351,0.0702247023271392,1.06268852459e-05,0.016314444589304,0.1063745583413075
Slovenia,2016,0.0393438167982845,0.0001889624893619,0.0545023473146282,0.0732631896504101,1.06559999999e-05,0.0187608423357819,0.1128066249380567
Slovenia,2017,0.0394260523066715,0.0003023394050939,0.0598893589217894,0.0766436995705508,0.0,0.0167543406487614,0.1163720912823163
Slovenia,2018,0.0377930900687015,0.0005894758238514,0.0550934333497657,0.074353724816968,0.0,0.0192602914672023,0.1127362907095211
Slovenia,2019,0.036921522907027,0.0003814255326397,0.0555259598033213,0.0740298044714969,0.0,0.0185038446681756,0.1113327529111637
Slovenia,2020,0.0372945901647894,0.0001849567085501,0.0606237211099974,0.0812374837578563,0.0,0.0206137626478588,0.1187170306311958
Slovenia,2021,0.0306858157687782,0.0001742746620572,0.0543795019341238,0.0746153866968111,8.7926557377e-06,0.0202358847626872,0.1054842697833843
Slovenia,2022,0.0259519545409659,0.0001459898065547,0.053296618643754,0.068535845573508,0.0,0.0152392269297539,0.0946337899210287
Slovenia,2023,0.0268496621374593,0.0001517069581988,0.0537522900875437,0.0767088027297103,0.0,0.0229565126421665,0.1037101718253685
Solomon Islands,1980,0.0,0.0,0.0,0.0,0.0,0.0,0.0
Solomon Islands,1981,0.0,0.0,0.0,0.0,0.0,0.0,0.0
Solomon Islands,1982,0.0,0.0,0.0,0.0,0.0,0.0,0.0
Solomon Islands,1983,0.0,0.0,0.0,0.0,0.0,0.0,0.0
Solomon Islands,1984,0.0,0.0,0.0,0.0,0.0,0.0,0.0
Solomon Islands,1985,0.0,0.0,0.0,0.0,0.0,0.0,0.0
Solomon Islands,1986,0.0,0.0,0.0,0.0,0.0,0.0,0.0
Solomon Islands,1987,0.0,0.0,0.0,0.0,0.0,0.0,0.0
Solomon Islands,1988,0.0,0.0,0.0,0.0,0.0,0.0,0.0
Solomon Islands,1989,0.0,0.0,0.0,0.0,0.0,0.0,0.0
Solomon Islands,1990,0.0,0.0,0.0,0.0,0.0,0.0,0.0
Solomon Islands,1991,0.0,0.0,0.0,0.0,0.0,0.0,0.0
Solomon Islands,1992,0.0,0.0,0.0,0.0,0.0,0.0,0.0
Solomon Islands,1993,0.0,0.0,0.0,0.0,0.0,0.0,0.0
Solomon Islands,1994,0.0,0.0,0.0,0.0,0.0,0.0,0.0
Solomon Islands,1995,0.0,0.0,0.0,0.0,0.0,0.0,0.0
Solomon Islands,1996,0.0,0.0,0.0,0.0,0.0,0.0,0.0
Solomon Islands,1997,0.0,0.0,0.0,0.0,0.0,0.0,0.0
Solomon Islands,1998,0.0,0.0,0.0,0.0,0.0,0.0,0.0
Solomon Islands,1999,0.0,0.0,0.0,0.0,0.0,0.0,0.0
Solomon Islands,2000,0.0,0.0,0.0,0.0,0.0,0.0,0.0
Solomon Islands,2001,0.0,0.0,0.0,0.0,0.0,0.0,0.0
Solomon Islands,2002,0.0,0.0,0.0,0.0,0.0,0.0,0.0
Solomon Islands,2003,0.0,0.0,0.0,0.0,0.0,0.0,0.0
Solomon Islands,2004,0.0,0.0,0.0,0.0,0.0,0.0,0.0
Solomon Islands,2005,0.0,0.0,0.0,0.0,0.0,0.0,0.0
Solomon Islands,2006,0.0,0.0,0.0,9.9194117406e-06,0.0,9.9194117406e-06,9.9194117406e-06
Solomon Islands,2007,0.0,0.0,0.0,1.97688205755e-05,0.0,1.97688205755e-05,1.97688205755e-05
Solomon Islands,2008,0.0,0.0,0.0,1.97088180849e-05,0.0,1.97088180849e-05,1.97088180849e-05
Solomon Islands,2009,0.0,0.0,0.0,2.92812154214e-05,0.0,2.92812154214e-05,2.92812154214e-05
Solomon Islands,2010,0.0,0.0,0.0,1.95128099488e-05,0.0,1.95128099488e-05,1.95128099488e-05
Solomon Islands,2011,0.0,0.0,0.0,3.25613515752e-05,0.0,3.25613515752e-05,3.25613515752e-05
Solomon Islands,2012,0.0,0.0,0.0,3.1961326669e-05,0.0,3.1961326669e-05,3.1961326669e-05
Solomon Islands,2013,0.0,0.0,0.0,3.23775439456e-05,0.0,3.23775439456e-05,3.23775439456e-05
Solomon Islands,2014,0.0,0.0,0.0,4.31597915013e-05,0.0,4.31597915013e-05,4.31597915013e-05
Solomon Islands,2015,0.0,0.0,0.0,4.23957597874e-05,0.0,4.23957597874e-05,4.23957597874e-05
Solomon Islands,2016,0.0,0.0,0.0,4.40950303217e-05,0.0,4.40950303217e-05,4.40950303217e-05
Solomon Islands,2017,0.0,0.0,0.0,4.77723829634e-05,0.0,4.77723829634e-05,4.77723829634e-05
Solomon Islands,2018,0.0,0.0,0.0,4.97248640081e-05,0.0,4.97248640081e-05,4.97248640081e-05
Solomon Islands,2019,0.0,0.0,0.0,4.89288309659e-05,0.0,4.89288309659e-05,4.89288309659e-05
Solomon Islands,2020,0.0,0.0,0.0,4.84008090484e-05,0.0,4.84008090484e-05,4.84008090484e-05
Solomon Islands,2021,0.0,0.0,0.0,4.84008090484e-05,0.0,4.84008090484e-05,4.84008090484e-05
Solomon Islands,2022,0.0,0.0,0.0,5.75192095422e-05,0.0,5.75192095422e-05,5.75192095422e-05
Solomon Islands,2023,0.0,0.0,0.0,5.89784481111e-05,0.0,5.89784481111e-05,5.89784481111e-05
Somalia,1980,0.0,0.0,0.0,0.0,0.0,0.0,0.0
Somalia,1981,0.0,0.0,0.0,0.0,0.0,0.0,0.0
Somalia,1982,0.0,0.0,0.0,0.0,0.0,0.0,0.0
Somalia,1983,0.0,0.0,0.0,0.0,0.0,0.0,0.0
Somalia,1984,0.0,0.0,0.0,0.0,0.0,0.0,0.0
Somalia,1985,0.0,0.0,0.0,0.0,0.0,0.0,0.0
Somalia,1986,0.0,0.0,0.0,0.0,0.0,0.0,0.0
Somalia,1987,0.0,0.0,0.0,0.0,0.0,0.0,0.0
Somalia,1988,0.0,0.0,0.0,0.0,0.0,0.0,0.0
Somalia,1989,0.0,0.0,0.0,0.0,0.0,0.0,0.0
Somalia,1990,0.0,0.0,0.0,0.0,0.0,0.0,0.0
Somalia,1991,0.0,0.0,0.0,0.0,0.0,0.0,0.0
Somalia,1992,0.0,0.0,0.0,0.0,0.0,0.0,0.0
Somalia,1993,0.0,0.0,0.0,0.0,0.0,0.0,0.0
Somalia,1994,0.0,0.0,0.0,0.0,0.0,0.0,0.0
Somalia,1995,0.0,0.0,0.0,0.0,0.0,0.0,0.0
Somalia,1996,0.0,0.0,0.0,0.0,0.0,0.0,0.0
Somalia,1997,0.0,0.0,0.0,0.0,0.0,0.0,0.0
Somalia,1998,0.0,0.0,0.0,0.0,0.0,0.0,0.0
Somalia,1999,0.0,0.0,0.0,0.0,0.0,0.0,0.0
Somalia,2000,0.0,0.0,0.0,0.0,0.0,0.0,0.0
Somalia,2001,0.0,0.0,0.0,0.0,0.0,0.0,0.0
Somalia,2002,0.0,0.0,0.0,0.0,0.0,0.0,0.0
Somalia,2003,0.0,0.0,0.0,0.0,0.0,0.0,0.0
Somalia,2004,0.0,0.0,0.0,0.0,0.0,0.0,0.0
Somalia,2005,0.0,0.0,0.0,0.0,0.0,0.0,0.0
Somalia,2006,0.0,0.0,0.0,0.0,0.0,0.0,0.0
Somalia,2007,0.0,0.0,0.0,0.0,0.0,0.0,0.0
Somalia,2008,0.0,0.0,0.0,0.0,0.0,0.0,0.0
Somalia,2009,0.0,0.0,0.0,0.0,0.0,0.0,0.0
Somalia,2010,0.0,0.0,0.0,0.0,0.0,0.0,0.0
Somalia,2011,0.0,0.0,0.0,0.0,0.0,0.0,0.0
Somalia,2012,0.0,0.0,0.0,1.36485665325e-05,0.0,1.36485665325e-05,1.36485665325e-05
Somalia,2013,0.0,0.0,0.0,1.36485665325e-05,0.0,1.36485665325e-05,1.36485665325e-05
Somalia,2014,0.0,0.0,0.0,1.39897806958e-05,0.0,1.39897806958e-05,1.39897806958e-05
Somalia,2015,0.0,0.0,0.0,1.77431364922e-05,0.0,1.77431364922e-05,1.77431364922e-05
Somalia,2016,0.0,0.0,0.0,4.09456995975e-05,0.0,4.09456995975e-05,4.09456995975e-05
Somalia,2017,0.0,0.0,0.0,5.86888360898e-05,0.0,5.86888360898e-05,5.86888360898e-05
Somalia,2018,0.0,0.0,0.0,5.86888360898e-05,0.0,5.86888360898e-05,5.86888360898e-05
Somalia,2019,0.0,0.0,0.0,5.86888360898e-05,0.0,5.86888360898e-05,5.86888360898e-05
Somalia,2020,0.0,0.0,0.0,0.0001030466773204,0.0,0.0001030466773204,0.0001030466773204
Somalia,2021,0.0,0.0,0.0,0.000121131027976,0.0,0.000121131027976,0.000121131027976
Somalia,2022,0.0,0.0,0.0,0.0002463566259118,0.0,0.0002463566259118,0.0002463566259118
Somalia,2023,0.0,0.0,0.0,0.0002463566259118,0.0,0.0002463566259118,0.0002463566259118
South Africa,1980,2.525071319160783,0.0,0.0,0.0033848445000629,0.0,0.0033848445000629,2.528456163660846
South Africa,1981,2.8031327312753445,0.0,0.0,0.0056505065444598,0.0,0.0056505065444598,2.8087832378198043
South Africa,1982,3.0376340169337777,0.0,0.0,0.0034667358992579,0.0,0.0034667358992579,3.041100752833036
South Africa,1983,3.1934367318666803,0.0,0.0,0.0020302242717111,0.0,0.0020302242717111,3.195466956138392
South Africa,1984,3.5731976610521885,0.0,0.0404605794608909,0.0423713787754426,0.0,0.0019107993145516,3.6155690398276312
South Africa,1985,3.806132718269074,0.0,0.0547892942253848,0.0569184706044566,0.0,0.0021291763790718,3.8630511888735306
South Africa,1986,3.876251425066134,0.0,0.0907450906991651,0.0962829965697318,0.0,0.0055379058705666,3.972534421635866
South Africa,1987,3.8736674985797306,0.0,0.0635720747860674,0.0690895078068353,0.0,0.0055174330207678,3.942757006386566
South Africa,1988,3.979072463502314,0.0,0.1081663338300965,0.1189555256740471,0.0,0.0107891918439505,4.0980279891763605
South Africa,1989,3.867349157175166,0.0,0.1144132411303003,0.1238273398961003,0.0,0.0094140987657999,3.991176497071266
South Africa,1990,3.770739453167804,0.0,0.0870959072267688,0.0905421702762281,0.0,0.0034462630494592,3.861281623444032
South Africa,1991,3.8196865537158624,0.0,0.0917638489863672,0.0985198894199605,0.0,0.0067560404335933,3.9182064431358232
South Africa,1992,3.7524870010516858,0.0465882543,0.0932089489704045,0.0957748794785167,0.0,0.0025659305081122,3.8948501348302025
South Africa,1993,3.915138066723929,0.066371424,0.0728069471124337,0.0733051197908704,0.0,0.0004981726784366,4.054814610514799
South Africa,1994,4.176562946634904,0.072470199,0.0973134343417326,0.100978074455712,0.01362938032,0.0036646401139794,4.3636406004106165
South Africa,1995,4.3889264265079735,0.07247334,0.113410242497259,0.1152152654211837,0.01362938032,0.0018050229239246,4.590244412249158
South Africa,1996,4.413819509756222,0.0680653092,0.118167029944715,0.123288070511798,0.013666721088,0.005121040567083,4.61883961055602
South Africa,1997,4.643591962002459,0.06470590875,0.1269179131813852,0.1355472733738073,0.01362938032,0.0086293601924221,4.857474524446266
South Africa,1998,4.748664355772077,0.05361346725,0.1364917005756322,0.1442896712582627,0.049271761395,0.0077979706826304,4.99583925567534
South Africa,1999,4.722957529622694,0.051764727,0.12882464232699,0.1333164627760442,0.036655855,0.0044918204490542,4.944694574398738
South Africa,2000,4.929281337584539,0.06100842825,0.1305607693911459,0.1374493743273024,0.043336596,0.0068886049361565,5.171075736161841
South Africa,2001,4.898169393212923,0.0776470905,0.107569630061775,0.1175150938837798,0.033262085,0.0099454638220048,5.126593662596703
South Africa,2002,4.8253601605025365,0.0850420515,0.1203246445042151,0.1311623493618716,0.04535646815,0.0108377048576564,5.086921029514408
South Africa,2003,5.244126041679783,0.0843025554,0.1270784798462783,0.1321850028107563,0.030092337891,0.005106522964478,5.490705937781539
South Africa,2004,5.322475138558739,0.07505885415,0.1433057484170302,0.1492841845733801,0.079604790518,0.0059784361563498,5.62642296780012
South Africa,2005,5.369061899257357,0.0687731373,0.1228134278100571,0.1301308455456208,0.037063277933,0.0073174177355636,5.605029160035978
South Africa,2006,5.361512612315444,0.1072269345,0.1010967863832747,0.1137760146799401,0.037816043219,0.0126792282966654,5.6203316047143845
South Africa,2007,5.427330045474176,0.05657145165,0.1264552804781622,0.1322379485084567,0.037855253471,0.0057826680302944,5.653994699103633
South Africa,2008,5.5362530948957325,0.0502857348,0.1279284796285557,0.1349161216756014,0.038843198,0.0069876420470456,5.760298149371335
South Africa,2009,5.483117741778997,0.0391932933,0.1161479041336852,0.1238960858929701,0.016743645,0.0077481817592849,5.662950765971968
South Africa,2010,5.5790880087870445,0.03586556085,0.1294558700283507,0.139457713333909,0.0156971,0.0100018433055583,5.770108382970953
South Africa,2011,5.647405643223444,0.0473277504,0.1298432371074051,0.1396882851198045,0.016743645,0.0098450480123994,5.851165323743249
South Africa,2012,5.668575421546241,0.0406722855,0.1244190944589874,0.1313359049244267,0.016608494,0.0069168104654392,5.857192105970668
South Africa,2013,5.621080838060959,0.0436302699,0.1366291857824469,0.1432453787696838,0.015878124,0.0066161929872369,5.823834610730642
South Africa,2014,5.727432339654863,0.03512606475,0.1481528546134886,0.1611178381299567,0.01467884,0.0129649835164681,5.93835508253482
South Africa,2015,5.628899957155329,0.0406722855,0.1100383425345053,0.1320438003081535,0.01467884,0.0220054577736481,5.816294882963483
South Africa,2016,5.594413707603176,0.0359025761739,0.1526286503973818,0.1808206439652987,0.009245526,0.0281919935679169,5.820382453742374
South Africa,2017,5.621366310627474,0.0336101577381,0.1514043295775725,0.1876256824327305,0.007945663049,0.036221352855158,5.850547813847304
South Africa,2018,5.576496357666011,0.03992437213773,0.1060141404956237,0.1503541643452244,0.007047366056,0.0443400238496006,5.773822260204965
South Africa,2019,5.623544319855608,0.04546172476632,0.1365117714087438,0.1819581911832598,0.006285767169,0.0454464197745159,5.857250002974187
South Africa,2020,5.394764811128712,0.04347612924078,0.1165748153247468,0.1672211349396816,0.005653379732,0.0506463196149348,5.611115455041174
South Africa,2021,5.146257997149101,0.002677473218517,0.1219639919915489,0.1838060393251581,0.005082627285,0.0618420473336091,5.337824136977777
South Africa,2022,5.42029671888835,0.00248968838589,0.1012502851314686,0.169668526433501,0.004606355687,0.0684182413020324,5.597061289394741
South Africa,2023,5.302683960470321,0.002443800146367,0.0815501850508785,0.1556871757300334,0.004194594972,0.0741369906791548,5.465009531318722
South Korea,1980,0.4835042196152719,0.0,0.032502635137983,0.0377539211113669,0.0,0.0052512859733839,0.5212581407266389
South Korea,1981,0.5156945676594565,0.0,0.0270827241652161,0.0347839278311859,0.0,0.0077012036659697,0.5504784954906424
South Korea,1982,0.5222105171425938,0.0,0.0353031863848672,0.0406261273325467,0.0,0.0053229409476795,0.5628366444751407
South Korea,1983,0.515590727827056,0.0,0.0893011877648157,0.0970535735552824,0.0,0.0077523857904666,0.6126443013823383
South Korea,1984,0.5547643046001804,0.0,0.1174692859823593,0.1242185021326863,0.0,0.006749216150327,0.6789828067328668
South Korea,1985,0.585215335451655,0.0,0.1644659867483145,0.1752244693175669,0.0,0.0107584825692523,0.760439804769222
South Korea,1986,0.6296068638029095,0.0,0.2780705023095711,0.2885730742563389,0.0,0.0105025719467678,0.9181799380592484
South Korea,1987,0.6301520229230126,0.0,0.3861511285820693,0.3995437844920964,0.0,0.0133926559100271,1.0296958074151092
South Korea,1988,0.6306971820431159,0.0,0.3938741511537106,0.4005858337460733,0.0,0.0067116825923626,1.0312830157891892
South Korea,1989,0.5395777291115934,0.0,0.468957355750343,0.4789685793019403,0.0,0.0100112235515973,1.0185463084135338
South Korea,1990,0.4469525986102624,0.0,0.506859812034193,0.5226853249286403,0.0,0.0158255128944473,0.9696379235389028
South Korea,1991,0.3909050490720411,0.0,0.5396665335423672,0.5514452464599248,0.0,0.0117787129175576,0.9423502955319658
South Korea,1992,0.3107406984587815,0.0,0.5417648724334189,0.5522333229638553,0.0,0.0104684505304365,0.8629740214226368
South Korea,1993,0.2451398843397054,0.0,0.5571795927484527,0.5714696419079925,0.0,0.0142900491595398,0.8166095262476979
South Korea,1994,0.193090168348907,0.0,0.5591375150880138,0.5670725869415182,0.0,0.0079350718535043,0.7601627552904252
South Korea,1995,0.1484909603328513,0.0,0.6390064325466349,0.6509146996418015,0.0,0.0119082670951666,0.7994056599746527
South Korea,1996,0.1285277525538368,0.0,0.7016999688919459,0.7140657192965915,0.0,0.0123657504046456,0.8425934718504283
South Korea,1997,0.1171832508640718,0.0,0.7290607503942141,0.7393836303222228,0.0,0.0103228799280086,0.8565668811862945
South Korea,1998,0.113211377274749,0.0,0.8499891536313033,0.8650651064125805,0.0,0.0150759527812771,0.9782764836873296
South Korea,1999,0.1089539441463246,0.0,0.9809625614104795,0.9960398452470072,0.0,0.0150772838365273,1.1049937893933317
South Korea,2000,0.1077338261156176,0.0,1.037115640523628,1.0516856423036016,0.0,0.0145700017799734,1.1594194684192194
South Korea,2001,0.099089160068268,0.0,1.0652369985610537,1.0804589964044529,0.0,0.0152219978433992,1.179548156472721
South Korea,2002,0.0861351409762938,0.0,1.1295307281919835,1.1429172419232132,0.0,0.0133865137312296,1.229052382899507
South Korea,2003,0.0856159418142908,0.0,1.226992588401662,1.246243532633185,0.0,0.0192509442315231,1.331859474447476
South Korea,2004,0.0828382262975749,0.0,1.2368733115923756,1.2555778352489833,0.0,0.0187045236566075,1.338416061546558
South Korea,2005,0.0735186013396214,0.01944260262,1.3648622214223027,1.381172805365224,0.0,0.0163105839429212,1.4741340093248456
South Korea,2006,0.0733109216748203,0.0173241264,1.4004643037879154,1.4183256151208157,0.0,0.0178613113328998,1.5089606631956356
South Korea,2007,0.0749204390770295,0.0140016912,1.3550317216662922,1.3786822302337136,0.0,0.0236505085674214,1.4676043605107432
South Korea,2008,0.0719869638117127,0.0085829576,1.4309775401647962,1.457892883645312,0.0,0.0269153434805158,1.5384628050570246
South Korea,2009,0.0653931344542749,0.01978056717,1.39990879623359,1.4323567401456885,0.0,0.0324479439120982,1.517530441769963
South Korea,2010,0.0541005526807101,0.0213605525542601,1.402175817252396,1.4466762087857574,0.0,0.0445003915333613,1.5221373140207275
South Korea,2011,0.0541005526807101,0.0179121978959341,1.4601724194445558,1.5135475170961263,0.0,0.0533750976515705,1.5855602676727705
South Korea,2012,0.0543601522617116,0.0172523931380911,1.4092053362119414,1.4635127683156914,0.0,0.0543074321037498,1.535125313715494
South Korea,2013,0.0471173239517701,0.0183185811771395,1.300403940572595,1.362533215541602,0.0,0.062129274969007,1.4279691206705114
South Korea,2014,0.0456745810728304,0.012730459672069,1.4643472147020806,1.5270043960106547,0.0,0.0626571813085743,1.5854094367555542
South Korea,2015,0.0466912329470563,0.0074326907402142,1.5385128904736676,1.61561431869772,0.0,0.0771014282240526,1.6697382423849907
South Korea,2016,0.045978254584879,0.006086149330269,1.5053140734381678,1.6198383406617118,0.0,0.114524267223544,1.67190274457686
South Korea,2017,0.039584986276437,0.013461737077968,1.3792160138877363,1.5057635437052517,0.0,0.1265475298175151,1.5588102670596564
South Korea,2018,0.0303680244650997,0.0120691435919993,1.240585954751893,1.3956117037309104,0.0,0.1550257489790174,1.438048871788009
South Korea,2019,0.0289295390957002,0.0102306041763501,1.343025119855392,1.5188007272624624,0.0,0.1757756074070704,1.5579608705345127
South Korea,2020,0.0271447516929268,0.0073255022407893,1.463498072139498,1.6566777816349472,0.0,0.193179709495449,1.6911480355686634
South Korea,2021,0.0239214789207539,0.0021794660006969,1.443079800982365,1.6524194226164088,0.0,0.2093396216340436,1.6785203675378595
South Korea,2022,0.0221719730629706,0.0,1.6044126988806344,1.8492526449151223,0.0,0.2448399460344878,1.871424617978093
South Korea,2023,0.0176436049333891,0.0,1.654540586477185,1.91920277786486,0.0,0.2646621913876754,1.9368463827982492
South Sudan,2012,0.0,0.0,0.0,6.8242832662e-06,0.042446560032,6.8242832662e-06,0.0424533843152662
South Sudan,2013,0.0,0.0,0.0,6.8242832662e-06,0.214829763284,6.8242832662e-06,0.2148365875672662
South Sudan,2014,0.0,0.0,0.0,6.8242832662e-06,0.274197730976,6.8242832662e-06,0.2742045552592662
South Sudan,2015,0.0,0.0,0.0,6.8242832662e-06,0.283245720692,6.8242832662e-06,0.2832525449752662
South Sudan,2016,0.0,0.0,0.0,6.8242832662e-06,0.2836872,6.8242832662e-06,0.2836940242832662
South Sudan,2017,0.0,0.0,0.0,1.02364248993e-05,0.2785805229764668,1.02364248993e-05,0.2785907594013662
South Sudan,2018,0.0,0.0,0.0,3.41214163312e-05,0.2890980013428258,3.41214163312e-05,0.2891321227591571
South Sudan,2019,0.0,0.0,0.0,3.75335579644e-05,0.2915433020933103,3.75335579644e-05,0.2915808356512747
South Sudan,2020,0.0,0.0,0.0,3.75335579644e-05,0.3024283198458313,3.75335579644e-05,0.3024658534037958
South Sudan,2021,0.0,0.0,0.0,5.80064077631e-05,0.2915652740821859,5.80064077631e-05,0.2916232804899491
South Sudan,2022,0.0,0.0,0.0,0.0001194249571594,0.2878306549233796,0.0001194249571594,0.2879500798805391
South Sudan,2023,0.0,0.0,0.0,0.0001364856653251,0.2713163212970388,0.0001364856653251,0.2714528069623639
Spain,1980,0.5023395326251852,0.0,0.0586405360849363,0.1617122075746324,0.0,0.103071671489696,0.6640517401998176
Spain,1981,0.6222959131340075,0.0,0.1066397864652947,0.1846912663266557,0.0,0.0780514798613609,0.8069871794606632
Spain,1982,0.7026574559517189,0.0,0.0977656241114844,0.1912875902184734,0.0,0.093521966106989,0.8939450461701923
Spain,1983,0.7093868088226589,0.0027744,0.1171159463157341,0.2138033613546993,0.0,0.0966874150389651,0.925964570177358
Spain,1984,0.702977061432959,0.0088473,0.2511168455017566,0.3626538512436322,0.0994254347826084,0.1115370057418755,1.1739036474591995
Spain,1985,0.7042377041687522,0.0101112,0.3021758678888829,0.4136534951660431,0.0928300000000001,0.1114776272771602,1.2208323993347954
Spain,1986,0.680392023483284,0.014937,0.4036482548628019,0.4980603397736617,0.0916715456409517,0.0944120849108598,1.2850609088978977
Spain,1987,0.6141816410304309,0.028575,0.4446703826327615,0.5424271973785818,0.0810938806317491,0.0977568147458202,1.266277719040762
Spain,1988,0.5653361698290582,0.035433,0.5205079805431833,0.6457113335556237,0.0761905183825142,0.1252033530124404,1.322671021767196
Spain,1989,0.6472069323764956,0.0627,0.5791587400524794,0.6506588559202139,0.0597489611511843,0.0715001158677344,1.4203147494478938
Spain,1990,0.633552146072036,0.05586,0.5233565287823541,0.616264689267458,0.0516989081020039,0.0929081604851039,1.357375743441498
Spain,1991,0.5959104625993407,0.05244,0.5359848969678889,0.635235192705973,0.0636962970054648,0.0992502957380841,1.3472819523107786
Spain,1992,0.5942947110917862,0.0480291063,0.5379542727138645,0.609599312597188,0.0628265906010932,0.0716450398833234,1.3147497205900676
Spain,1993,0.5607723061878009,0.026272629565,0.5406342479558108,0.630684435810551,0.0485931881530057,0.0900501878547401,1.266322559716358
Spain,1994,0.52614905959735,0.0079607073,0.5334267387823947,0.6376784341214361,0.0415526023750166,0.1042516953390414,1.213340803393803
Spain,1995,0.5025697408936993,0.01672706,0.5347971806674808,0.6274965084842389,0.0344810391106887,0.092699327816758,1.181274348488627
Spain,1996,0.479221243833985,0.01877719739,0.5432431632481601,0.6946542481061346,0.0216734972677597,0.1514110848579745,1.2143261865978794
Spain,1997,0.4703434882979719,0.00717869194,0.5333049217259426,0.6746867542839722,0.0158303224043717,0.1413818325580295,1.1680392569263158
Spain,1998,0.4640935484006187,0.0045090192,0.5689161078954411,0.7105378724127038,0.0224479635701277,0.1416217645172626,1.2015884035834503
Spain,1999,0.4314411635391627,0.00576715139,0.567555817431726,0.6793846112853095,0.0126515428051002,0.1118287938535835,1.1292444690195724
Spain,2000,0.4167396003715251,0.00618443343,0.5999083973411308,0.7405472631962094,0.0098715555555556,0.1406388658550787,1.17334285255329
Spain,2001,0.4026594800914083,0.0196803432,0.6143944756375601,0.7995740598082577,0.0146223861566485,0.1851795841706975,1.2365362692563149
Spain,2002,0.3912249309610235,0.020576602585,0.6077148403754364,0.7518409285918883,0.013524262295082,0.1441260882164519,1.177166724432994
Spain,2003,0.3650888186630011,0.008200143,0.596710699609263,0.8202435240366379,0.0138481568178507,0.2235328244273749,1.2073806425174898
Spain,2004,0.3637571553325991,0.0136541916,0.6134097877645723,0.8200716508021325,0.0109640963242259,0.2066618630375601,1.2084470940589576
Spain,2005,0.3458951111941408,0.0063694134,0.5581819949377366,0.7366068640661603,0.0071437985446266,0.1784248691284237,1.0960151872049275
Spain,2006,0.3275359127456658,0.002781656605,0.576878224223923,0.7895116442595949,0.005987641726776,0.2126334200356718,1.125816855337037
Spain,2007,0.3050751912395528,0.00068588793,0.5295013877646778,0.7696459201956319,0.00610889771949,0.240144532430954,1.0815158970846748
Spain,2008,0.18087539129073,0.000617765295,0.5670223636604215,0.8234340777942822,0.0056408888888889,0.2564117141338607,1.0105681232689012
Spain,2009,0.1677008020752867,0.000543851,0.5081101926403068,0.8282707931374167,0.0049299981785064,0.3201606004971099,1.0014454443912095
Spain,2010,0.1496789583371802,0.0019657065680978,0.5965246547948083,0.9997007267722712,0.005427043715847,0.4031760719774628,1.156772435393396
Spain,2011,0.1175592388078849,0.002004545540707,0.5548291011879036,0.9205876773328328,0.0045716630236794,0.3657585761449291,1.044723124705104
Spain,2012,0.1097468139361934,0.0022832072789309,0.5908996222677386,0.94392406894003,0.0063517795992714,0.3530244466722913,1.0623058697544256
Spain,2013,0.0781420042279869,0.0022361870912709,0.5420938378303028,0.9931626950944668,0.0154777668488161,0.4510688572641639,1.0890186532625408
Spain,2014,0.0681869812980834,0.0009174410008529,0.5469502215958598,1.0099220878617847,0.0131832659380693,0.4629718662659248,1.0922097760987906
Spain,2015,0.0544717712301825,0.0023874495308501,0.5449001907440059,0.9600177571656472,0.0098137595628416,0.4151175664216414,1.0266907374895216
Spain,2016,0.0355579180125796,0.0020793941438142,0.5582851009175186,1.0026763190131134,0.0056408888888889,0.4443912180955948,1.0459545200583962
Spain,2017,0.0484398423404744,0.0013477423182824,0.5527122015144204,0.9598054593328896,0.0050685178342441,0.4070932578184691,1.0146615618258903
Spain,2018,0.0381817435873067,0.0035041300275344,0.529763797900948,0.9916729962946094,0.0037974163460838,0.4619091983936613,1.0371562862555344
Spain,2019,0.0,0.0051214208094733,0.5555384576402773,1.01392287834397,0.001719638848816,0.4583844207036927,1.0207639380022595
Spain,2020,0.0,0.0022334015560109,0.5548039319769772,1.0557948975743474,0.0011609538852459,0.5009909655973701,1.0591892530156042
Spain,2021,0.0,0.0018238203195575,0.5377139361007645,1.0795493640023957,0.0002501757340619,0.5418354279016312,1.0816233600560152
Spain,2022,0.0,0.0015791342140221,0.5575428103806821,1.0865393876804903,3.9439985428e-05,0.5289965772998082,1.0881579618799406
Spain,2023,0.0,0.0013140083367081,0.5400741174142168,1.109302137120095,2.89268943533e-05,0.5692280197058782,1.1106450723511565
Sri Lanka,1980,0.0,0.0,0.0,0.0049953753508993,0.0,0.0049953753508993,0.0049953753508993
Sri Lanka,1981,0.0,0.0,0.0,0.005309292381147,0.0,0.005309292381147,0.005309292381147
Sri Lanka,1982,0.0,0.0,0.0,0.0054287173383065,0.0,0.0054287173383065,0.0054287173383065
Sri Lanka,1983,0.0,0.0,0.0,0.004108218526286,0.0,0.004108218526286,0.004108218526286
Sri Lanka,1984,0.0,0.0,0.0,0.0070597210389417,0.0,0.0070597210389417,0.0070597210389417
Sri Lanka,1985,0.0,0.0,0.0,0.0080867756705132,0.0,0.0080867756705132,0.0080867756705132
Sri Lanka,1986,0.0,0.0,0.0,0.0089295746538958,0.0,0.0089295746538958,0.0089295746538958
Sri Lanka,1987,0.0,0.0,0.0,0.0073497530777575,0.0,0.0073497530777575,0.0073497530777575
Sri Lanka,1988,0.0,0.0,0.0,0.0087692039971388,0.0,0.0087692039971388,0.0087692039971388
Sri Lanka,1989,0.0,0.0,0.0,0.0094618687486637,0.0,0.0094618687486637,0.0094618687486637
Sri Lanka,1990,0.0,0.0,0.0,0.0106254090455604,0.0,0.0106254090455604,0.0106254090455604
Sri Lanka,1991,0.0,0.0,0.0,0.0105264569381996,0.0,0.0105264569381996,0.0105264569381996
Sri Lanka,1992,0.0,0.0,0.0,0.0097962586287103,0.0,0.0097962586287103,0.0097962586287103
Sri Lanka,1993,0.0,0.0,0.0,0.0128228282572947,0.0,0.0128228282572947,0.0128228282572947
Sri Lanka,1994,0.0,0.0,0.0,0.0138123493309019,0.0,0.0138123493309019,0.0138123493309019
Sri Lanka,1995,0.0,0.0,0.0,0.0150373081771948,0.0,0.0150373081771948,0.0150373081771948
Sri Lanka,1996,0.0,0.0,0.0,0.0109836839170388,0.0,0.0109836839170388,0.0109836839170388
Sri Lanka,1997,0.0,0.0,0.0,0.0116456393938656,0.0,0.0116456393938656,0.0116456393938656
Sri Lanka,1998,0.0,0.0,0.0,0.0132254609700038,0.0,0.0132254609700038,0.0132254609700038
Sri Lanka,1999,0.0,0.0,0.0,0.0140955570864515,0.0,0.0140955570864515,0.0140955570864515
Sri Lanka,2000,0.0,0.0,0.0,0.0108369618268143,0.0,0.0108369618268143,0.0108369618268143
Sri Lanka,2001,0.0,0.0,0.0,0.0105435176463653,0.0,0.0105435176463653,0.0105435176463653
Sri Lanka,2002,0.0,0.0,0.0,0.0091445395767828,0.0,0.0091445395767828,0.0091445395767828
Sri Lanka,2003,0.0,0.0,0.0,0.0111815881317602,0.0,0.0111815881317602,0.0111815881317602
Sri Lanka,2004,0.0,0.0,0.0,0.0100521692511949,0.0,0.0100521692511949,0.0100521692511949
Sri Lanka,2005,0.0,0.0,0.0,0.0117504677451408,0.0,0.0117504677451408,0.0117504677451408
Sri Lanka,2006,0.0,0.0,0.0,0.013231017200635,0.0,0.013231017200635,0.013231017200635
Sri Lanka,2007,0.0,0.0,0.0,0.0134158368722358,0.0,0.0134158368722358,0.0134158368722358
Sri Lanka,2008,0.0,0.0,0.0,0.014092500959596,0.0,0.014092500959596,0.014092500959596
Sri Lanka,2009,0.0,0.0,0.0,0.0134806595629331,0.0,0.0134806595629331,0.0134806595629331
Sri Lanka,2010,0.0,0.0,0.0,0.0195937373080631,0.0,0.0195937373080631,0.0195937373080631
Sri Lanka,2011,0.0,0.0,0.0,0.0162865720323539,0.0,0.0162865720323539,0.0162865720323539
Sri Lanka,2012,0.0,0.0,0.0,0.0118857093588271,0.0,0.0118857093588271,0.0118857093588271
Sri Lanka,2013,0.0,0.0,0.0,0.0247360067563267,0.0,0.0247360067563267,0.0247360067563267
Sri Lanka,2014,0.0,0.0,0.0,0.0171854293426377,0.0,0.0171854293426377,0.0171854293426377
Sri Lanka,2015,0.0,0.0,0.0,0.0225043081217024,0.0,0.0225043081217024,0.0225043081217024
Sri Lanka,2016,0.0,0.0,0.0,0.0169331868724128,0.0,0.0169331868724128,0.0169331868724128
Sri Lanka,2017,0.0,0.0,0.0,0.016435684221788,0.0,0.016435684221788,0.016435684221788
Sri Lanka,2018,0.0,0.0,0.0,0.0243085610136642,0.0,0.0243085610136642,0.0243085610136642
Sri Lanka,2019,0.0,0.0,0.0,0.0196770323655221,0.0,0.0196770323655221,0.0196770323655221
Sri Lanka,2020,0.0,0.0,0.0,0.0203547196953556,0.0,0.0203547196953556,0.0203547196953556
Sri Lanka,2021,0.0,0.0,0.0,0.0295943112176091,0.0,0.0295943112176091,0.0295943112176091
Sri Lanka,2022,0.0,0.0,0.0,0.0289043761793906,0.0,0.0289043761793906,0.0289043761793906
Sri Lanka,2023,0.0,0.0,0.0,0.0303972217452788,0.0,0.0303972217452788,0.0303972217452788
Sudan,1980,0.0,0.0,0.0,0.0016890101083983,0.0,0.0016890101083983,0.0016890101083983
Sudan,1981,0.0,0.0,0.0,0.0025215726668815,0.0,0.0025215726668815,0.0025215726668815
Sudan,1982,0.0,0.0,0.0,0.0026068762077097,0.0,0.0026068762077097,0.0026068762077097
Sudan,1983,0.0,0.0,0.0,0.0026068762077097,0.0,0.0026068762077097,0.0026068762077097
Sudan,1984,0.0,0.0,0.0,0.0025591062248459,0.0,0.0025591062248459,0.0025591062248459
Sudan,1985,0.0,0.0,0.0,0.0031186974526789,0.0,0.0031186974526789,0.0031186974526789
Sudan,1986,0.0,0.0,0.0,0.0031186974526789,0.0,0.0031186974526789,0.0031186974526789
Sudan,1987,0.0,0.0,0.0,0.0031255217359451,0.0,0.0031255217359451,0.0031255217359451
Sudan,1988,0.0,0.0,0.0,0.0031323460192114,0.0,0.0031323460192114,0.0031323460192114
Sudan,1989,0.0,0.0,0.0,0.0031596431522764,0.0,0.0031596431522764,0.0031596431522764
Sudan,1990,0.0,0.0,0.0,0.0032347102682052,0.0,0.0032347102682052,0.0032347102682052
Sudan,1991,0.0,0.0,0.0,0.0035076815988555,0.0,0.0035076815988555,0.0035076815988555
Sudan,1992,0.0,0.0,0.0,0.0036782886805119,0.0,0.0036782886805119,0.0036782886805119
Sudan,1993,0.0,0.0,0.0,0.0036851129637781,0.0,0.0036851129637781,0.0036851129637781
Sudan,1994,0.0,0.0,0.0,0.003787477212772,0.0,0.003787477212772,0.003787477212772
Sudan,1995,0.0,0.0,0.0,0.003282480251069,0.0,0.003282480251069,0.003282480251069
Sudan,1996,0.0,0.0,0.0,0.003627106556015,0.00429598,0.003627106556015,0.007923086556015
Sudan,1997,0.0,0.0,0.0,0.0035588637233524,0.00999006,0.0035588637233524,0.0135489237233524
Sudan,1998,0.0,0.0,0.0,0.0035247423070211,0.0185566,0.0035247423070211,0.0220813423070211
Sudan,1999,0.0,0.0,0.0,0.0040877456764872,0.12959116,0.0040877456764872,0.1336789056764872
Sudan,2000,0.0,0.0,0.0,0.0050157601970451,0.3287477088,0.0050157601970451,0.3337634689970452
Sudan,2001,0.0,0.0,0.0,0.0054189149314226,0.385832162304,0.0054189149314226,0.3912510772354226
Sudan,2002,0.0,0.0,0.0,0.0055678791147132,0.446805896144,0.0055678791147132,0.4523737752587132
Sudan,2003,0.0,0.0,0.0,0.0052436796576565,0.49197868,0.0052436796576565,0.4972223596576566
Sudan,2004,0.0,0.0,0.0,0.0051420054373048,0.560932972,0.0051420054373048,0.5660749774373048
Sudan,2005,0.0,0.0,0.0,0.0056982685269915,0.56686134814,0.0056982685269915,0.5725596166669916
Sudan,2006,0.0,0.0,0.0,0.0060155816982083,0.640318625368,0.0060155816982083,0.6463342070662084
Sudan,2007,0.0,0.0,0.0,0.0063726125180479,0.883568731588,0.0063726125180479,0.889941344106048
Sudan,2008,0.0,0.0,0.0,0.0064090880320944,0.8890645,0.0064090880320944,0.8954735880320944
Sudan,2009,0.0,0.0,0.0,0.0123824379773229,0.89712264,0.0123824379773229,0.9095050779773228
Sudan,2010,0.0,0.0,0.0,0.0222710764405883,0.902226976,0.0222710764405883,0.9244980524405884
Sudan,2011,0.0,0.0,0.0,0.0230338641028152,0.84109696,0.0230338641028152,0.8641308241028153
Sudan,2012,0.0,0.0,0.0,0.0244734770895518,0.171256329568,0.0244734770895518,0.1957298066575518
Sudan,2013,0.0,0.0,0.0,0.0305500095665329,0.248297216716,0.0305500095665329,0.2788472262825329
Sudan,2014,0.0,0.0,0.0,0.0321309902409416,0.210993809024,0.0321309902409416,0.2431247992649416
Sudan,2015,0.0,0.0,0.0,0.0300819011576383,0.201096638788,0.0300819011576383,0.2311785399456383
Sudan,2016,0.0,0.0,0.0,0.029650277340443,0.195139172,0.029650277340443,0.224789449340443
Sudan,2017,0.0,0.0,0.0,0.0331555850410013,0.1899228039105314,0.0331555850410013,0.2230783889515327
Sudan,2018,0.0,0.0,0.0,0.0341272973753931,0.1248937175999586,0.0341272973753931,0.1590210149753518
Sudan,2019,0.0,0.0,0.0,0.0358837184819257,0.1296180334783173,0.0358837184819257,0.1655017519602431
Sudan,2020,0.0,0.0,0.0,0.0385943648969886,0.1183276559449546,0.0385943648969886,0.1569220208419433
Sudan,2021,0.0,0.0,0.0,0.0384184932968096,0.1142243175578933,0.0384184932968096,0.1526428108547029
Sudan,2022,0.0,0.0,0.0,0.0416491089950551,0.1203951713902986,0.0416491089950551,0.1620442803853538
Sudan,2023,0.0,0.0,0.0,0.0406602605489588,0.1261909944539293,0.0406602605489588,0.1668512550028882
Suriname,1980,0.0,0.0,0.0,0.0030129210620519,0.0,0.0030129210620519,0.0030129210620519
Suriname,1981,0.0,0.0,0.0,0.0028150168473305,0.0,0.0028150168473305,0.0028150168473305
Suriname,1982,0.0,0.0,0.0,0.0035861608564174,0.0,0.0035861608564174,0.0035861608564174
Suriname,1983,0.0,0.0,0.0,0.0024362691260533,0.0,0.0024362691260533,0.0024362691260533
Suriname,1984,0.0,0.0,0.0,0.0028866718216262,0.0,0.0028866718216262,0.0028866718216262
Suriname,1985,0.0,0.0,0.0,0.003282480251069,0.0,0.003282480251069,0.003282480251069
Suriname,1986,0.0,0.0,0.0,0.0025795790746447,0.0,0.0025795790746447,0.0025795790746447
Suriname,1987,0.0,0.0,0.0,0.0011021217475003,0.0,0.0011021217475003,0.0011021217475003
Suriname,1988,0.0,0.0,0.0,0.001654888692067,0.0,0.001654888692067,0.001654888692067
Suriname,1989,0.0,0.0,0.0,0.00370899795521,0.0092280510018214,0.00370899795521,0.0129370489570315
Suriname,1990,0.0,0.0,0.0,0.0039956178523928,0.0092280510018214,0.0039956178523928,0.0132236688542142
Suriname,1991,0.0,0.0,0.0,0.0047531132949472,0.0092280510018214,0.0047531132949472,0.0139811642967686
Suriname,1992,0.0,0.0,0.0,0.0049032475268048,0.0092533333333332,0.0049032475268048,0.0141565808601381
Suriname,1993,0.0,0.0,0.0,0.0049476053680355,0.0115350637522768,0.0049476053680355,0.0164826691203123
Suriname,1994,0.0,0.0,0.0,0.0049919632092661,0.0128876684881602,0.0049919632092661,0.0178796316974264
Suriname,1995,0.0,0.0,0.0,0.0043641291487706,0.0161617304189434,0.0043641291487706,0.0205258595677141
Suriname,1996,0.0,0.0,0.0,0.0043709534320368,0.0208199999999999,0.0043709534320368,0.0251909534320368
Suriname,1997,0.0,0.0,0.0,0.0043982505651019,0.0184561020036429,0.0043982505651019,0.0228543525687448
Suriname,1998,0.0,0.0,0.0,0.0044153112732675,0.0219261020036428,0.0044153112732675,0.0263414132769104
Suriname,1999,0.0,0.0,0.0,0.0044733176810307,0.0230701275045536,0.0044733176810307,0.0275434451855843
Suriname,2000,0.0,0.0,0.0,0.0024226205595208,0.0231333333333332,0.0024226205595208,0.025555953892854
Suriname,2001,0.0,0.0,0.0,0.0024738026840177,0.0230701275045536,0.0024738026840177,0.0255439301885713
Suriname,2002,0.0,0.0,0.0,0.0025283969501478,0.0230701275045536,0.0025283969501478,0.0255985244547014
Suriname,2003,0.0,0.0,0.0,0.0025659305081122,0.025377140255009,0.0025659305081122,0.0279430707631212
Suriname,2004,0.0,0.0,0.0,0.0026068762077097,0.0254466666666665,0.0026068762077097,0.0280535428743763
Suriname,2005,0.0,0.0,0.0,0.002801368280798,0.0276841530054643,0.002801368280798,0.0304855212862624
Suriname,2006,0.0,0.0,0.0,0.0029412660877562,0.0299911657559197,0.0029412660877562,0.032932431843676
Suriname,2007,0.0,0.0,0.0,0.0029412660877562,0.032298178506375,0.0029412660877562,0.0352394445941313
Suriname,2008,0.0,0.0,0.0,0.0029446782293894,0.0366480668488158,0.0029446782293894,0.0395927450782052
Suriname,2009,0.0,0.0,0.0,0.0029446782293894,0.0369122040072858,0.0029446782293894,0.0398568822366752
Suriname,2010,0.0,0.0,0.0,0.0040884281048138,0.0369122040072858,0.0040884281048138,0.0410006321120997
Suriname,2011,0.0,0.0,0.0,0.0035179180237549,0.0369122040072858,0.0035179180237549,0.0404301220310407
Suriname,2012,0.0,0.0,0.0,0.0028136519906772,0.0366277777777776,0.0028136519906772,0.0394414297684549
Suriname,2013,0.0,0.0,0.0,0.0028307126988429,0.0346051912568304,0.0028307126988429,0.0374359039556733
Suriname,2014,0.0,0.0,0.0,0.0019053398879386,0.0346051912568304,0.0019053398879386,0.036510531144769
Suriname,2015,0.0,0.0,0.0,0.0016857790742827,0.0369122040072858,0.0016857790742827,0.0385979830815685
Suriname,2016,0.0,0.0,0.0,0.0027358119596487,0.0370133333333331,0.0027358119596487,0.0397491452929819
Suriname,2017,0.0,0.00018912460112,0.0,0.0032185064956098,0.0369122040072858,0.0032185064956098,0.0403198351040156
Suriname,2018,0.0,0.00020568305576,0.0,0.0034747322311743,0.0369122040072858,0.0034747322311743,0.0405926192942201
Suriname,2019,0.0,0.00022363051984,0.0,0.0033451421520751,0.0369122040072858,0.0033451421520751,0.0404809766792009
Suriname,2020,0.0,0.00024165108968,0.0,0.0034234458023478,0.0359208901092894,0.0034234458023478,0.0395859870013173
Suriname,2021,0.0,0.00026109722184,0.0,0.0034828170667642,0.0340749069945353,0.0034828170667642,0.0378188212831396
Suriname,2022,0.0,0.00026343660616,0.0,0.0032269064442796,0.032410773369763,0.0032269064442796,0.0359011164202027
Suriname,2023,0.0,0.00026343660616,0.0,0.0031645133544316,0.0316858776102254,0.0031645133544316,0.035113827570817
Sweden,1980,0.0004555208254514,0.0,0.2601601688771995,0.4662056399651491,0.0,0.2060454710879496,0.4666611607906006
Sweden,1981,0.0004049069922613,0.0,0.3611981348189216,0.5720057775169363,0.0,0.2108076426980146,0.5724106845091976
Sweden,1982,0.0003796004200343,0.0,0.3740787064730624,0.5699328746790487,0.0,0.1958541682059863,0.5703124750990831
Sweden,1983,0.0003542938478073,0.0,0.3941695134137764,0.6232258547500993,0.0,0.2290563413363228,0.6235801485979067
Sweden,1984,0.0003289872755803,0.0,0.4895832419014311,0.7373160569369143,0.0,0.2477328150354831,0.7376450442124947
Sweden,1985,0.0003036807033533,0.0,0.558198982042847,0.8156556367010309,0.0,0.2574566546581838,0.8159593174043843
Sweden,1986,0.0004681742837489,0.0,0.6689346505223568,0.8943233580858377,0.0003502283105022,0.2253887075634809,0.895141760680089
Sweden,1987,0.0006326678641444,0.0,0.6435010518099838,0.9056391227870758,0.0,0.2621380709770919,0.9062717906512204
Sweden,1988,0.0004049069922613,0.0,0.6560028207405644,0.912181754362372,0.0,0.2561789336218077,0.9125866613546336
Sweden,1989,0.0005061344290627,0.0,0.62816888239352,0.8930539413941632,0.0,0.2648850590006432,0.8935600758232259
Sweden,1990,0.0002783735571797,0.0,0.6478516673978258,0.913645718129418,0.0,0.2657940507315922,0.9139240916865978
Sweden,1991,0.0007085872364574,0.0,0.7358236129876966,0.9695266616676076,0.0,0.2337030486799109,0.9702352489040648
Sweden,1992,0.0009363474196044,0.0,0.6091283140467106,0.8817666248737683,0.0,0.2726383108270577,0.8827029722933729
Sweden,1993,0.0,0.0,0.5885236787777163,0.8639170819647246,0.0,0.2753934031870084,0.8639170819647246
Sweden,1994,0.0,0.0,0.7012639284645302,0.9247030031015316,0.0,0.2234390746370014,0.9247030031015316
Sweden,1995,0.0,0.0,0.6696871605519739,0.9250757013657044,0.0,0.2553885408137307,0.9250757013657044
Sweden,1996,0.0,0.0,0.711236431688902,0.9091761790852332,0.0,0.1979397473963311,0.9091761790852332
Sweden,1997,0.0,0.0,0.669626681263565,0.932548877788589,0.0,0.262922196525024,0.932548877788589
Sweden,1998,0.0,0.0,0.7046240294895267,0.9900811684078382,0.0,0.2854571389183113,0.9900811684078382
Sweden,1999,0.0,0.0,0.7008440739639693,0.973714928443582,0.0,0.2728708544796128,0.973714928443582
Sweden,2000,0.0,0.0,0.5488495423109512,0.8601646785578162,0.0,0.311315136246865,0.8601646785578162
Sweden,2001,0.0,0.0,0.6905121955274454,1.0013973030221437,0.0,0.3108851074946981,1.0013973030221437
Sweden,2002,0.0,0.0,0.6522187260831974,0.9250614281790986,0.0,0.2728427020959013,0.9250614281790986
Sweden,2003,0.0,0.0,0.6455559244768146,0.8791832308737809,0.0,0.2336273063969662,0.8791832308737809
Sweden,2004,0.0,0.0,0.7577863319891078,1.045805480785089,0.0,0.288019148795981,1.045805480785089
Sweden,2005,0.0,0.0,0.7017807697683749,1.036606824954798,0.0,0.334826055186423,1.036606824954798
Sweden,2006,0.0,0.0,0.6561618475500401,0.962965174217722,0.0,0.3068033266676818,0.962965174217722
Sweden,2007,0.0,0.0,0.6488986066617801,0.9853210301268694,0.0,0.3364224234650893,0.9853210301268694
Sweden,2008,0.0,0.0,0.6186604871521079,0.9759547221931644,0.0,0.3572942350410566,0.9759547221931644
Sweden,2009,0.0,0.0,0.5047140459430058,0.8697018999120687,0.0,0.3649878539690628,0.8697018999120687
Sweden,2010,0.0,0.0,0.5610679595200063,0.9431359577742098,0.0,0.3820679982542035,0.9431359577742098
Sweden,2011,0.0,0.0,0.5852754003363154,0.9711492673677188,0.0,0.3858738670314032,0.9711492673677188
Sweden,2012,0.0,0.0,0.6192364225148626,1.051393516218258,0.0,0.4321570937033954,1.051393516218258
Sweden,2013,0.0,0.0,0.6414669223311732,1.0123227382088054,0.0,0.3708558158776322,1.0123227382088054
Sweden,2014,0.0,0.0,0.6272248779842446,1.0029189354193258,0.0,0.3756940574350811,1.0029189354193258
Sweden,2015,0.0,0.0,0.5481674108516482,0.9794107187707722,0.0,0.4312433079191241,0.9794107187707722
Sweden,2016,0.0,0.0,0.6104713116526239,1.003070287010532,0.0,0.3925989753579081,1.003070287010532
Sweden,2017,0.0,0.0,0.6358401208156752,1.051420686281774,0.0,0.4155805654660989,1.051420686281774
Sweden,2018,0.0,0.0,0.6640254537486072,1.0701786902507235,0.0,0.4061532365021162,1.0701786902507235
Sweden,2019,0.0,0.0,0.6470338954532799,1.0850645107686134,0.0,0.4380306153153336,1.0850645107686134
Sweden,2020,0.0,0.0,0.4734619117014394,0.943576799687598,0.0,0.4701148879861586,0.943576799687598
Sweden,2021,0.0,0.0,0.5108238756055525,0.99959384061475,0.0,0.4887699650091974,0.99959384061475
Sweden,2022,0.0,0.0,0.5015170141719512,1.019047947310436,0.0,0.5175309331384846,1.019047947310436
Sweden,2023,0.0,0.0,0.4675691693569076,0.9523014472591076,0.0,0.4847322779022001,0.9523014472591076
Switzerland,1980,0.0,0.0,0.1359246980401664,0.2488321573256121,0.0,0.1129074592854456,0.2488321573256121
Switzerland,1981,0.0,0.0,0.1438736959917232,0.2679236061743985,0.0,0.1240499101826752,0.2679236061743985
Switzerland,1982,0.0,0.0,0.1420263193097545,0.2689564778514272,0.0,0.1269301585416726,0.2689564778514272
Switzerland,1983,0.0,0.0,0.1474417720974685,0.2713103489852575,0.0,0.123868576887789,0.2713103489852575
Switzerland,1984,0.0,0.0,0.1743082432863324,0.2804084993564907,0.0,0.1061002560701583,0.2804084993564907
Switzerland,1985,0.0,0.001043,0.2132336110227763,0.3246385072809759,0.0,0.1114048962581995,0.3256815072809759
Switzerland,1986,0.0,0.001006,0.213456892290863,0.3287893915782572,0.0,0.1153324992873941,0.3297953915782572
Switzerland,1987,0.0,0.0003039,0.2174440577924108,0.3397857720223107,0.0,0.1223417142298998,0.3400896720223107
Switzerland,1988,0.0,0.0002148,0.2284592670180202,0.35453754434732,0.0,0.1260782773292997,0.35475234434732
Switzerland,1989,0.0,0.0001141,0.229054683732918,0.3348505991703312,0.0,0.1057959154374131,0.3349646991703312
Switzerland,1990,0.0,0.000132399,0.2383580699031962,0.3473729789564389,0.0,0.1090149090532426,0.3475053779564389
Switzerland,1991,0.0,0.00011277,0.228242634025894,0.3452572311347673,0.0,0.1170145971088732,0.3453700011347673
Switzerland,1992,0.0,0.00010332,0.2347987861624095,0.3548163459199752,0.0,0.1200175597575657,0.3549196659199752
Switzerland,1993,0.0,8.525041e-05,0.2338185254731877,0.364130327530055,0.0,0.1303118020568673,0.364215577940055
Switzerland,1994,0.0,3.792831e-05,0.2439584263659978,0.3867722343632835,0.0,0.1428138079972857,0.3868101626732835
Switzerland,1995,0.0,0.0,0.2429774382965835,0.3730355808244059,0.0,0.1300581425278223,0.3730355808244059
Switzerland,1996,0.0,0.0,0.2453918018483677,0.3546580773354722,0.0,0.1092662754871044,0.3546580773354722
Switzerland,1997,0.0,0.0,0.2480013692617856,0.3771585982339724,0.0,0.1291572289721868,0.3771585982339724
Switzerland,1998,0.0,0.0,0.252110924243546,0.3805195153008418,0.0,0.1284085910572957,0.3805195153008418
Switzerland,1999,0.0,0.0,0.252110924243546,0.3954148185836162,0.0,0.1433038943400701,0.3954148185836162
Switzerland,2000,0.0,0.0,0.2581211484043706,0.3914952465727777,0.0,0.133374098168407,0.3914952465727777
Switzerland,2001,0.0,0.0,0.2616759134635933,0.4112915857965571,0.0,0.1496156723329638,0.4112915857965571
Switzerland,2002,0.0,0.0,0.2658060162202625,0.395307881657817,0.0,0.1295018654375545,0.395307881657817
Switzerland,2003,0.0,0.0,0.2682820230967732,0.3966166150824731,0.0,0.1283345919856999,0.3966166150824731
Switzerland,2004,0.0,0.0,0.2631142577072095,0.388797909411283,0.0,0.1256836517040735,0.388797909411283
Switzerland,2005,0.0,0.0,0.2271412681743698,0.3464276449350286,0.0,0.1192863767606587,0.3464276449350286
Switzerland,2006,0.0,0.0,0.270952206446172,0.3910442307242646,0.0,0.1200920242780926,0.3910442307242646
Switzerland,2007,0.0,0.0,0.2721460321683734,0.4059886360825952,0.0,0.1338426039142217,0.4059886360825952
Switzerland,2008,0.0,0.0,0.2699453654756407,0.4075090145473233,0.0,0.1375636490716825,0.4075090145473233
Switzerland,2009,0.0,0.0,0.2698631743760055,0.4055088562098302,0.0,0.1356456818338246,0.4055088562098302
Switzerland,2010,0.0,0.0,0.2589533332881771,0.3967891935853922,0.0,0.1378358602972151,0.3967891935853922
Switzerland,2011,0.0,0.0,0.2626005633344894,0.3902429689637445,0.0,0.127642405629255,0.3902429689637445
Switzerland,2012,0.0,0.0,0.2501177900773922,0.3998678038170758,0.0,0.1497500137396835,0.3998678038170758
Switzerland,2013,0.0,0.0,0.2555218548784072,0.4066354416255568,0.0,0.1511135867471496,0.4066354416255568
Switzerland,2014,0.0,0.0,0.2709224121725542,0.422750036433856,0.0,0.1518276242613017,0.422750036433856
Switzerland,2015,0.0,0.0,0.22700154330499,0.3783968441683646,0.0,0.1513953008633746,0.3783968441683646
Switzerland,2016,0.0,0.0,0.2078921126398041,0.349848224855319,0.0,0.1419561122155148,0.349848224855319
Switzerland,2017,0.0,0.0,0.200330531473365,0.3428218096925684,0.0,0.1424912782192034,0.3428218096925684
Switzerland,2018,0.0,0.0,0.2508266883117459,0.3956716036515461,0.0,0.1448449153398002,0.3956716036515461
Switzerland,2019,0.0,0.0,0.2612290832463089,0.4174926923864384,0.0,0.1562636091401294,0.4174926923864384
Switzerland,2020,0.0,0.0,0.2386964206215099,0.405925489453682,0.0,0.1672290688321721,0.405925489453682
Switzerland,2021,0.0,0.0,0.1905324730183225,0.3559347895835487,0.0,0.1654023165652262,0.3559347895835487
Switzerland,2022,0.0,0.0,0.2399852344319128,0.3843919751878517,0.0,0.1444067407559388,0.3843919751878517
Switzerland,2023,0.0,0.0,0.2422799056909209,0.4170532009262997,0.0,0.1747732952353788,0.4170532009262997
Syria,1980,0.0,0.016354,0.0,0.0086463668983462,0.0,0.0086463668983462,0.0250003668983462
Syria,1981,0.0,0.0084656,0.0,0.0089739324951264,0.0,0.0089739324951264,0.0174395324951264
Syria,1982,0.0,0.008658,0.0,0.0099941628434317,0.0,0.0099941628434317,0.0186521628434317
Syria,1983,0.0,0.0084656,0.0,0.0094652808902969,0.0,0.0094652808902969,0.0179308808902969
Syria,1984,0.0,0.008658,0.0,0.0112327702562571,0.3998571411764676,0.0112327702562571,0.4197479114327248
Syria,1985,0.0,0.00481,0.0,0.0112907766640203,0.3888515168539345,0.0112907766640203,0.4049522935179549
Syria,1986,0.0,0.008658,0.0,0.0096597729633851,0.399377345572659,0.0096597729633851,0.4176951185360442
Syria,1987,0.0,0.021164,0.0,0.0096597729633851,0.5349642941036332,0.0096597729633851,0.5657880670670185
Syria,1988,0.0,0.017316,0.0,0.0095130508731606,0.6189819340676275,0.0095130508731606,0.6458109849407881
Syria,1989,0.0,0.03367,0.0,0.009362916641303,0.7413592908555382,0.009362916641303,0.7843922074968412
Syria,1990,0.0,0.099086,0.0,0.0092161945510785,0.8861954588883262,0.0092161945510785,0.9944976534394048
Syria,1991,0.0,0.119288,0.0,0.0090660603192209,1.059165787611005,0.0090660603192209,1.1875198479302258
Syria,1992,0.0,0.122302908,0.0,0.0089193382289964,1.1926347650102544,0.0089193382289964,1.323857011239251
Syria,1993,0.0,0.125700211,0.0,0.0087692039971388,1.2875660202783563,0.0087692039971388,1.4220354352754951
Syria,1994,0.0,0.12909078,0.0,0.0086190697652811,1.322738372222943,0.0086190697652811,1.4604482219882244
Syria,1995,0.0,0.09988446,0.0,0.0084791719583229,1.3900740738174622,0.0084791719583229,1.4984377057757852
Syria,1996,0.0,0.1365715806,0.0,0.008615657623648,1.3412258276562596,0.008615657623648,1.4864130658799075
Syria,1997,0.0,0.1549170168,0.0,0.0087828525636713,1.317422151897636,0.0087828525636713,1.4811220212613072
Syria,1998,0.0,0.1953449225,0.0,0.0091206545853509,1.318231313142513,0.0091206545853509,1.522696890227864
Syria,1999,0.0,0.2051971012,0.0,0.0091888974180135,1.3232585773939216,0.0091888974180135,1.5376445760119353
Syria,2000,0.0,0.207235483,0.0,0.0113612765903716,1.271318636796884,0.0113612765903716,1.4899153963872558
Syria,2001,0.0,0.1899092377,0.0,0.0119764061235203,1.3537020337933412,0.0119764061235203,1.5555876776168616
Syria,2002,0.0,0.251428674,0.0,0.0086988820781763,1.4853223222848464,0.0086988820781763,1.7454498783630228
Syria,2003,0.0,0.25327741425,0.0,0.0097448254937943,1.430617155241429,0.0097448254937943,1.693639394985223
Syria,2004,0.0,0.2625211155,0.0,0.014576233038624,1.0669702085156323,0.014576233038624,1.3440675570542564
Syria,2005,0.0,0.2255463105,0.0,0.0150874932603059,0.982937055048248,0.0150874932603059,1.223570858808554
Syria,2006,0.0,0.23109253125,0.0,0.0137882393301301,0.9231400390518336,0.0137882393301301,1.1680208096319638
Syria,2007,0.0,0.22184883,0.0,0.012193614139515,0.8845340569906994,0.012193614139515,1.1185765011302145
Syria,2008,0.0,0.2181513495,0.0,0.0101146298438449,0.8921818115625062,0.0101146298438449,1.120447790906351
Syria,2009,0.0,0.24070598055,0.0,0.0066891496570526,0.8775752702847568,0.0066891496570526,1.1249704004918095
Syria,2010,0.0,0.3305547567,0.0,0.0091662324772242,0.8416170436304703,0.0091662324772242,1.1813380328076946
Syria,2011,0.0,0.29099171535,0.0,0.0105502419254805,0.7692016597165353,0.0105502419254805,1.070743616992016
Syria,2012,0.0,0.23848749225,0.0,0.0104003317029212,0.3679358982240461,0.0104003317029212,0.6168237221769673
Syria,2013,0.0,0.1959664665,0.0,0.0105512909690248,0.1241089576502739,0.0105512909690248,0.3306267151192988
Syria,2014,0.0,0.1811765445,0.0,0.0082982544486953,0.0663236156079238,0.0082982544486953,0.2557984145566193
Syria,2015,0.0,0.1589916615,0.0,0.0017167542600184,0.0542587295888835,0.0017167542600184,0.2149671453489019
Syria,2016,0.0,0.138655691505,0.0,0.0034745482235364,0.0513596183341874,0.0034745482235364,0.1934898580627238
Syria,2017,0.0,0.136815746055,0.0,0.0028802085533451,0.0530140622438527,0.0028802085533451,0.1927100168521979
Syria,2018,0.0,0.136079767875,0.0,0.0028834356872989,0.0674114670423501,0.0028834356872989,0.206374670604649
Syria,2019,0.0,0.130559931525,0.0,0.002883692697967,0.0815556037397546,0.002883692697967,0.2149992279627216
Syria,2020,0.0,0.114736400655,0.0,0.0029339307832782,0.119475673753416,0.0029339307832782,0.2371460051916943
Syria,2021,0.0,0.122096182455,0.0,0.0030635921653371,0.1748362028261624,0.0030635921653371,0.2999959774464996
Syria,2022,0.0,0.100016837055,0.0,0.0032137263971947,0.2080555968840861,0.0032137263971947,0.3112861603362808
Syria,2023,0.0,0.102151173777,0.0,0.0032137263971947,0.1385818793562167,0.0032137263971947,0.2439467795304115
Taiwan,1980,0.0655666878297508,0.045021,0.0783966741340224,0.0883089455782591,0.0,0.0099122714442366,0.1988966334080099
Taiwan,1981,0.0623187119845229,0.055491,0.1059968867794466,0.1222728023694669,0.0,0.0162759155900202,0.2400825143539899
Taiwan,1982,0.0607409774823733,0.049209,0.1363300115971535,0.1526442258974266,0.0,0.016314214300273,0.2625942033798
Taiwan,1983,0.0569868678968187,0.049209,0.1951509852157943,0.2121698951207158,0.0,0.0170189099049215,0.3183657630175346
Taiwan,1984,0.0511271850825452,0.054444,0.2524405980848365,0.2674038698073678,0.0046266666666666,0.0149632717225312,0.3776017215565798
Taiwan,1985,0.0472530819922615,0.05235,0.2938005652220259,0.3142772698536822,0.00461,0.0204767046316562,0.4184903518459438
Taiwan,1986,0.0438197133387791,0.04188,0.2755349679821609,0.296451127763465,0.00461,0.0209161597813041,0.3867608411022442
Taiwan,1987,0.0378320753654343,0.045021,0.338817474285654,0.3576147957161271,0.0046133333333332,0.018797321430473,0.4450812044148948
Taiwan,1988,0.0309564285881342,0.025128,0.3134833971332789,0.3294312886916419,0.0046266666666666,0.015947891558363,0.3901423839464428
Taiwan,1989,0.0198404426208083,0.05235,0.2891920672758554,0.3077920306399249,0.0046140255009107,0.0185999633640695,0.384596498761644
Taiwan,1990,0.0119447562717111,0.0837615894039736,0.3361340537756996,0.3600900954030593,0.0046140255009107,0.0239560416273597,0.4604104665796548
Taiwan,1991,0.0101732881805675,0.0343492198,0.3485393172014743,0.3642651642006487,0.0046140255009107,0.0157258469991743,0.413401697682127
Taiwan,1992,0.0084777401504729,0.0310772,0.334262206126976,0.3594852834904063,0.0046266666666666,0.0252230773634303,0.4036668903075459
Taiwan,1993,0.0083005933413585,0.02931,0.339295718460887,0.3558648266899821,0.0046140255009107,0.0165691082290951,0.3980894455322514
Taiwan,1994,0.007212405799656,0.03249,0.3443957977978993,0.3647969449054066,0.0023070127504553,0.0204011471075072,0.406806363455518
Taiwan,1995,0.0059470714488392,0.03355,0.3487917384871216,0.3704966437518007,0.0023070127504553,0.0217049052646791,0.4123007279510953
Taiwan,1996,0.0037200829914015,0.03213665,0.3732067271994076,0.3965345089247997,0.0023133333333333,0.0233277817253921,0.4347045752495346
Taiwan,1997,0.0025053620146173,0.03284295,0.3582121605209913,0.3841021778410061,0.0023070127504553,0.0258900173200147,0.4217575026060789
Taiwan,1998,0.0019992282742906,0.03143035,0.3641031783223302,0.3951322179976373,0.0023070127504553,0.0310290396753071,0.4308688090223833
Taiwan,1999,0.002328215205503,0.03143035,0.3753729383675807,0.4054021512191177,0.0023070127504553,0.030029212851537,0.4414677291750761
Taiwan,2000,0.0021004550223559,0.03143035,0.3802694372414585,0.4141220131135543,0.0023133333333333,0.0338525758720957,0.4499661514692436
Taiwan,2001,0.0,0.03001775,0.350478234251153,0.3917578647096816,0.0023070127504553,0.0412796304585285,0.424082627460137
Taiwan,2002,0.0,0.03284295,0.3906406553359155,0.4285383817164339,0.0020354994717668,0.0378977263805183,0.4634168311882007
Taiwan,2003,0.0,0.02931145,0.384109385432226,0.4264516435989137,0.0018192154462659,0.0423422581666877,0.4575823090451796
Taiwan,2004,0.0,0.03001775,0.3900204167906989,0.4346094060159854,0.0018136768424407,0.0445889892252864,0.4664408328584262
Taiwan,2005,0.0,0.028252,0.3947798587483399,0.4427580173532089,0.0013296456261384,0.0479781586048689,0.4723396629793473
Taiwan,2006,0.0,0.01518545,0.3937774031378386,0.4421825863678902,0.000969302875683,0.0484051832300515,0.4583373392435732
Taiwan,2007,0.0,0.0134197,0.4003817584752002,0.4512164609511271,0.0007478296516393,0.0508347024759269,0.4653839906027665
Taiwan,2008,0.0,0.01094765,0.4032232016194486,0.4534790997978321,0.0006827918333333,0.0502558981783835,0.4651095416311654
Taiwan,2009,0.0,0.01094765,0.4105732259084638,0.459481240475645,0.0006786192691256,0.0489080145671812,0.4711075097447707
Taiwan,2010,0.0,0.0091819,0.4111421071219108,0.4632869663180949,0.0006071018738615,0.0521448591961841,0.4730759681919565
Taiwan,2011,0.0,0.01024135,0.4159598198982903,0.4711754771057485,0.0004917512363387,0.0552156572074582,0.4819085783420873
Taiwan,2012,0.0,0.014020055,0.3992212803054081,0.4588463599790854,0.0004954118333333,0.0596250796736773,0.4733618268124187
Taiwan,2013,0.0,0.012113045,0.4112477847084365,0.4725478724952708,0.0004940582490892,0.0613000877868343,0.4851549757443601
Taiwan,2014,0.0,0.012042415,0.4186511416112123,0.4757653013808318,0.0004940582490892,0.0571141597696194,0.4883017746299211
Taiwan,2015,0.0,0.01186584,0.3602035351345086,0.4188488938620109,0.0004940582490892,0.0586453587275022,0.4312087921111001
Taiwan,2016,0.0,0.0102060491,0.3127009661706867,0.378977410581458,0.0004954118333333,0.0662764444107712,0.3896788715147913
Taiwan,2017,0.0,0.0084403141,0.2216809596601587,0.2864109954398802,0.0013317332490892,0.0647300357797215,0.2961830427889694
Taiwan,2018,0.0,0.00579339353,0.2751337224080299,0.3430866852858902,0.0013317332490892,0.0679529628778601,0.3502118120649794
Taiwan,2019,0.0,0.004607604044,0.3243787835002125,0.4009579294908426,0.0013317332490892,0.0765791459906301,0.4068972667839319
Taiwan,2020,0.0,0.002674519044,0.315524751099613,0.391351195841939,0.0013353818333333,0.0758264447423259,0.3953610967192723
Taiwan,2021,0.0,0.002864172256,0.2788713250277268,0.3629851008849337,0.0013317332490892,0.0841137758572069,0.367181006390023
Taiwan,2022,0.0,0.002301995991,0.2299883818374334,0.3357127798598597,0.0013317332490892,0.1057243980224263,0.339346509099949
Taiwan,2023,0.0,0.002145767576,0.1786552427640794,0.2946260886896226,0.0013317332490892,0.1159708459255431,0.2981035895147119
Tajikistan,1992,0.0092413234210748,0.00369591,0.0,0.0538060614127944,0.0021520780888774,0.0538060614127944,0.0688953729227467
Tajikistan,1993,0.0083484419311158,0.0,0.0,0.0578255642566192,0.0021461980940991,0.0578255642566192,0.0683202042818341
Tajikistan,1994,0.002433102060138,0.00122499,0.0,0.056382228345806,0.0021461980940991,0.056382228345806,0.0621865185000432
Tajikistan,1995,0.0009152035272078,0.00144486,0.0,0.0493054465986987,0.0017105198809969,0.0493054465986987,0.0533760300069036
Tajikistan,1996,0.0004464407449794,0.00103653,0.0,0.0500800027494187,0.0012869426971487,0.0500800027494187,0.0528499161915469
Tajikistan,1997,0.0003794746332325,0.0014789922,0.0,0.0463232348113449,0.0011160230089315,0.0463232348113449,0.0492977246535089
Tajikistan,1998,0.0004241187077304,0.0022184883,0.0,0.0477972799968561,0.0010730990470495,0.0477972799968561,0.0515129860516362
Tajikistan,1999,0.0004241187077304,0.0022184883,0.0,0.052113639162763,0.0008584792376396,0.052113639162763,0.0556147254081331
Tajikistan,2000,0.0004910848194774,0.0014789922,0.0,0.0478552864046193,0.0008608312355509,0.0478552864046193,0.0506861946596477
Tajikistan,2001,0.0005357288939753,0.00184874025,0.0,0.0484728840402155,0.0006996605786763,0.0484728840402155,0.0515570137628671
Tajikistan,2002,0.000803593340963,0.0007394961,0.0,0.051741715724752,0.0006631752110766,0.051741715724752,0.0539479803767917
Tajikistan,2003,0.0010491357507017,0.0014789922,0.0,0.055740745718778,0.0007554617291228,0.055740745718778,0.0590243353986026
Tajikistan,2004,0.0020759494641544,0.001442017395,0.0,0.0557509821436774,0.0007575314872848,0.0557509821436774,0.0600264804901167
Tajikistan,2005,0.0022098816876483,0.001515967005,0.0,0.0578938070892817,0.0007114911281703,0.0578938070892817,0.0623311469101004
Tajikistan,2006,0.0023438139111421,0.00133109298,0.0,0.0569861774148697,0.0006437241883498,0.0569861774148697,0.0613048084943617
Tajikistan,2007,0.0040402887420641,0.0007394961,0.0,0.0583953919093515,0.000582384082822,0.0583953919093515,0.0637575608342377
Tajikistan,2008,0.0044420854125456,0.00110924415,0.0,0.0539118378034214,0.0005062616704214,0.0539118378034214,0.0599694290363885
Tajikistan,2009,0.0045090515242925,0.00140504259,0.0,0.0542530519667342,0.000467859424524,0.0542530519667342,0.0606350055055508
Tajikistan,2010,0.0044644074497945,0.001515967005,0.0,0.0559591227832982,0.0004614325902313,0.0559591227832982,0.0624009298283241
Tajikistan,2011,0.0052680007907576,0.000702521295,0.0,0.0552766944566726,0.0004614325902313,0.0552766944566726,0.0617086491326615
Tajikistan,2012,0.0091966793465768,0.000554622075,0.0,0.0576651935998621,0.0004599978715053,0.0576651935998621,0.0678764928929444
Tajikistan,2013,0.01151817122047,0.000480672465,0.0,0.058248669819127,0.0004421168073844,0.058248669819127,0.0706896303119815
Tajikistan,2014,0.0196140243272994,0.00044369766,0.0,0.054594266130047,0.0004421168073844,0.054594266130047,0.0750941049247308
Tajikistan,2015,0.0233556905813902,0.0007394961,0.0,0.0580064077631749,0.000389784853857,0.0580064077631749,0.0824913792984222
Tajikistan,2016,0.0307074402891401,0.0007023562289062,0.0,0.0567507396421839,0.0003873740559979,0.0567507396421839,0.0885479102162282
Tajikistan,2017,0.0398059649858134,0.0007015308984375,0.0,0.0584602226003809,0.0006781985977353,0.0584602226003809,0.0996459170823672
Tajikistan,2018,0.0430674014115834,0.000679451553561,0.0,0.0627629331997553,0.0006781985977353,0.0627629331997553,0.107187984762635
Tajikistan,2019,0.0458532209782796,0.000679451553561,0.0,0.0654107551070626,0.0006781985977353,0.0654107551070626,0.1126216262366385
Tajikistan,2020,0.047125638806311,0.000683131444461,0.0,0.0618068511141528,0.0006800566760852,0.0618068511141528,0.1102956780410102
Tajikistan,2021,0.0483626392052785,0.000683131444461,0.0,0.0636603264492679,0.0006781985977353,0.0636603264492679,0.1133842956967428
Tajikistan,2022,0.048407408133964,0.000683131444461,0.0,0.0679871965741657,0.0006781985977353,0.0679871965741657,0.117755934750326
Tajikistan,2023,0.0560596176151162,0.000683131444461,0.0,0.0682462448041919,0.0006781985977353,0.0682462448041919,0.1256671924615044
Tanzania,1980,0.0,0.0,0.0,0.0033677837918972,0.0,0.0033677837918972,0.0033677837918972
Tanzania,1981,0.0,0.0,0.0,0.0034769723241573,0.0,0.0034769723241573,0.0034769723241573
Tanzania,1982,0.0,0.0,0.0,0.0035076815988555,0.0,0.0035076815988555,0.0035076815988555
Tanzania,1983,0.0,0.0,0.0,0.0036305186976481,0.0,0.0036305186976481,0.0036305186976481
Tanzania,1984,0.0,0.0,0.0,0.0037328829466419,0.0,0.0037328829466419,0.0037328829466419
Tanzania,1985,0.0,0.0,0.0,0.0038011257793045,0.0,0.0038011257793045,0.0038011257793045
Tanzania,1986,0.0,0.0,0.0,0.0036475794058137,0.0,0.0036475794058137,0.0036475794058137
Tanzania,1987,0.0,0.0,0.0,0.0039649085776946,0.0,0.0039649085776946,0.0039649085776946
Tanzania,1988,0.0,0.0,0.0,0.0042071706336467,0.0,0.0042071706336467,0.0042071706336467
Tanzania,1989,7.07868890744e-05,0.0,0.0,0.004882774677006,0.0,0.004882774677006,0.0049535615660805
Tanzania,1990,0.0001769672226861,0.0,0.0,0.0052342252652182,0.0,0.0052342252652182,0.0054111924879043
Tanzania,1991,0.0002831475562977,0.0,0.0,0.0058313500510156,0.0,0.0058313500510156,0.0061144976073134
Tanzania,1992,0.0005662951125955,0.0,0.0,0.005575439428531,0.0,0.005575439428531,0.0061417345411266
Tanzania,1993,0.0011325902251911,0.0,0.0,0.005735810085288,0.0,0.005735810085288,0.0068684003104792
Tanzania,1994,0.0011840715990634,0.0,0.0,0.005043145333763,0.0,0.005043145333763,0.0062272169328265
Tanzania,1995,0.0011325902251911,0.0,0.0,0.0052001038488869,0.0,0.0052001038488869,0.0063326940740781
Tanzania,1996,0.0014672191553612,0.0,0.0,0.0059064171669444,0.0,0.0059064171669444,0.0073736363223057
Tanzania,1997,0.0007207392342125,0.0,0.0,0.0048964232435385,0.0,0.0048964232435385,0.0056171624777511
Tanzania,1998,0.0011583309121273,0.0,0.0,0.0070187753393441,0.0,0.0070187753393441,0.0081771062514714
Tanzania,1999,0.0019305515202121,0.0,0.0,0.0073122195197931,0.0,0.0073122195197931,0.0092427710400053
Tanzania,2000,0.002038250554353,0.0,0.0,0.0076011665135703,0.0,0.0076011665135703,0.0096394170679234
Tanzania,2001,0.0020023422960771,0.0,0.0,0.0093697239238636,0.0,0.0093697239238636,0.0113720662199408
Tanzania,2002,0.0020389198122134,0.0,0.0,0.0096879621334774,0.0,0.0096879621334774,0.0117268819456908
Tanzania,2003,0.0014056989135838,0.0,0.0,0.0091633183562632,0.0,0.0091633183562632,0.010569017269847
Tanzania,2004,0.0016742000190149,0.0043974,0.0,0.0073225719495077,0.0,0.0073225719495077,0.0133941719685227
Tanzania,2005,0.0007926844541991,0.0150768,0.0,0.0065967568219579,0.0,0.0065967568219579,0.0224662412761571
Tanzania,2006,0.0004617879236347,0.0186366,0.0,0.005465241854387,0.0,0.005465241854387,0.0245636297780218
Tanzania,2007,0.0007000952032897,0.01959664665,0.0,0.0091657724581294,0.0,0.0091657724581294,0.0294625143114192
Tanzania,2008,0.0003923395502809,0.0207306,0.0,0.0096004645015756,0.0,0.0096004645015756,0.0307234040518566
Tanzania,2009,0.0013888130229537,0.02432942169,0.0,0.0096131990301677,0.0,0.0096131990301677,0.0353314337431214
Tanzania,2010,0.0017331719327856,0.0288403479,0.0,0.0110314914857469,0.0,0.0110314914857469,0.0416050113185326
Tanzania,2011,0.0020775308426176,0.0184874025,0.0,0.0097442736398711,0.0,0.0097442736398711,0.0303092069824888
Tanzania,2012,0.0020250713226417,0.0214453869,0.0,0.0099023164261894,0.0,0.0099023164261894,0.0333727746488311
Tanzania,2013,0.0021820895129523,0.02403362325,0.0,0.0098075934943757,0.0,0.0098075934943757,0.0360233062573281
Tanzania,2014,0.0063322089862959,0.02033614275,0.0,0.0127571749272901,0.0,0.0127571749272901,0.0394255266635861
Tanzania,2015,0.0066153565425937,0.0406722855,0.0,0.0111105345775999,0.0,0.0111105345775999,0.0583981766201937
Tanzania,2016,0.0071044295943808,0.05556429,0.0,0.0121326822202641,0.0,0.0121326822202641,0.074801401814645
Tanzania,2017,0.0143890439973148,0.035005398,0.0,0.012195392038449,0.0,0.012195392038449,0.0615898340357639
Tanzania,2018,0.0161651513959101,0.0470432805,0.0,0.0117643853631671,0.0,0.0117643853631671,0.0749728172590773
Tanzania,2019,0.018330869831971,0.050979477,0.0,0.0127189770016781,0.0,0.0127189770016781,0.0820293238336491
Tanzania,2020,0.0177600186177878,0.04395920193234,0.0,0.0150539522383565,0.0,0.0150539522383565,0.0767731727884844
Tanzania,2021,0.0194297029491436,0.05212870692807,0.0,0.0149439029855591,0.0,0.0149439029855591,0.0865023128627727
Tanzania,2022,0.0614031217351678,0.06685861102464,0.0,0.0141067854527801,0.0,0.0141067854527801,0.142368518212588
Tanzania,2023,0.0572574940060706,0.0745227933957,0.0,0.0137575941735385,0.0,0.0137575941735385,0.1455378815753092
Thailand,1980,0.0158847647803042,0.0,0.0,0.0042992984577412,0.0,0.0042992984577412,0.0201840632380454
Thailand,1981,0.0179471801419437,0.04,0.0,0.0100419328262955,0.0,0.0100419328262955,0.0679891129682392
Thailand,1982,0.0236656954628532,0.047,0.0,0.0129559017809867,0.0,0.0129559017809867,0.08362159724384
Thailand,1983,0.0224574117156301,0.057,0.0,0.0123587769951893,0.0,0.0123587769951893,0.0918161887108195
Thailand,1984,0.0259676843260973,0.07,0.0,0.0137816400562037,0.0531811111111113,0.0137816400562037,0.1629304354934125
Thailand,1985,0.054039448970635,0.128,0.0,0.0124679655274494,0.103641926470588,0.0124679655274494,0.2981493409686726
Thailand,1986,0.0576860066131738,0.112,0.0,0.0187531304156711,0.1060981599999998,0.0187531304156711,0.2945372970288448
Thailand,1987,0.072197633994929,0.132,0.0,0.0137611672064049,0.0999062499999995,0.0137611672064049,0.3178650512013335
Thailand,1988,0.0759870816068161,0.193,0.0,0.0127614097078984,0.1149113698918915,0.0127614097078984,0.3966598612066062
Thailand,1989,0.0938495037687639,0.182,0.0,0.0188179611067005,0.1089894139986704,0.0188179611067005,0.403656878874135
Thailand,1990,0.1295621110948472,0.208,0.0,0.0168116218264213,0.1153142823836947,0.0168116218264213,0.4696880153049633
Thailand,1991,0.1525563914032144,0.236,0.0,0.0154979472976671,0.1270398818276469,0.0154979472976671,0.5310942205285284
Thailand,1992,0.1602909281563657,0.249,0.0,0.014324170575871,0.1426984703582922,0.014324170575871,0.5663135690905291
Thailand,1993,0.1618467601407427,0.31041885,0.0,0.0125020869437807,0.1463328213986112,0.0125020869437807,0.6311005184831348
Thailand,1994,0.1780642612660582,0.34184,0.0,0.0152522731000818,0.2186627324356965,0.0152522731000818,0.7538192668018366
Thailand,1995,0.1918754382265568,0.36763,0.0,0.0256504847150013,0.2091888548137167,0.0256504847150013,0.7943447777552749
Thailand,1996,0.2259323270424527,0.41851841815,0.0,0.033699038798991,0.272575119525729,0.033699038798991,0.9507249035171728
Thailand,1997,0.2441416089281433,0.52547695865,0.0,0.0278317742572161,0.2825261239288222,0.0278317742572161,1.0799764657641815
Thailand,1998,0.2082851512554574,0.5554943555,0.0,0.020748393036174,0.2974390079850509,0.020748393036174,1.0819669077766825
Thailand,1999,0.1902141501532691,0.61104379105,0.0,0.0208064272450912,0.3135644917104637,0.0208064272450912,1.135628860158824
Thailand,2000,0.1852605992727266,0.6424412981,0.0,0.0253012988207933,0.3956269600253718,0.0253012988207933,1.2486301562188915
Thailand,2001,0.2042311520003637,0.64416643585,0.0,0.0261577749718956,0.4186588051710961,0.0261577749718956,1.2932141679933555
Thailand,2002,0.2041789572673554,0.6893650449,0.0,0.0321216745248518,0.4558699950023986,0.0321216745248518,1.381535671694606
Thailand,2003,0.1962773127887153,0.7507799488,0.0,0.0362548762881564,0.4871931280711845,0.0362548762881564,1.4705052659480562
Thailand,2004,0.2089481282145674,0.7896434,0.0,0.0330758881199373,0.4779465921249432,0.0330758881199373,1.509614008459448
Thailand,2005,0.2174720794463603,0.8369655,0.0,0.0362576052995603,0.5910519157731485,0.0362576052995603,1.6817471005190694
Thailand,2006,0.1986440156628623,0.8588608,0.0,0.0447973167543807,0.6596957203034983,0.0447973167543807,1.7619978527207414
Thailand,2007,0.1899836148224185,0.89707163,0.0,0.0515118892713742,0.6952133750095978,0.0515118892713742,1.8337805091033903
Thailand,2008,0.188485861704574,0.9922992338,0.0,0.072017215023032,0.735951624235709,0.072017215023032,1.9887539347633152
Thailand,2009,0.1829726994146246,1.0654450744,0.0,0.0836993975749208,0.7613004320366247,0.0836993975749208,2.09341760342617
Thailand,2010,0.1901803411240731,1.248999731,0.0,0.0836648141234034,0.7813122917892461,0.0836648141234034,2.3041571780367227
Thailand,2011,0.2221482375440102,1.262800833,0.0,0.1011573032668927,0.8088226005951833,0.1011573032668927,2.394928974406086
Thailand,2012,0.1881842459574213,1.414612955,0.0,0.1140202424159517,0.8778744709584974,0.1140202424159517,2.5946919143318703
Thailand,2013,0.1886460395061229,1.442318667265,0.0,0.1453253920927524,0.8694026331900732,0.1453253920927524,2.6456927320539485
Thailand,2014,0.1924285406933863,1.452669493765,0.0,0.1569614859940347,0.8593813378385742,0.1569614859940347,2.6614408582909954
Thailand,2015,0.1611486762629272,1.37383069859,0.0,0.1601339789391881,0.8960008333097009,0.1601339789391881,2.5911141871018164
Thailand,2016,0.1798643325886208,1.3518871328216,0.0,0.2615497790587353,0.92008274796278,0.2615497790587353,2.713383992431736
Thailand,2017,0.1722373293633436,1.3318066999958,0.0,0.2582874227412568,0.8970362903847268,0.2582874227412568,2.659367742485127
Thailand,2018,0.1573359941497062,1.298608328512,0.0,0.2823497472056511,0.8719548022492964,0.2823497472056511,2.610248872116654
Thailand,2019,0.1491365557257988,1.322090758969,0.0,0.3150521181398623,0.8676916621658524,0.3150521181398623,2.653971095000513
Thailand,2020,0.140375657048058,1.188820449747,0.0,0.2850440953375802,0.7999444088991268,0.2850440953375802,2.414184611031765
Thailand,2021,0.1506575091790749,1.171437382417,0.0,0.2868739009613354,0.7294939187295805,0.2868739009613354,2.338462711286991
Thailand,2022,0.1680267245871888,1.062564456336,0.0,0.2978710612044627,0.6427200510069401,0.2978710612044627,2.171182293134592
Thailand,2023,0.1653472623917178,1.021750940811,0.0,0.3132002884183051,0.6174117694028934,0.3132002884183051,2.1177102610239165
The Bahamas,1980,0.0,0.0,0.0,0.0,0.0,0.0,0.0
The Bahamas,1981,0.0,0.0,0.0,0.0,0.0,0.0,0.0
The Bahamas,1982,0.0,0.0,0.0,0.0,0.0,0.0,0.0
The Bahamas,1983,0.0,0.0,0.0,0.0,0.0,0.0,0.0
The Bahamas,1984,0.0,0.0,0.0,0.0,0.0,0.0,0.0
The Bahamas,1985,0.0,0.0,0.0,0.0,0.0,0.0,0.0
The Bahamas,1986,0.0,0.0,0.0,0.0,0.0,0.0,0.0
The Bahamas,1987,0.0,0.0,0.0,0.0,0.0,0.0,0.0
The Bahamas,1988,0.0,0.0,0.0,0.0,0.0,0.0,0.0
The Bahamas,1989,0.0,0.0,0.0,0.0,0.0,0.0,0.0
The Bahamas,1990,0.0,0.0,0.0,0.0,0.0,0.0,0.0
The Bahamas,1991,0.0,0.0,0.0,0.0,0.0,0.0,0.0
The Bahamas,1992,0.0,0.0,0.0,0.0,0.0,0.0,0.0
The Bahamas,1993,0.0,0.0,0.0,0.0,0.0,0.0,0.0
The Bahamas,1994,0.0,0.0,0.0,0.0,0.0,0.0,0.0
The Bahamas,1995,0.0,0.0,0.0,0.0,0.0,0.0,0.0
The Bahamas,1996,0.0,0.0,0.0,0.0,0.0,0.0,0.0
The Bahamas,1997,0.0,0.0,0.0,0.0,0.0,0.0,0.0
The Bahamas,1998,0.0,0.0,0.0,0.0,0.0,0.0,0.0
The Bahamas,1999,0.0,0.0,0.0,0.0,0.0,0.0,0.0
The Bahamas,2000,0.0,0.0,0.0,0.0,0.0,0.0,0.0
The Bahamas,2001,0.0,0.0,0.0,0.0,0.0,0.0,0.0
The Bahamas,2002,0.0,0.0,0.0,0.0,0.0,0.0,0.0
The Bahamas,2003,0.0,0.0,0.0,0.0,0.0,0.0,0.0
The Bahamas,2004,0.0,0.0,0.0,0.0,0.0,0.0,0.0
The Bahamas,2005,0.0,0.0,0.0,0.0,0.0,0.0,0.0
The Bahamas,2006,0.0,0.0,0.0,0.0,0.0,0.0,0.0
The Bahamas,2007,0.0,0.0,0.0,0.0,0.0,0.0,0.0
The Bahamas,2008,0.0,0.0,0.0,0.0,0.0,0.0,0.0
The Bahamas,2009,0.0,0.0,0.0,0.0,0.0,0.0,0.0
The Bahamas,2010,0.0,0.0,0.0,1.7060708165e-06,0.0,1.7060708165e-06,1.7060708165e-06
The Bahamas,2011,0.0,0.0,0.0,2.0472849798e-06,0.0,2.0472849798e-06,2.0472849798e-06
The Bahamas,2012,0.0,0.0,0.0,3.0709274698e-06,0.0,3.0709274698e-06,3.0709274698e-06
The Bahamas,2013,0.0,0.0,0.0,6.8242832662e-06,0.0,6.8242832662e-06,6.8242832662e-06
The Bahamas,2014,0.0,0.0,0.0,6.8242832662e-06,0.0,6.8242832662e-06,6.8242832662e-06
The Bahamas,2015,0.0,0.0,0.0,6.8242832662e-06,0.0,6.8242832662e-06,6.8242832662e-06
The Bahamas,2016,0.0,0.0,0.0,6.8242832662e-06,0.0,6.8242832662e-06,6.8242832662e-06
The Bahamas,2017,0.0,0.0,0.0,7.1654974295e-06,0.0,7.1654974295e-06,7.1654974295e-06
The Bahamas,2018,0.0,0.0,0.0,1.70607081656e-05,0.0,1.70607081656e-05,1.70607081656e-05
The Bahamas,2019,0.0,0.0,0.0,2.04728497987e-05,0.0,2.04728497987e-05,2.04728497987e-05
The Bahamas,2020,0.0,0.0,0.0,2.38849914318e-05,0.0,2.38849914318e-05,2.38849914318e-05
The Bahamas,2021,0.0,0.0,0.0,3.75335579644e-05,0.0,3.75335579644e-05,3.75335579644e-05
The Bahamas,2022,0.0,0.0,0.0,6.48306910294e-05,0.0,6.48306910294e-05,6.48306910294e-05
The Bahamas,2023,0.0,0.0,0.0,6.48306910294e-05,0.0,6.48306910294e-05,6.48306910294e-05
Timor-Leste,2003,0.0,0.0,0.0,0.0,0.0,0.0,0.0
Timor-Leste,2004,0.0,0.0,0.0,0.0,0.09347249249,0.0,0.09347249249
Timor-Leste,2005,0.0,0.0,0.0,0.0,0.17314505,0.0,0.17314505
Timor-Leste,2006,0.0,0.15496028493151,0.0,0.0,0.20816315,0.0,0.36312343493151
Timor-Leste,2007,0.0,0.21120788835616,0.0,0.0,0.18092685,0.0,0.39213473835616
Timor-Leste,2008,0.0,0.242917759,0.0,0.0,0.19897956,0.0,0.441897319
Timor-Leste,2009,0.0,0.244408052,0.0,0.0,0.1906541,0.0,0.435062152
Timor-Leste,2010,0.0,0.22317137675,0.0,0.0,0.1711996,0.0,0.39437097675
Timor-Leste,2011,0.0,0.207150727,0.0,0.0,0.194545,0.0,0.401695727
Timor-Leste,2012,0.0,0.20454271425,0.0,3.4121416331e-06,0.21068424,3.4121416331e-06,0.4152303663916331
Timor-Leste,2013,0.0,0.24030974625,0.0,3.4121416331e-06,0.1361815,3.4121416331e-06,0.3764946583916331
Timor-Leste,2014,0.0,0.2347211475,0.0,3.4121416331e-06,0.08754525,3.4121416331e-06,0.3222698096416331
Timor-Leste,2015,0.0,0.2868814025,0.0,3.4121416331e-06,0.08754525,3.4121416331e-06,0.3744300646416331
Timor-Leste,2016,0.0,0.2350544666265,0.0,6.8242832662e-06,0.0585234,6.8242832662e-06,0.2935846909097662
Timor-Leste,2017,0.0,0.2155317941725,0.0,6.8242832662e-06,0.04085445,6.8242832662e-06,0.2563930684557662
Timor-Leste,2018,0.0,0.233097307958,0.0,3.4121416331e-06,0.02918175,3.4121416331e-06,0.2622824700996331
Timor-Leste,2019,0.0,0.205559072343,0.0,3.4121416331e-06,0.04474535,3.4121416331e-06,0.2503078344846331
Timor-Leste,2020,0.0,0.2499138913805,0.0,3.4121416331e-06,0.02731092,3.4121416331e-06,0.2772282235221331
Timor-Leste,2021,0.0,0.2259988509165,0.0,3.4121416331e-06,0.0233454,3.4121416331e-06,0.2493476630581331
Timor-Leste,2022,0.0,0.108993565824,0.0,3.4121416331e-06,0.0194545,3.4121416331e-06,0.1284514779656331
Timor-Leste,2023,0.0,0.0194121347657,0.0,3.4121416331e-06,0.00972725,3.4121416331e-06,0.0291427969073331
Togo,1980,0.0,0.0,0.0,0.0001296613820588,0.0,0.0001296613820588,0.0001296613820588
Togo,1981,0.0,0.0,0.0,0.0001296613820588,0.0,0.0001296613820588,0.0001296613820588
Togo,1982,0.0,0.0,0.0,0.0001944920730882,0.0,0.0001944920730882,0.0001944920730882
Togo,1983,0.0,0.0,0.0,6.48306910294e-05,0.0,6.48306910294e-05,6.48306910294e-05
Togo,1984,0.0,0.0,0.0,0.0001296613820588,0.0,0.0001296613820588,0.0001296613820588
Togo,1985,0.0,0.0,0.0,0.0002593227641177,0.0,0.0002593227641177,0.0002593227641177
Togo,1986,0.0,0.0,0.0,0.0002593227641177,0.0,0.0002593227641177,0.0002593227641177
Togo,1987,0.0,0.0,0.0,0.0002593227641177,0.0,0.0002593227641177,0.0002593227641177
Togo,1988,0.0,0.0,0.0,0.0002593227641177,0.0,0.0002593227641177,0.0002593227641177
Togo,1989,0.0,0.0,0.0,0.0003241534551471,0.0,0.0003241534551471,0.0003241534551471
Togo,1990,0.0,0.0,0.0,0.0003241534551471,0.0,0.0003241534551471,0.0003241534551471
Togo,1991,0.0,0.0,0.0,0.0006585433351936,0.0,0.0006585433351936,0.0006585433351936
Togo,1992,0.0,0.0,0.0,0.0004367541290403,0.0,0.0004367541290403,0.0004367541290403
Togo,1993,0.0,0.0,0.0,0.0007847925756194,0.0,0.0007847925756194,0.0007847925756194
Togo,1994,0.0,0.0,0.0,0.0005049969617029,0.0,0.0005049969617029,0.0005049969617029
Togo,1995,0.0,0.0,0.0,0.0008700961164476,0.0,0.0008700961164476,0.0008700961164476
Togo,1996,0.0,0.0,0.0,0.0006483069102943,0.0,0.0006483069102943,0.0006483069102943
Togo,1997,0.0,0.0,0.0,0.0003173291718808,0.0,0.0003173291718808,0.0003173291718808
Togo,1998,0.0,0.0,0.0,0.000586888360898,0.0,0.000586888360898,0.000586888360898
Togo,1999,0.0,0.0,0.0,0.0006926647515249,0.0,0.0006926647515249,0.0006926647515249
Togo,2000,0.0,0.0,0.0,0.0003378020216796,0.0,0.0003378020216796,0.0003378020216796
Togo,2001,0.0,0.0,0.0,0.0001775283689491,0.0,0.0001775283689491,0.0001775283689491
Togo,2002,0.0,0.0,0.0,0.0003002054611001,0.0,0.0003002054611001,0.0003002054611001
Togo,2003,0.0,0.0,0.0,0.0004331199781919,0.0,0.0004331199781919,0.0004331199781919
Togo,2004,0.0,0.0,0.0,0.0002930041621844,0.0,0.0002930041621844,0.0002930041621844
Togo,2005,0.0,0.0,0.0,0.0002690851693412,0.0,0.0002690851693412,0.0002690851693412
Togo,2006,0.0,0.0,0.0,0.0003368509822033,0.0,0.0003368509822033,0.0003368509822033
Togo,2007,0.0,0.0,0.0,0.0004093489914922,0.0,0.0004093489914922,0.0004093489914922
Togo,2008,0.0,0.0,0.0,0.0003268015650664,0.0,0.0003268015650664,0.0003268015650664
Togo,2009,0.0,0.0,0.0,0.0004109650585728,0.0,0.0004109650585728,0.0004109650585728
Togo,2010,0.0,0.0,0.0,0.0003539662926354,0.0,0.0003539662926354,0.0003539662926354
Togo,2011,0.0,0.0,0.0,0.0004089041730284,0.0,0.0004089041730284,0.0004089041730284
Togo,2012,0.0,0.0,0.0,0.0003502389379183,0.0,0.0003502389379183,0.0003502389379183
Togo,2013,0.0,0.0,0.0,0.0001756622914909,0.0,0.0001756622914909,0.0001756622914909
Togo,2014,0.0,0.0,0.0,0.0004563265414632,0.0,0.0004563265414632,0.0004563265414632
Togo,2015,0.0,0.0,0.0,0.0002424538639137,0.0,0.0002424538639137,0.0002424538639137
Togo,2016,0.0,0.0,0.0,0.0007422388092733,0.0,0.0007422388092733,0.0007422388092733
Togo,2017,0.0,0.0,0.0,0.0007165497429568,0.0,0.0007165497429568,0.0007165497429568
Togo,2018,0.0,0.0,0.0,0.0006998302489545,0.0,0.0006998302489545,0.0006998302489545
Togo,2019,0.0,0.0,0.0,0.0004695444901214,0.0,0.0004695444901214,0.0004695444901214
Togo,2020,0.0,0.0,0.0,0.0003158661111513,0.0,0.0003158661111513,0.0003158661111513
Togo,2021,0.0,0.0,0.0,0.0005513038838371,0.0,0.0005513038838371,0.0005513038838371
Togo,2022,0.0,0.0,0.0,0.0006263709997659,0.0,0.0006263709997659,0.0006263709997659
Togo,2023,0.0,0.0,0.0,0.0006570802744641,0.0,0.0006570802744641,0.0006570802744641
Tonga,1980,0.0,0.0,0.0,0.0,0.0,0.0,0.0
Tonga,1981,0.0,0.0,0.0,0.0,0.0,0.0,0.0
Tonga,1982,0.0,0.0,0.0,0.0,0.0,0.0,0.0
Tonga,1983,0.0,0.0,0.0,0.0,0.0,0.0,0.0
Tonga,1984,0.0,0.0,0.0,0.0,0.0,0.0,0.0
Tonga,1985,0.0,0.0,0.0,0.0,0.0,0.0,0.0
Tonga,1986,0.0,0.0,0.0,0.0,0.0,0.0,0.0
Tonga,1987,0.0,0.0,0.0,0.0,0.0,0.0,0.0
Tonga,1988,0.0,0.0,0.0,0.0,0.0,0.0,0.0
Tonga,1989,0.0,0.0,0.0,0.0,0.0,0.0,0.0
Tonga,1990,0.0,0.0,0.0,0.0,0.0,0.0,0.0
Tonga,1991,0.0,0.0,0.0,0.0,0.0,0.0,0.0
Tonga,1992,0.0,0.0,0.0,0.0,0.0,0.0,0.0
Tonga,1993,0.0,0.0,0.0,0.0,0.0,0.0,0.0
Tonga,1994,0.0,0.0,0.0,0.0,0.0,0.0,0.0
Tonga,1995,0.0,0.0,0.0,0.0,0.0,0.0,0.0
Tonga,1996,0.0,0.0,0.0,0.0,0.0,0.0,0.0
Tonga,1997,0.0,0.0,0.0,0.0,0.0,0.0,0.0
Tonga,1998,0.0,0.0,0.0,0.0,0.0,0.0,0.0
Tonga,1999,0.0,0.0,0.0,0.0,0.0,0.0,0.0
Tonga,2000,0.0,0.0,0.0,0.0,0.0,0.0,0.0
Tonga,2001,0.0,0.0,0.0,0.0,0.0,0.0,0.0
Tonga,2002,0.0,0.0,0.0,0.0,0.0,0.0,0.0
Tonga,2003,0.0,0.0,0.0,0.0,0.0,0.0,0.0
Tonga,2004,0.0,0.0,0.0,0.0,0.0,0.0,0.0
Tonga,2005,0.0,0.0,0.0,0.0,0.0,0.0,0.0
Tonga,2006,0.0,0.0,0.0,0.0,0.0,0.0,0.0
Tonga,2007,0.0,0.0,0.0,0.0,0.0,0.0,0.0
Tonga,2008,0.0,0.0,0.0,0.0,0.0,0.0,0.0
Tonga,2009,0.0,0.0,0.0,0.0,0.0,0.0,0.0
Tonga,2010,0.0,0.0,0.0,0.0,0.0,0.0,0.0
Tonga,2011,0.0,0.0,0.0,0.0,0.0,0.0,0.0
Tonga,2012,0.0,0.0,0.0,3.4121416331e-06,0.0,3.4121416331e-06,3.4121416331e-06
Tonga,2013,0.0,0.0,0.0,1.02364248993e-05,0.0,1.02364248993e-05,1.02364248993e-05
Tonga,2014,0.0,0.0,0.0,1.36485665325e-05,0.0,1.36485665325e-05,1.36485665325e-05
Tonga,2015,0.0,0.0,0.0,1.70607081656e-05,0.0,1.70607081656e-05,1.70607081656e-05
Tonga,2016,0.0,0.0,0.0,1.70607081656e-05,0.0,1.70607081656e-05,1.70607081656e-05
Tonga,2017,0.0,0.0,0.0,2.04728497987e-05,0.0,2.04728497987e-05,2.04728497987e-05
Tonga,2018,0.0,0.0,0.0,2.38849914318e-05,0.0,2.38849914318e-05,2.38849914318e-05
Tonga,2019,0.0,0.0,0.0,3.07092746981e-05,0.0,3.07092746981e-05,3.07092746981e-05
Tonga,2020,0.0,0.0,0.0,3.75335579644e-05,0.0,3.75335579644e-05,3.75335579644e-05
Tonga,2021,0.0,0.0,0.0,3.07092746981e-05,0.0,3.07092746981e-05,3.07092746981e-05
Tonga,2022,0.0,0.0,0.0,2.7297133065e-05,0.0,2.7297133065e-05,2.7297133065e-05
Tonga,2023,0.0,0.0,0.0,2.7297133065e-05,0.0,2.7297133065e-05,2.7297133065e-05
Trinidad and Tobago,1980,0.0,0.084645,0.0,0.0002597108624771,0.0,0.0002597108624771,0.0849047108624771
Trinidad and Tobago,1981,0.0,0.084645,0.0,0.00018816185749,0.0,0.00018816185749,0.08483316185749
Trinidad and Tobago,1982,0.0,0.10659,0.0,0.0001777254558399,0.0,0.0001777254558399,0.1067677254558399
Trinidad and Tobago,1983,0.0,0.132715,0.0,0.0001578068233359,0.0,0.0001578068233359,0.1328728068233359
Trinidad and Tobago,1984,0.0,0.20064,0.0,0.0001252852004098,0.3725455882352957,0.0001252852004098,0.5733108734357055
Trinidad and Tobago,1985,0.0,0.22572,0.0,0.0001671589385288,0.3869183999999976,0.0001671589385288,0.6128055589385265
Trinidad and Tobago,1986,0.0,0.15884,0.0,0.0002611608404136,0.371528392857142,0.0002611608404136,0.5306295536975557
Trinidad and Tobago,1987,0.0,0.149435,0.0,0.0003021635423772,0.3407531847133736,0.0003021635423772,0.4904903482557509
Trinidad and Tobago,1988,0.0,0.16093,0.0,0.0002684351423595,0.3328699999999998,0.0002684351423595,0.4940684351423593
Trinidad and Tobago,1989,0.0,0.16929,0.0,0.000260810825885,0.3280876965946511,0.000260810825885,0.4976385074205361
Trinidad and Tobago,1990,0.0,0.184965,0.0,0.0003224753854928,0.3320930262729343,0.0003224753854928,0.5173805016584272
Trinidad and Tobago,1991,0.0,0.210045,0.0,0.000260910830036,0.3251298224832625,0.000260910830036,0.5354357333132986
Trinidad and Tobago,1992,0.0,0.2029729625,0.0,0.0003102728789842,0.3148895231411716,0.0003102728789842,0.5181727585201559
Trinidad and Tobago,1993,0.0,0.22781,0.0,0.0002886639820297,0.2702267174688233,0.0002886639820297,0.4983253814508531
Trinidad and Tobago,1994,0.0,0.2609156,0.0,0.0003301257030466,0.3060462524807293,0.0003301257030466,0.567291978183776
Trinidad and Tobago,1995,0.0,0.2801018,0.0,0.0003403101257874,0.3060462524807293,0.0003403101257874,0.5864883626065168
Trinidad and Tobago,1996,0.0,0.31626877975,0.0,0.0001757872966797,0.3034512321059601,0.0001757872966797,0.6198957991526398
Trinidad and Tobago,1997,0.0,0.3432088275,0.0,0.0001838416310036,0.2891109271262619,0.0001838416310036,0.6325035962572656
Trinidad and Tobago,1998,0.0,0.3432088275,0.0,0.0001835536190486,0.2870261439941373,0.0001835536190486,0.630418525113186
Trinidad and Tobago,1999,0.0,0.43288597275,0.0,0.000184075640717,0.3001253907757027,0.000184075640717,0.7331954391664198
Trinidad and Tobago,2000,0.0,0.51555132475,0.0,0.0002040284689304,0.2926772915204289,0.0002040284689304,0.8084326447393594
Trinidad and Tobago,2001,0.0,0.56057441825,0.0,0.0002996694388505,0.2819294830363199,0.0002996694388505,0.8428035707251705
Trinidad and Tobago,2002,0.0,0.6384422275,0.0,0.0002645089793901,0.3241344055566261,0.0002645089793901,0.9628411420360162
Trinidad and Tobago,2003,0.0,0.9720559695,0.0,0.0001215050435008,0.3417630253514624,0.0001215050435008,1.3139404998949633
Trinidad and Tobago,2004,0.0,1.0074839775,0.0,0.0002303775626437,0.317105263026174,0.0002303775626437,1.324819618088818
Trinidad and Tobago,2005,0.0,1.1432913415,0.0,0.001007108414618,0.3591061035713969,0.001007108414618,1.503404553486015
Trinidad and Tobago,2006,0.0,1.344788137,0.0,0.0026090321301555,0.3688664156864816,0.0026090321301555,1.7162635848166372
Trinidad and Tobago,2007,0.0,1.43963186675,0.0,0.0043596242203668,0.3184391342962048,0.0043596242203668,1.7624306252665716
Trinidad and Tobago,2008,0.0,1.4503340775,0.0,0.0058147740057484,0.3136102115762184,0.0058147740057484,1.7697590630819668
Trinidad and Tobago,2009,0.0,1.5019999225,0.0,0.0001990962642016,0.3103547642978304,0.0001990962642016,1.812553783062032
Trinidad and Tobago,2010,0.0,1.5669512705,0.0,1.36485665325e-05,0.2973665235559748,1.36485665325e-05,1.8643314426225075
Trinidad and Tobago,2011,0.0,1.5241424275,0.0,1.36485665325e-05,0.2799968770373436,1.36485665325e-05,1.804152953103876
Trinidad and Tobago,2012,0.0,1.495357171,0.0,1.36485665325e-05,0.2427849238697808,1.36485665325e-05,1.7381557434363133
Trinidad and Tobago,2013,0.0,1.57949869,0.0,1.36485665325e-05,0.2367681783925218,1.36485665325e-05,1.8162805169590543
Trinidad and Tobago,2014,0.0,1.55300149235,0.0,1.70607081656e-05,0.2307310584917012,1.70607081656e-05,1.783749611549867
Trinidad and Tobago,2015,0.0,1.4511099307485,0.0,2.04728497987e-05,0.2206124238724049,2.04728497987e-05,1.6717428274707036
Trinidad and Tobago,2016,0.0,1.331671323125,0.0,2.04728497987e-05,0.1976087934461045,2.04728497987e-05,1.5293005894209033
Trinidad and Tobago,2017,0.0,1.21216287637498,0.0,2.04728497987e-05,0.2004969655790261,2.04728497987e-05,1.4126803148038047
Trinidad and Tobago,2018,0.0,1.2961486119999786,0.0,2.04728497987e-05,0.1774588557319346,2.04728497987e-05,1.473627940581712
Trinidad and Tobago,2019,0.0,1.315390840719978,0.0,2.04728497987e-05,0.1664028887134662,2.04728497987e-05,1.4818142022832432
Trinidad and Tobago,2020,0.0,1.139839073229981,0.0,2.04728497987e-05,0.155614221906757,2.04728497987e-05,1.295473767986537
Trinidad and Tobago,2021,0.0,0.9492656246919844,0.0,2.04728497987e-05,0.1581226215961322,2.04728497987e-05,1.1074087191379152
Trinidad and Tobago,2022,0.0,0.9974773310809836,0.0,2.04758763683e-05,0.1527290076862204,2.04758763683e-05,1.1502268146435723
Trinidad and Tobago,2023,0.0,0.959291985662984,0.0,2.04728497987e-05,0.140255233502713,2.04728497987e-05,1.0995676920154958
Tunisia,1980,0.0,0.016068,0.0,7.84792575619e-05,0.0,7.84792575619e-05,0.0161464792575619
Tunisia,1981,0.0,0.017304,0.0,9.89521073607e-05,0.0,9.89521073607e-05,0.0174029521073607
Tunisia,1982,0.0,0.022248,0.0,0.0001330735236919,0.0,0.0001330735236919,0.0223810735236919
Tunisia,1983,0.0,0.019776,0.0,0.0001023642489938,0.0,0.0001023642489938,0.0198783642489938
Tunisia,1984,0.0,0.02472,0.0,0.0002252013477864,0.2389412499999995,0.0002252013477864,0.263886451347786
Tunisia,1985,0.0,0.017304,0.0,0.0003685112963778,0.2362199999999986,0.0003685112963778,0.2538925112963764
Tunisia,1986,0.0,0.01854,0.0,0.0001740192232895,0.2299999999999988,0.0001740192232895,0.2487140192232884
Tunisia,1987,0.0,0.016068,0.0,0.0003821598629103,0.2199329245283028,0.0003821598629103,0.2363830843912131
Tunisia,1988,0.0,0.014832,0.0,0.000160370656757,0.2171553450980379,0.000160370656757,0.2321477157547949
Tunisia,1989,0.0,0.016068,0.0,0.0001160128155263,0.2217730926818801,0.0001160128155263,0.2379571054974065
Tunisia,1990,0.0,0.014832,0.0,0.0001501342318576,0.203124478892102,0.0001501342318576,0.2181066131239597
Tunisia,1991,0.0,0.0104758416,0.0,0.0003548627298453,0.2321334336762013,0.0003548627298453,0.2429641380060466
Tunisia,1992,0.0,0.017459736,0.0,0.0002183770645201,0.2431581411764691,0.0002183770645201,0.2608362542409893
Tunisia,1993,0.0,0.01534418,0.0,0.000214964922887,0.2093406834886947,0.000214964922887,0.2248998284115818
Tunisia,1994,0.0,0.01451064,0.0,0.0001364856653251,0.1937692742955093,0.0001364856653251,0.2084163999608345
Tunisia,1995,0.0,0.0136771,0.0,0.0001398978069582,0.1891225696989167,0.0001398978069582,0.2029395675058749
Tunisia,1996,0.0,0.0327532499,0.0,0.0002388499143189,0.1839114235294106,0.0002388499143189,0.2169035233437296
Tunisia,1997,0.0,0.0688232846,0.0,0.0002456741975852,0.1668323877102743,0.0002456741975852,0.2359013465078595
Tunisia,1998,0.0,0.078773639,0.0,0.0002559106224845,0.1741155241080028,0.0002559106224845,0.2531450737304874
Tunisia,1999,0.0,0.078773639,0.0,0.000320741313514,0.173048592306867,0.000320741313514,0.2521429726203811
Tunisia,2000,0.0,0.0779444428,0.0,0.000293444180449,0.1610562274509794,0.000293444180449,0.2392941144314284
Tunisia,2001,0.0,0.0932845725,0.0,0.0002627349057508,0.1501456489204962,0.0002627349057508,0.2436929563262471
Tunisia,2002,0.0,0.0891385915,0.0,0.0003173291718808,0.1559694785170889,0.0003173291718808,0.2454253991889698
Tunisia,2003,0.0,0.0949429649,0.0,0.0006721919017262,0.1398955011250393,0.0006721919017262,0.2355106579267655
Tunisia,2004,0.0,0.099503544,0.0,0.000668779760093,0.1485897568627442,0.000668779760093,0.2487620806228372
Tunisia,2005,0.0,0.103649525,0.0,0.0006346583437617,0.1502558421193605,0.0006346583437617,0.2545400254631223
Tunisia,2006,0.0,0.103649525,0.0,0.0004401662706735,0.146111705721632,0.0004401662706735,0.2502013969923055
Tunisia,2007,0.0,0.0655064998,0.0,0.0003139170302477,0.2020575470909663,0.0003139170302477,0.2678779639212141
Tunisia,2008,0.0,0.11338127955,0.0,0.0002354377726858,0.1770477334391396,0.0002354377726858,0.2906644507618254
Tunisia,2009,0.0,0.06909768215,0.0,0.0005971247857973,0.1670981707840448,0.0005971247857973,0.2367929777198422
Tunisia,2010,0.0,0.07620588535,0.0,0.0006483069102943,0.1615394382735981,0.0006483069102943,0.2383936305338924
Tunisia,2011,0.0,0.07245190085,0.0,0.0005630033694661,0.1380028703634943,0.0005630033694661,0.2110177745829604
Tunisia,2012,0.0,0.0698241117,0.0,0.0010577639062696,0.1362307943097067,0.0010577639062696,0.2071126699159763
Tunisia,2013,0.0,0.06944871325,0.0,0.0014706330438781,0.1309086444873023,0.0014706330438781,0.2018279907811805
Tunisia,2014,0.0,0.062353682545,0.0,0.0020336364133442,0.1090469057644909,0.0020336364133442,0.1734342247228352
Tunisia,2015,0.0,0.059125255875,0.0,0.0019824542888473,0.0808724551591123,0.0019824542888473,0.1419801653229597
Tunisia,2016,0.0,0.0513921134984,0.0,0.0021428249456043,0.0852495137254897,0.0021428249456043,0.138784452169494
Tunisia,2017,0.0,0.047863398045,0.0,0.0020438728382436,0.0854623286657554,0.0020438728382436,0.1353695995489991
Tunisia,2018,0.0,0.04581653707688,0.0,0.0018886203939363,0.0817747946142714,0.0018886203939363,0.1294799520850878
Tunisia,2019,0.0,0.0421141782774,0.0,0.0023369758045293,0.076716172211533,0.0023369758045293,0.1211673262934623
Tunisia,2020,0.0,0.04516805412885,0.0,0.0022554256194975,0.0709239979756665,0.0022554256194975,0.1183474777240141
Tunisia,2021,0.0,0.05932946649829,0.0,0.0022793106109294,0.0858476325341471,0.0022793106109294,0.1474564096433666
Tunisia,2022,0.0,0.05820328071529,0.0,0.0022383649113319,0.0743756811593481,0.0022383649113319,0.13481732678597
Tunisia,2023,0.0,0.04927718976706,0.0,0.0028627868301943,0.0702324975936672,0.0028627868301943,0.1223724741909215
Turkiye,1980,0.1660071168697504,0.0,0.0,0.0394161965344566,0.0,0.0394161965344566,0.205423313404207
Turkiye,1981,0.1872292884277034,0.0,0.0,0.0430942500558974,0.0,0.0430942500558974,0.2303235384836009
Turkiye,1982,0.2020785693246164,0.001028,0.0,0.0471216759534968,0.0,0.0471216759534968,0.2502282452781132
Turkiye,1983,0.225012062570569,0.00257,0.0,0.0379771363767139,0.0,0.0379771363767139,0.265559198947283
Turkiye,1984,0.2671444460037669,0.0014392,0.0,0.0450709788319869,0.0,0.0450709788319869,0.3136546248357538
Turkiye,1985,0.356498612265203,0.002056,0.0,0.040351986953371,0.0,0.040351986953371,0.398906599218574
Turkiye,1986,0.4137209312076887,0.016464,0.0,0.0398333414251355,0.0,0.0398333414251355,0.4700182726328243
Turkiye,1987,0.4188103306027292,0.01029,0.0,0.0626605689507614,0.0,0.0626605689507614,0.4917608995534906
Turkiye,1988,0.3495552810414964,0.003084,0.0,0.0972767458188444,0.0,0.0972767458188444,0.4499160268603409
Turkiye,1989,0.4653458021290093,0.006168,0.0,0.0602788940908381,0.0,0.0602788940908381,0.5317926962198475
Turkiye,1990,0.4227321094710615,0.00769640984,0.0,0.0784690211370432,0.0,0.0784690211370432,0.5088975404481048
Turkiye,1991,0.4109667728660645,0.00736967546,0.0,0.0772960204474592,0.0,0.0772960204474592,0.4956324687735237
Turkiye,1992,0.4584113840390943,0.00718815636,0.0,0.0904710933259253,0.0,0.0904710933259253,0.5560706337250197
Turkiye,1993,0.4328217769232257,0.007260764,0.0,0.1155289674425067,0.0,0.1155289674425067,0.5556115083657325
Turkiye,1994,0.4846159973865878,0.00722446018,0.0,0.1041153456793617,0.0,0.1041153456793617,0.5959558032459495
Turkiye,1995,0.4908730173083362,0.00660729524,0.0,0.1226424187117136,0.0,0.1226424187117136,0.6201227312600499
Turkiye,1996,0.5023709598995834,0.00747858692,0.0,0.1388310506787153,0.0,0.1388310506787153,0.6486805974982988
Turkiye,1997,0.5341551950006589,0.009193801155,0.0,0.1377852073472517,0.0,0.1377852073472517,0.6811342035029105
Turkiye,1998,0.6005936942837257,0.0205116583,0.0,0.1454150874926839,0.0,0.1454150874926839,0.7665204400764096
Turkiye,1999,0.5975186631256014,0.02653809242,0.0,0.1188469751682705,0.0,0.1188469751682705,0.7429037307138721
Turkiye,2000,0.5639161487310265,0.02319814098,0.0,0.1064561408424271,0.0,0.1064561408424271,0.6935704305534536
Turkiye,2001,0.5534788690609874,0.01132679184,0.0,0.0835679367857524,0.0,0.0835679367857524,0.6483735976867399
Turkiye,2002,0.4811666146092136,0.01372284396,0.0,0.1156665711542403,0.0,0.1156665711542403,0.610556029723454
Turkiye,2003,0.4328485163246007,0.0203301392,0.0,0.1207189598716831,0.0987764798295081,0.1207189598716831,0.6726740952257919
Turkiye,2004,0.4133644058560222,0.02497702816,0.0,0.1570187336234692,0.0945754961049179,0.1570187336234692,0.6899356637444094
Turkiye,2005,0.519992225405704,0.03256452654,0.0,0.1352488064940278,0.0948801623081966,0.1352488064940278,0.7826857207479285
Turkiye,2006,0.5727134117833993,0.0328549571,0.0,0.1520431787605159,0.0907391293770491,0.1520431787605159,0.8483506770209643
Turkiye,2007,0.6717294150749996,0.03241931126,0.0,0.125041005938871,0.0896455293770491,0.125041005938871,0.9188352616509198
Turkiye,2008,0.7077206493257406,0.036956900295,0.0,0.1184624088706985,0.0909540546448086,0.1184624088706985,0.954094013136248
Turkiye,2009,0.7085852233035321,0.02485596834,0.0,0.131747280306746,0.1007845027322403,0.131747280306746,0.9659729746825184
Turkiye,2010,0.654215107174379,0.0247694436546298,0.0,0.1918117374966146,0.1054337967213113,0.1918117374966146,0.9762300850469348
Turkiye,2011,0.6701963560628333,0.0275758819069282,0.0,0.1972928410093964,0.0997626142076501,0.1972928410093964,0.9948276931868082
Turkiye,2012,0.6263169984064693,0.0229582940005687,0.0,0.2228116042568277,0.0978921398907102,0.2228116042568277,0.969979036554576
Turkiye,2013,0.5892758237344715,0.019516445834518,0.0,0.2382085411488109,0.1008681661202184,0.2382085411488109,0.947868976838019
Turkiye,2014,0.5769811430349593,0.0173985366315989,0.0,0.1838371392786561,0.1039816393442622,0.1838371392786561,0.8821984582894765
Turkiye,2015,0.5339901218926607,0.013822308785897,0.0,0.2885677798199545,0.105810281967213,0.2885677798199545,0.9421904924657252
Turkiye,2016,0.6475223232554546,0.013314406740962,0.0,0.314533299810311,0.1082604240437157,0.314533299810311,1.083630453850443
Turkiye,2017,0.6551845609624675,0.012842783413521,0.0,0.3067071526121916,0.1072507922054643,0.3067071526121916,1.0819852891936446
Turkiye,2018,0.7393936346734478,0.0155146599465791,0.0,0.3441542912844537,0.1197703130535518,0.3441542912844537,1.2188328989580324
Turkiye,2019,0.7726387261514397,0.0170311304112878,0.0,0.4639942957182443,0.1254448899103824,0.4639942957182443,1.379109042191354
Turkiye,2020,0.6649827863649828,0.0159981251733041,0.0,0.4579274778422044,0.1345580738448086,0.4579274778422044,1.2734664632253
Turkiye,2021,0.7621854005035198,0.0142729594874998,0.0,0.4291427280220997,0.1445875153005463,0.4291427280220997,1.3501886033136656
Turkiye,2022,0.6652791660507318,0.0137750516849204,0.0,0.5081726542213476,0.1505301974601091,0.5081726542213476,1.337757069417109
Turkiye,2023,0.6217557095209033,0.0292870830637918,0.0,0.4996224812501786,0.1720304989551911,0.4996224812501786,1.322695772790065
Turkmenistan,1992,0.0,2.11495047,0.0,1.36485665325e-05,0.2026723375545836,1.36485665325e-05,2.317636456121116
Turkmenistan,1993,0.0,2.39596527,0.0,1.70607081656e-05,0.1589117171288935,1.70607081656e-05,2.554894047837059
Turkmenistan,1994,0.0,1.31629887,0.0,1.36485665325e-05,0.1536411473046397,1.36485665325e-05,1.4699536658711725
Turkmenistan,1995,0.0,1.19428149,0.0,1.36485665325e-05,0.160079741586937,1.36485665325e-05,1.3543748801534696
Turkmenistan,1996,0.0,1.36807302,0.0,1.70607081656e-05,0.1849416572302942,1.70607081656e-05,1.55303173793846
Turkmenistan,1997,0.0,0.9428575275,0.0,1.70607081656e-05,0.2444673280283423,1.70607081656e-05,1.187341916236508
Turkmenistan,1998,0.0,0.488067426,0.0,2.04728497987e-05,0.3148699348889112,2.04728497987e-05,0.80295783373871
Turkmenistan,1999,0.0,0.8245381515,0.0,1.70607081656e-05,0.3286967014502465,1.70607081656e-05,1.153251913658412
Turkmenistan,2000,0.0,1.7193284325,0.0,1.70607081656e-05,0.3312529753936211,1.70607081656e-05,2.050598468601786
Turkmenistan,2001,0.0,1.782185601,0.0,1.02364248993e-05,0.3684676505205826,1.02364248993e-05,2.150663487945482
Turkmenistan,2002,0.0,1.9781520675,0.0,1.02364248993e-05,0.3949603284012256,1.02364248993e-05,2.373122632326125
Turkmenistan,2003,0.0,2.1852109755,0.0,1.02364248993e-05,0.4580198688198201,1.02364248993e-05,2.6432410807447195
Turkmenistan,2004,0.0,2.16561432885,0.0,1.02364248993e-05,0.4592747177754908,1.02364248993e-05,2.6248992830503903
Turkmenistan,2005,0.0,2.329412715,0.0,1.02364248993e-05,0.4380726378788291,1.02364248993e-05,2.7674955893037283
Turkmenistan,2006,0.0,2.174118534,0.0,1.02364248993e-05,0.3865638836204507,1.02364248993e-05,2.56069265404535
Turkmenistan,2007,0.0,2.36638752,0.0,1.02364248993e-05,0.4239325531260363,1.02364248993e-05,2.7903303095509355
Turkmenistan,2008,0.0,2.36638752,0.0,1.02364248993e-05,0.3942060146183324,1.02364248993e-05,2.760603771043232
Turkmenistan,2009,0.0,1.2800677491,0.0,1.02364248993e-05,0.4096585540601636,1.02364248993e-05,1.689736539585063
Turkmenistan,2010,0.0,1.5344544075,0.0,1.02364248993e-05,0.4474763044808437,1.02364248993e-05,1.981940948405743
Turkmenistan,2011,0.0,2.25361436475,0.0,1.02364248993e-05,0.4683739048681424,1.02364248993e-05,2.721998506043042
Turkmenistan,2012,0.0,2.44033713,0.0,1.02364248993e-05,0.5135950201227957,1.02364248993e-05,2.9539423865476957
Turkmenistan,2013,0.0,2.66218596,0.0,1.02364248993e-05,0.5313204342584238,1.02364248993e-05,3.193516630683323
Turkmenistan,2014,0.0,2.81008518,0.0,1.02364248993e-05,0.545374559150117,1.02364248993e-05,3.3554699755750166
Turkmenistan,2015,0.0,2.96397431841,0.0,1.02364248993e-05,0.5701451367355402,1.02364248993e-05,3.53412969157044
Turkmenistan,2016,0.0,2.818664569173,0.0,1.02364248993e-05,0.5452585589536453,1.02364248993e-05,3.363933364551545
Turkmenistan,2017,0.0,2.8637632022798,0.0,1.0918853226e-05,0.557208804080199,1.0918853226e-05,3.420982925213225
Turkmenistan,2018,0.0,3.0087509035890334,0.0,1.0918853226e-05,0.5538767229919865,1.0918853226e-05,3.5626385454342464
Turkmenistan,2019,0.0,3.0919164379290347,0.0,1.0918853226e-05,0.5049305484104342,1.0918853226e-05,3.5968579051926945
Turkmenistan,2020,0.0,2.9447208019290327,0.0,1.0918853226e-05,0.4550518069493556,1.0918853226e-05,3.399783527731614
Turkmenistan,2021,0.0,2.984206031286033,0.0,2.04728497987e-05,0.478769541459195,2.04728497987e-05,3.4629960455950277
Turkmenistan,2022,0.0,3.197271714396036,0.0,2.04728497987e-05,0.4807792682324766,2.04728497987e-05,3.678071455478311
Turkmenistan,2023,0.0,3.116083436415035,0.0,2.04728497987e-05,0.4763262840158797,2.04728497987e-05,3.592430193280713
Turks and Caicos Islands,1980,0.0,0.0,0.0,0.0,0.0,0.0,0.0
Turks and Caicos Islands,1981,0.0,0.0,0.0,0.0,0.0,0.0,0.0
Turks and Caicos Islands,1982,0.0,0.0,0.0,0.0,0.0,0.0,0.0
Turks and Caicos Islands,1983,0.0,0.0,0.0,0.0,0.0,0.0,0.0
Turks and Caicos Islands,1984,0.0,0.0,0.0,0.0,0.0,0.0,0.0
Turks and Caicos Islands,1985,0.0,0.0,0.0,0.0,0.0,0.0,0.0
Turks and Caicos Islands,1986,0.0,0.0,0.0,0.0,0.0,0.0,0.0
Turks and Caicos Islands,1987,0.0,0.0,0.0,0.0,0.0,0.0,0.0
Turks and Caicos Islands,1988,0.0,0.0,0.0,0.0,0.0,0.0,0.0
Turks and Caicos Islands,1989,0.0,0.0,0.0,0.0,0.0,0.0,0.0
Turks and Caicos Islands,1990,0.0,0.0,0.0,0.0,0.0,0.0,0.0
Turks and Caicos Islands,1991,0.0,0.0,0.0,0.0,0.0,0.0,0.0
Turks and Caicos Islands,1992,0.0,0.0,0.0,0.0,0.0,0.0,0.0
Turks and Caicos Islands,1993,0.0,0.0,0.0,0.0,0.0,0.0,0.0
Turks and Caicos Islands,1994,0.0,0.0,0.0,0.0,0.0,0.0,0.0
Turks and Caicos Islands,1995,0.0,0.0,0.0,0.0,0.0,0.0,0.0
Turks and Caicos Islands,1996,0.0,0.0,0.0,0.0,0.0,0.0,0.0
Turks and Caicos Islands,1997,0.0,0.0,0.0,0.0,0.0,0.0,0.0
Turks and Caicos Islands,1998,0.0,0.0,0.0,0.0,0.0,0.0,0.0
Turks and Caicos Islands,1999,0.0,0.0,0.0,0.0,0.0,0.0,0.0
Turks and Caicos Islands,2000,0.0,0.0,0.0,0.0,0.0,0.0,0.0
Turks and Caicos Islands,2001,0.0,0.0,0.0,0.0,0.0,0.0,0.0
Turks and Caicos Islands,2002,0.0,0.0,0.0,0.0,0.0,0.0,0.0
Turks and Caicos Islands,2003,0.0,0.0,0.0,0.0,0.0,0.0,0.0
Turks and Caicos Islands,2004,0.0,0.0,0.0,0.0,0.0,0.0,0.0
Turks and Caicos Islands,2005,0.0,0.0,0.0,0.0,0.0,0.0,0.0
Turks and Caicos Islands,2006,0.0,0.0,0.0,0.0,0.0,0.0,0.0
Turks and Caicos Islands,2007,0.0,0.0,0.0,0.0,0.0,0.0,0.0
Turks and Caicos Islands,2008,0.0,0.0,0.0,0.0,0.0,0.0,0.0
Turks and Caicos Islands,2009,0.0,0.0,0.0,0.0,0.0,0.0,0.0
Turks and Caicos Islands,2010,0.0,0.0,0.0,0.0,0.0,0.0,0.0
Turks and Caicos Islands,2011,0.0,0.0,0.0,0.0,0.0,0.0,0.0
Turks and Caicos Islands,2012,0.0,0.0,0.0,0.0,0.0,0.0,0.0
Turks and Caicos Islands,2013,0.0,0.0,0.0,0.0,0.0,0.0,0.0
Turks and Caicos Islands,2014,0.0,0.0,0.0,0.0,0.0,0.0,0.0
Turks and Caicos Islands,2015,0.0,0.0,0.0,0.0,0.0,0.0,0.0
Turks and Caicos Islands,2016,0.0,0.0,0.0,0.0,0.0,0.0,0.0
Turks and Caicos Islands,2017,0.0,0.0,0.0,0.0,0.0,0.0,0.0
Turks and Caicos Islands,2018,0.0,0.0,0.0,3.4121416331e-06,0.0,3.4121416331e-06,3.4121416331e-06
Turks and Caicos Islands,2019,0.0,0.0,0.0,3.4121416331e-06,0.0,3.4121416331e-06,3.4121416331e-06
Turks and Caicos Islands,2020,0.0,0.0,0.0,3.4121416331e-06,0.0,3.4121416331e-06,3.4121416331e-06
Turks and Caicos Islands,2021,0.0,0.0,0.0,1.36485665325e-05,0.0,1.36485665325e-05,1.36485665325e-05
Turks and Caicos Islands,2022,0.0,0.0,0.0,1.70607081656e-05,0.0,1.70607081656e-05,1.70607081656e-05
Turks and Caicos Islands,2023,0.0,0.0,0.0,1.70607081656e-05,0.0,1.70607081656e-05,1.70607081656e-05
Tuvalu,1980,0.0,0.0,0.0,0.0,0.0,0.0,0.0
Tuvalu,1981,0.0,0.0,0.0,0.0,0.0,0.0,0.0
Tuvalu,1982,0.0,0.0,0.0,0.0,0.0,0.0,0.0
Tuvalu,1983,0.0,0.0,0.0,0.0,0.0,0.0,0.0
Tuvalu,1984,0.0,0.0,0.0,0.0,0.0,0.0,0.0
Tuvalu,1985,0.0,0.0,0.0,0.0,0.0,0.0,0.0
Tuvalu,1986,0.0,0.0,0.0,0.0,0.0,0.0,0.0
Tuvalu,1987,0.0,0.0,0.0,0.0,0.0,0.0,0.0
Tuvalu,1988,0.0,0.0,0.0,0.0,0.0,0.0,0.0
Tuvalu,1989,0.0,0.0,0.0,0.0,0.0,0.0,0.0
Tuvalu,1990,0.0,0.0,0.0,0.0,0.0,0.0,0.0
Tuvalu,1991,0.0,0.0,0.0,0.0,0.0,0.0,0.0
Tuvalu,1992,0.0,0.0,0.0,0.0,0.0,0.0,0.0
Tuvalu,1993,0.0,0.0,0.0,0.0,0.0,0.0,0.0
Tuvalu,1994,0.0,0.0,0.0,0.0,0.0,0.0,0.0
Tuvalu,1995,0.0,0.0,0.0,0.0,0.0,0.0,0.0
Tuvalu,1996,0.0,0.0,0.0,0.0,0.0,0.0,0.0
Tuvalu,1997,0.0,0.0,0.0,0.0,0.0,0.0,0.0
Tuvalu,1998,0.0,0.0,0.0,0.0,0.0,0.0,0.0
Tuvalu,1999,0.0,0.0,0.0,0.0,0.0,0.0,0.0
Tuvalu,2000,0.0,0.0,0.0,0.0,0.0,0.0,0.0
Tuvalu,2001,0.0,0.0,0.0,0.0,0.0,0.0,0.0
Tuvalu,2002,0.0,0.0,0.0,0.0,0.0,0.0,0.0
Tuvalu,2003,0.0,0.0,0.0,0.0,0.0,0.0,0.0
Tuvalu,2004,0.0,0.0,0.0,0.0,0.0,0.0,0.0
Tuvalu,2005,0.0,0.0,0.0,0.0,0.0,0.0,0.0
Tuvalu,2006,0.0,0.0,0.0,0.0,0.0,0.0,0.0
Tuvalu,2007,0.0,0.0,0.0,0.0,0.0,0.0,0.0
Tuvalu,2008,0.0,0.0,0.0,0.0,0.0,0.0,0.0
Tuvalu,2009,0.0,0.0,0.0,0.0,0.0,0.0,0.0
Tuvalu,2010,0.0,0.0,0.0,0.0,0.0,0.0,0.0
Tuvalu,2011,0.0,0.0,0.0,0.0,0.0,0.0,0.0
Tuvalu,2012,0.0,0.0,0.0,0.0,0.0,0.0,0.0
Tuvalu,2013,0.0,0.0,0.0,0.0,0.0,0.0,0.0
Tuvalu,2014,0.0,0.0,0.0,0.0,0.0,0.0,0.0
Tuvalu,2015,0.0,0.0,0.0,0.0,0.0,0.0,0.0
Tuvalu,2016,0.0,0.0,0.0,0.0,0.0,0.0,0.0
Tuvalu,2017,0.0,0.0,0.0,0.0,0.0,0.0,0.0
Tuvalu,2018,0.0,0.0,,0.0,0.0,0.0,0.0
Tuvalu,2019,0.0,0.0,,0.0,0.0,0.0,0.0
Tuvalu,2020,0.0,0.0,,0.0,0.0,0.0,0.0
Tuvalu,2021,0.0,0.0,,0.0,0.0,0.0,0.0
Tuvalu,2022,0.0,0.0,,0.0,0.0,0.0,0.0
Tuvalu,2023,0.0,0.0,,0.0,0.0,0.0,0.0
U.S. Pacific Islands,1980,0.0,0.0,0.0,0.0,0.0,0.0,0.0
U.S. Pacific Islands,1981,0.0,0.0,0.0,0.0,0.0,0.0,0.0
U.S. Pacific Islands,1982,0.0,0.0,0.0,0.0,0.0,0.0,0.0
U.S. Pacific Islands,1983,0.0,0.0,0.0,0.0,0.0,0.0,0.0
U.S. Pacific Islands,1984,0.0,0.0,0.0,0.0,0.0,0.0,0.0
U.S. Pacific Islands,1985,0.0,0.0,0.0,5.459426613e-05,0.0,5.459426613e-05,5.459426613e-05
U.S. Pacific Islands,1986,0.0,0.0,0.0,0.0001023642489938,0.0,0.0001023642489938,0.0001023642489938
U.S. Pacific Islands,1987,0.0,0.0,0.0,0.0001023642489938,0.0,0.0001023642489938,0.0001023642489938
U.S. Pacific Islands,1988,0.0,0.0,0.0,0.0001023642489938,0.0,0.0001023642489938,0.0001023642489938
U.S. Pacific Islands,1989,0.0,0.0,0.0,0.0001023642489938,0.0,0.0001023642489938,0.0001023642489938
U.S. Pacific Islands,1990,0.0,0.0,0.0,0.0001023642489938,0.0,0.0001023642489938,0.0001023642489938
U.S. Pacific Islands,1991,0.0,0.0,0.0,0.0001023642489938,0.0,0.0001023642489938,0.0001023642489938
U.S. Pacific Islands,1992,0.0,0.0,0.0,0.0,0.0,0.0,0.0
U.S. Pacific Islands,1993,0.0,0.0,0.0,0.0,0.0,0.0,0.0
U.S. Pacific Islands,1994,0.0,0.0,0.0,0.0,0.0,0.0,0.0
U.S. Pacific Islands,1995,0.0,0.0,0.0,0.0,0.0,0.0,0.0
U.S. Pacific Islands,1996,0.0,0.0,0.0,0.0,0.0,0.0,0.0
U.S. Pacific Islands,1997,0.0,0.0,0.0,0.0,0.0,0.0,0.0
U.S. Pacific Islands,1998,0.0,0.0,0.0,0.0,0.0,0.0,0.0
U.S. Pacific Islands,1999,0.0,0.0,0.0,0.0,0.0,0.0,0.0
U.S. Pacific Islands,2000,0.0,0.0,,0.0,0.0,0.0,0.0
U.S. Pacific Islands,2001,0.0,0.0,,0.0,0.0,0.0,0.0
U.S. Pacific Islands,2002,0.0,0.0,,0.0,0.0,0.0,0.0
U.S. Pacific Islands,2003,0.0,0.0,,0.0,0.0,0.0,0.0
U.S. Pacific Islands,2004,0.0,0.0,,0.0,0.0,0.0,0.0
U.S. Pacific Islands,2005,0.0,0.0,,0.0,0.0,0.0,0.0
U.S. Pacific Islands,2006,0.0,0.0,,0.0,0.0,0.0,0.0
U.S. Pacific Islands,2007,0.0,0.0,,0.0,0.0,0.0,0.0
U.S. Pacific Islands,2008,0.0,0.0,,0.0,0.0,0.0,0.0
U.S. Pacific Islands,2009,0.0,0.0,,0.0,0.0,0.0,0.0
U.S. Pacific Islands,2010,0.0,0.0,,0.0,0.0,0.0,0.0
U.S. Pacific Islands,2011,0.0,0.0,,0.0,0.0,0.0,0.0
U.S. Pacific Islands,2012,0.0,0.0,,0.0,0.0,0.0,0.0
U.S. Pacific Islands,2013,0.0,0.0,,0.0,0.0,0.0,0.0
U.S. Pacific Islands,2014,0.0,0.0,,0.0,0.0,0.0,0.0
U.S. Pacific Islands,2015,0.0,0.0,,0.0,0.0,0.0,0.0
U.S. Pacific Islands,2016,0.0,0.0,,0.0,0.0,0.0,0.0
U.S. Pacific Islands,2017,0.0,0.0,,0.0,0.0,0.0,0.0
U.S. Pacific Islands,2018,0.0,0.0,,0.0,0.0,0.0,0.0
U.S. Pacific Islands,2019,0.0,0.0,,0.0,0.0,0.0,0.0
U.S. Pacific Islands,2020,0.0,0.0,,0.0,0.0,0.0,0.0
U.S. Pacific Islands,2021,0.0,0.0,,0.0,0.0,0.0,0.0
U.S. Pacific Islands,2022,0.0,0.0,,0.0,0.0,0.0,0.0
U.S. Pacific Islands,2023,0.0,0.0,,0.0,0.0,0.0,0.0
U.S. Territories,1980,0.0,0.0,0.0,0.0,0.0,0.0,0.0
U.S. Territories,1981,0.0,0.0,0.0,0.0,0.0,0.0,0.0
U.S. Territories,1982,0.0,0.0,0.0,0.0,0.0,0.0,0.0
U.S. Territories,1983,0.0,0.0,0.0,0.0,0.0,0.0,0.0
U.S. Territories,1984,0.0,0.0,0.0,0.0,0.0,0.0,0.0
U.S. Territories,1985,0.0,0.0,0.0,0.0,0.0,0.0,0.0
U.S. Territories,1986,0.0,0.0,0.0,0.0,0.0,0.0,0.0
U.S. Territories,1987,0.0,0.0,0.0,0.0,0.0,0.0,0.0
U.S. Territories,1988,0.0,0.0,0.0,0.0,0.0,0.0,0.0
U.S. Territories,1989,0.0,0.0,0.0,0.0,0.0,0.0,0.0
U.S. Territories,1990,0.0,0.0,0.0,0.0,0.0,0.0,0.0
U.S. Territories,1991,0.0,0.0,0.0,0.0,0.0,0.0,0.0
U.S. Territories,1992,0.0,0.0,0.0,0.0,0.0,0.0,0.0
U.S. Territories,1993,0.0,0.0,0.0,0.0,0.0,0.0,0.0
U.S. Territories,1994,0.0,0.0,0.0,0.0,0.0,0.0,0.0
U.S. Territories,1995,0.0,0.0,0.0,0.0,0.0,0.0,0.0
U.S. Territories,1996,0.0,0.0,0.0,0.0,0.0,0.0,0.0
U.S. Territories,1997,0.0,0.0,0.0,0.0,0.0,0.0,0.0
U.S. Territories,1998,0.0,0.0,0.0,0.0,0.0,0.0,0.0
U.S. Territories,1999,0.0,0.0,0.0,0.0,0.0,0.0,0.0
U.S. Territories,2000,0.0,0.0,0.0,0.0,0.0,0.0,0.0
U.S. Territories,2001,0.0,0.0,0.0,0.0,0.0,0.0,0.0
U.S. Territories,2002,0.0,0.0,0.0,0.0,0.0,0.0,0.0
U.S. Territories,2003,0.0,0.0,0.0,0.0,0.0,0.0,0.0
U.S. Territories,2004,0.0,0.0,0.0,0.0,0.0,0.0,0.0
U.S. Territories,2005,0.0,0.0,0.0,0.0,0.0,0.0,0.0
U.S. Territories,2006,0.0,0.0,0.0,0.0,0.0,0.0,0.0
U.S. Territories,2007,0.0,0.0,0.0,0.0,0.0,0.0,0.0
U.S. Territories,2008,0.0,0.0,0.0,0.0,0.0,0.0,0.0
U.S. Territories,2009,0.0,0.0,0.0,0.0,0.0,0.0,0.0
U.S. Territories,2010,0.0,0.0,0.0,0.0,0.0,0.0,0.0
U.S. Territories,2011,0.0,0.0,0.0,0.0,0.0,0.0,0.0
U.S. Territories,2012,0.0,0.0,0.0,0.0,0.0,0.0,0.0
U.S. Territories,2013,0.0,0.0,0.0,0.0,0.0,0.0,0.0
U.S. Territories,2014,0.0,0.0,0.0,0.0,0.0,0.0,0.0
U.S. Territories,2015,0.0,0.0,0.0,0.0,0.0,0.0,0.0
U.S. Territories,2016,0.0,0.0,0.0,0.0,0.0,0.0,0.0
U.S. Territories,2017,0.0,0.0,0.0,0.0,0.0,0.0,0.0
U.S. Territories,2018,0.0,0.0,0.0,0.0,0.0,0.0,0.0
U.S. Territories,2019,0.0,0.0,0.0,0.0,0.0,0.0,0.0
U.S. Territories,2020,0.0,0.0,,0.0,0.0,0.0,
U.S. Territories,2021,0.0,0.0,,0.0,0.0,0.0,
U.S. Territories,2022,0.0,0.0,0.0,0.0,0.0,0.0,
U.S. Territories,2023,0.0,,,,0.0,,
U.S. Virgin Islands,1980,0.0,0.0,0.0,0.0,0.0,0.0,0.0
U.S. Virgin Islands,1981,0.0,0.0,0.0,0.0,0.0,0.0,0.0
U.S. Virgin Islands,1982,0.0,0.0,0.0,0.0,0.0,0.0,0.0
U.S. Virgin Islands,1983,0.0,0.0,0.0,0.0,0.0,0.0,0.0
U.S. Virgin Islands,1984,0.0,0.0,0.0,0.0,0.0,0.0,0.0
U.S. Virgin Islands,1985,0.0,0.0,0.0,0.0,0.0,0.0,0.0
U.S. Virgin Islands,1986,0.0,0.0,0.0,0.0,0.0,0.0,0.0
U.S. Virgin Islands,1987,0.0,0.0,0.0,0.0,0.0,0.0,0.0
U.S. Virgin Islands,1988,0.0,0.0,0.0,0.0,0.0,0.0,0.0
U.S. Virgin Islands,1989,0.0,0.0,0.0,0.0,0.0,0.0,0.0
U.S. Virgin Islands,1990,0.0,0.0,0.0,0.0,0.0,0.0,0.0
U.S. Virgin Islands,1991,0.0,0.0,0.0,0.0,0.0,0.0,0.0
U.S. Virgin Islands,1992,0.0,0.0,0.0,0.0,0.0,0.0,0.0
U.S. Virgin Islands,1993,0.0,0.0,0.0,0.0,0.0,0.0,0.0
U.S. Virgin Islands,1994,0.0,0.0,0.0,0.0,0.0,0.0,0.0
U.S. Virgin Islands,1995,0.0,0.0,0.0,0.0,0.0,0.0,0.0
U.S. Virgin Islands,1996,0.0,0.0,0.0,0.0,0.0,0.0,0.0
U.S. Virgin Islands,1997,0.0,0.0,0.0,0.0,0.0,0.0,0.0
U.S. Virgin Islands,1998,0.0,0.0,0.0,0.0,0.0,0.0,0.0
U.S. Virgin Islands,1999,0.0,0.0,0.0,0.0,0.0,0.0,0.0
U.S. Virgin Islands,2000,0.0,0.0,0.0,0.0,0.0,0.0,0.0
U.S. Virgin Islands,2001,0.0,0.0,0.0,0.0,0.0,0.0,0.0
U.S. Virgin Islands,2002,0.0,0.0,0.0,0.0,0.0,0.0,0.0
U.S. Virgin Islands,2003,0.0,0.0,0.0,0.0,0.0,0.0,0.0
U.S. Virgin Islands,2004,0.0,0.0,0.0,0.0,0.0,0.0,0.0
U.S. Virgin Islands,2005,0.0,0.0,0.0,0.0,0.0,0.0,0.0
U.S. Virgin Islands,2006,0.0,0.0,0.0,0.0,0.0,0.0,0.0
U.S. Virgin Islands,2007,0.0,0.0,0.0,0.000260099,0.0,0.000260099,0.000260099
U.S. Virgin Islands,2008,0.0,0.0,0.0,0.0041729856,0.0,0.0041729856,0.0041729856
U.S. Virgin Islands,2009,0.0,0.0,0.0,0.0,0.0,0.0,0.0
U.S. Virgin Islands,2010,0.0,0.0,0.0,0.0,0.0,0.0,0.0
U.S. Virgin Islands,2011,0.0,0.0,0.0,2.3884991431e-06,0.0,2.3884991431e-06,2.3884991431e-06
U.S. Virgin Islands,2012,0.0,0.0,0.0,3.0709274698e-06,0.0,3.0709274698e-06,3.0709274698e-06
U.S. Virgin Islands,2013,0.0,0.0,0.0,4.0945699597e-06,0.0,4.0945699597e-06,4.0945699597e-06
U.S. Virgin Islands,2014,0.0,0.0,0.0,2.45674197585e-05,0.0,2.45674197585e-05,2.45674197585e-05
U.S. Virgin Islands,2015,0.0,0.0,0.0,4.53814837206e-05,0.0,4.53814837206e-05,4.53814837206e-05
U.S. Virgin Islands,2016,0.0,0.0,0.0,4.53814837206e-05,0.0,4.53814837206e-05,4.53814837206e-05
U.S. Virgin Islands,2017,0.0,0.0,0.0,2.45674197585e-05,0.0,2.45674197585e-05,2.45674197585e-05
U.S. Virgin Islands,2018,0.0,0.0,0.0,4.77699828637e-05,0.0,4.77699828637e-05,4.77699828637e-05
U.S. Virgin Islands,2019,0.0,0.0,0.0,4.77699828637e-05,0.0,4.77699828637e-05,4.77699828637e-05
U.S. Virgin Islands,2020,0.0,0.0,0.0,4.77699828637e-05,0.0,4.77699828637e-05,4.77699828637e-05
U.S. Virgin Islands,2021,0.0,0.0,0.0,5.83476219264e-05,0.0,5.83476219264e-05,5.83476219264e-05
U.S. Virgin Islands,2022,0.0,0.0,0.0,5.99483667551e-05,0.0,5.99483667551e-05,5.99483667551e-05
U.S. Virgin Islands,2023,0.0,0.0,0.0,6.48306910294e-05,0.0,6.48306910294e-05,6.48306910294e-05
Uganda,1980,0.0,0.0,0.0,0.0021598856537699,0.0,0.0021598856537699,0.0021598856537699
Uganda,1981,0.0,0.0,0.0,0.0017504286577946,0.0,0.0017504286577946,0.0017504286577946
Uganda,1982,0.0,0.0,0.0,0.001893738606386,0.0,0.001893738606386,0.001893738606386
Uganda,1983,0.0,0.0,0.0,0.0017504286577946,0.0,0.0017504286577946,0.0017504286577946
Uganda,1984,0.0,0.0,0.0,0.0020882306794742,0.0,0.0020882306794742,0.0020882306794742
Uganda,1985,0.0,0.0,0.0,0.0021428249456043,0.0,0.0021428249456043,0.0021428249456043
Uganda,1986,0.0,0.0,0.0,0.0021837706452018,0.0,0.0021837706452018,0.0021837706452018
Uganda,1987,0.0,0.0,0.0,0.0020882306794742,0.0,0.0020882306794742,0.0020882306794742
Uganda,1988,0.0,0.0,0.0,0.0019824542888473,0.0,0.0019824542888473,0.0019824542888473
Uganda,1989,0.0,0.0,0.0,0.0023134320272607,0.0,0.0023134320272607,0.0023134320272607
Uganda,1990,0.0,0.0,0.0,0.0025966397828103,0.0,0.0025966397828103,0.0025966397828103
Uganda,1991,0.0,0.0,0.0,0.0026205247742422,0.0,0.0026205247742422,0.0026205247742422
Uganda,1992,0.0,0.0,0.0,0.0033200138090334,0.0,0.0033200138090334,0.0033200138090334
Uganda,1993,0.0,0.0,0.0,0.0032688316845365,0.0,0.0032688316845365,0.0032688316845365
Uganda,1994,0.0,0.0,0.0,0.0034019052082285,0.0,0.0034019052082285,0.0034019052082285
Uganda,1995,0.0,0.0,0.0,0.0035315665902874,0.0,0.0035315665902874,0.0035315665902874
Uganda,1996,0.0,0.0,0.0,0.0037772407878726,0.0,0.0037772407878726,0.0037772407878726
Uganda,1997,0.0,0.0,0.0,0.0042310556250786,0.0,0.0042310556250786,0.0042310556250786
Uganda,1998,0.0,0.0,0.0,0.0042822377495755,0.0,0.0042822377495755,0.0042822377495755
Uganda,1999,0.0,0.0,0.0,0.0042924741744749,0.0,0.0042924741744749,0.0042924741744749
Uganda,2000,0.0,0.0,0.0,0.0055982743763771,0.0,0.0055982743763771,0.0055982743763771
Uganda,2001,0.0,0.0,0.0,0.0055989194031512,0.0,0.0055989194031512,0.0055989194031512
Uganda,2002,0.0,0.0,0.0,0.0060746931518403,0.0,0.0060746931518403,0.0060746931518403
Uganda,2003,0.0,0.0,0.0,0.0064202894970512,0.0,0.0064202894970512,0.0064202894970512
Uganda,2004,0.0,0.0,0.0,0.0069231313692995,0.0,0.0069231313692995,0.0069231313692995
Uganda,2005,0.0,0.0,0.0,0.0067585495377426,0.0,0.0067585495377426,0.0067585495377426
Uganda,2006,0.0,0.0,0.0,0.0044734798877636,0.0,0.0044734798877636,0.0044734798877636
Uganda,2007,0.0,0.0,0.0,0.0052722748446019,0.0,0.0052722748446019,0.0052722748446019
Uganda,2008,0.0,0.0,0.0,0.0063721444986211,0.0,0.0063721444986211,0.0063721444986211
Uganda,2009,0.0,0.0,0.0,0.0060452949315622,0.0,0.0060452949315622,0.0060452949315622
Uganda,2010,0.0,0.0,0.0,0.0062835968231335,0.0,0.0062835968231335,0.0062835968231335
Uganda,2011,0.0,0.0,0.0,0.0061123417145784,0.0,0.0061123417145784,0.0061123417145784
Uganda,2012,0.0,0.0,0.0,0.0096924183184472,0.0,0.0096924183184472,0.0096924183184472
Uganda,2013,0.0,0.0,0.0,0.011518575119609,0.0,0.011518575119609,0.011518575119609
Uganda,2014,0.0,0.0,0.0,0.0122164730883573,0.0,0.0122164730883573,0.0122164730883573
Uganda,2015,0.0,0.0,0.0,0.01394927401445,0.0,0.01394927401445,0.01394927401445
Uganda,2016,0.0,0.0,0.0,0.0147547324478797,0.0,0.0147547324478797,0.0147547324478797
Uganda,2017,0.0,0.0,0.0,0.0138558071347732,0.0,0.0138558071347732,0.0138558071347732
Uganda,2018,0.0,0.0,0.0,0.0152123658435886,0.0,0.0152123658435886,0.0152123658435886
Uganda,2019,0.0,0.0,0.0,0.0166201480786194,0.0,0.0166201480786194,0.0166201480786194
Uganda,2020,0.0,0.0,0.0,0.0166749511534168,0.0,0.0166749511534168,0.0166749511534168
Uganda,2021,0.0,0.0,0.0,0.0194786795321791,0.0,0.0194786795321791,0.0194786795321791
Uganda,2022,0.0,0.0,0.0,0.0216194803937666,0.0,0.0216194803937666,0.0216194803937666
Uganda,2023,0.0,0.0,0.0,0.0216194803937666,0.0,0.0216194803937666,0.0216194803937666
Ukraine,1992,3.055188537152107,0.76243664,0.7650019641393971,0.7913607582553105,0.1846944443102992,0.0263587941159133,4.793680379717717
Ukraine,1993,2.6179512782549,0.70042565,0.7795141965214454,0.8168054924299006,0.1697978761164415,0.0372912959084552,4.304980296801242
Ukraine,1994,2.1419128649408887,0.66394009,0.7131725627749393,0.7541080259475753,0.1791382299282433,0.0409354631726359,3.739099210816707
Ukraine,1995,1.8892472748521412,0.64902483,0.7302691185535624,0.7638889500647719,0.174214385645946,0.0336198315112095,3.476375440562859
Ukraine,1996,1.410485104686919,0.67293831,0.8286741770820565,0.8578343394787679,0.1740585072437698,0.0291601623967113,3.1153162614094563
Ukraine,1997,1.4504005232701274,0.6692439705,0.8237558162779212,0.8570480821923504,0.1759809894577478,0.0332922659144293,3.152673565420226
Ukraine,1998,1.473998162171987,0.6692439705,0.7714451923886033,0.8252171323850666,0.1658814470813514,0.0537719399964632,3.134340712138405
Ukraine,1999,1.5555375377268916,0.6618490095,0.7355157659594059,0.7838999343171601,0.1604965211330541,0.0483841683577541,3.161783002677106
Ukraine,2000,1.5451872616922877,0.66554649,0.776031927677437,0.8151214222265507,0.1570439338611344,0.0390894945491136,3.182899107779973
Ukraine,2001,1.5273837964557326,0.672941451,0.7840823545321628,0.8257684888640868,0.1574458074951469,0.041686134331924,3.1835395438149665
Ukraine,2002,1.5242143339379592,0.680336412,0.8028236590839593,0.8363001806465774,0.1586616951902028,0.0334765215626182,3.19951262177474
Ukraine,2003,1.590475909700159,0.7210086975,0.8391465610757655,0.8712923474014638,0.1667334257358974,0.0321457863256983,3.34951038033752
Ukraine,2004,1.4755086091531135,0.709916256,0.9031293061001684,0.9438054465086864,0.1814927817114039,0.0406761404085181,3.310723093373204
Ukraine,2005,1.494624429963434,0.717311217,0.9108836451817132,0.953682137686037,0.1860555822163613,0.0427984925043237,3.3516733668658327
Ukraine,2006,1.5270618979187711,0.7210086975,0.9273315813180608,0.97192486032141,0.1924277813977019,0.044593279003349,3.412423237137883
Ukraine,2007,1.590005442607677,0.662474085,0.9526249248095398,0.9905611514881506,0.1898096010793604,0.0379362266786108,3.432850280175188
Ukraine,2008,1.595626286291541,0.667771335,0.922580683430072,0.9646163682713388,0.178627911129834,0.0420356848412666,3.4066419006927138
Ukraine,2009,1.476622873319518,0.6832852145,0.8513281367145796,0.8935588776523463,0.1678449185276212,0.0422307409377667,3.2213118839994856
Ukraine,2010,1.4277190571273115,0.667072098,0.916814076338444,0.9637767485974604,0.1497171263262239,0.0469626722590164,3.208285030050996
Ukraine,2011,1.5521452223758372,0.667072098,0.927178678857298,0.9669752462135718,0.1413333759302227,0.0397965673562738,3.327525942519632
Ukraine,2012,1.6224429105630145,0.667072098,0.9270913060225764,0.9693956080229614,0.1423189795080525,0.0423043020003851,3.401229596094028
Ukraine,2013,1.595304387754581,0.687286404,0.85188513853593,0.9112747624860318,0.1310792870126855,0.0593896239501018,3.324944841253298
Ukraine,2014,1.1162210288567638,0.677179251,0.9078365175707964,0.9494397898584064,0.1164920604146264,0.0416032722876102,2.8593321301297965
Ukraine,2015,0.8314736319496606,0.64011969,0.8999948056545296,0.9339249791593714,0.1039928535954539,0.0339301735048418,2.509511154704486
Ukraine,2016,0.7581374481897968,0.664034311098,0.8308938149940575,0.8725166395268841,0.0966168787083157,0.0416228245328266,2.3913052775229966
Ukraine,2017,0.579082373918513,0.6646744253502,0.8781625185784614,0.9257791046207944,0.093176616915331,0.0476165860423329,2.2627125208048384
Ukraine,2018,0.6216510652791932,0.6744427560918,0.8756723927888949,0.9320433249282442,0.0983688694377601,0.0563709321393493,2.3265060157369977
Ukraine,2019,0.61354630360997,0.665006810589,0.8534578495609194,0.9051451945082736,0.1050505266516991,0.0516873449473542,2.288748835358943
Ukraine,2020,0.566414839366384,0.653504329557,0.8269055233451298,0.8954808683062778,0.1037444716793934,0.068575344961148,2.219144508909056
Ukraine,2021,0.5818922583244179,0.637242164127,0.9354638667653,1.0142495178582869,0.1033451604090042,0.0787856510929868,2.336729100718709
Ukraine,2022,0.3542092626053321,0.588924420507,0.6735413630867387,0.7368000829960016,0.0211270806531294,0.0632587199092628,1.7010608467614632
Ukraine,2023,0.3425203569393561,0.595662465267,0.5635940288168965,0.6337770738620333,0.0,0.0701830450451368,1.5719598960683894
United Arab Emirates,1980,0.0,0.2094,0.0,0.0,0.0,0.0,0.2094
United Arab Emirates,1981,0.0,0.24081,0.0,0.0,0.0,0.0,0.24081
United Arab Emirates,1982,0.0,0.2094,0.0,0.0,0.0,0.0,0.2094
United Arab Emirates,1983,0.0,0.28269,0.0,0.0,0.0,0.0,0.28269
United Arab Emirates,1984,0.0,0.360168,0.0,0.0,2.946994526742176,0.0,3.307162526742176
United Arab Emirates,1985,0.0,0.506748,0.0,0.0,2.9807543537542243,0.0,3.4875023537542247
United Arab Emirates,1986,0.0,0.562239,0.0,0.0,3.363890260286309,0.0,3.92612926028631
United Arab Emirates,1987,0.0,0.714054,0.0,0.0,3.612440029017285,0.0,4.326494029017285
United Arab Emirates,1988,0.0,0.69102,0.0,0.0,3.872561232049739,0.0,4.563581232049739
United Arab Emirates,1989,0.0,0.850164,0.0,0.0,4.528868925270953,0.0,5.379032925270953
United Arab Emirates,1990,0.0,0.8166647657841114,0.0,0.0,4.92523480614949,0.0,5.741899571933602
United Arab Emirates,1991,0.0,0.959052,0.0,0.0,5.580095303569005,0.0,6.539147303569004
United Arab Emirates,1992,0.0,1.0707903528,0.0,0.0,5.338325068480259,0.0,6.409115421280259
United Arab Emirates,1993,0.0,0.980807613,0.0,-1.0000000000000001e-39,5.059967471769454,-1.0000000000000001e-39,6.040775084769454
United Arab Emirates,1994,0.0,0.95468601,0.0,0.0,5.992836240074052,0.0,6.947522250074051
United Arab Emirates,1995,0.0,1.15804482,0.0,0.0,5.904125296048726,0.0,7.062170116048725
United Arab Emirates,1996,0.0,1.249748409,0.0,0.0,6.0261616261765765,0.0,7.275910035176577
United Arab Emirates,1997,0.0,1.34255516955,0.0,-1.0000000000000001e-39,6.145074493897811,-1.0000000000000001e-39,7.487629663447811
United Arab Emirates,1998,0.0,1.37065602135,0.0,0.0,6.1229277443987895,0.0,7.49358376574879
United Arab Emirates,1999,0.0,1.4065215822,0.0,0.0,5.590074710352228,0.0,6.996596292552228
United Arab Emirates,2000,0.0,1.4190930159,0.0,0.0,5.378566133761302,0.0,6.7976591496613015
United Arab Emirates,2001,0.0,1.4553283248,0.0,0.0,5.249373915909475,0.0,6.704702240709475
United Arab Emirates,2002,0.0,1.60433678895,0.0,0.0,4.89113334890269,0.0,6.495470137852689
United Arab Emirates,2003,0.0,1.65610151595,0.0,0.0,5.690529916340919,0.0,7.346631432290919
United Arab Emirates,2004,0.0,1.71156372345,0.0,0.0,5.902607015991519,0.0,7.614170739441519
United Arab Emirates,2005,0.0,1.73744608695,0.0,0.0,6.201751867234359,0.0,7.939197954184359
United Arab Emirates,2006,0.0,1.80400073595,0.0,0.0,6.522755371300941,0.0,8.32675610725094
United Arab Emirates,2007,0.0,1.8613116837,0.0,0.0,6.322044798709089,0.0,8.183356482409089
United Arab Emirates,2008,0.0,1.8576142032,0.0,0.0,6.333807287239858,0.0,8.191421490439858
United Arab Emirates,2009,0.0,1.80496208088,0.0,2.04728497987e-05,5.782146716761065,2.04728497987e-05,7.587129270490863
United Arab Emirates,2010,0.0,1.8960680004,0.0,6.14185493963e-05,5.8165063365921625,6.14185493963e-05,7.712635755541559
United Arab Emirates,2011,0.0,1.93407809994,0.0,7.50671159288e-05,6.606458753520623,7.50671159288e-05,8.54061192057655
United Arab Emirates,2012,0.0,2.0077319115,0.0,7.84792575619e-05,6.996865265682393,7.84792575619e-05,9.004675656439955
United Arab Emirates,2013,0.0,2.018824353,0.0,0.0002943983200539,7.0190740143765655,0.0002943983200539,9.03819276569662
United Arab Emirates,2014,0.0,2.00566132242,0.0,0.0010704684336164,7.22121306877367,0.0010704684336164,9.227944859627286
United Arab Emirates,2015,0.0,2.225180739705,0.0,0.001079558810945,7.498875027900987,0.001079558810945,9.725135326416932
United Arab Emirates,2016,0.0,2.2585687049877,0.0,0.0011336310554067,7.715192842012414,0.0011336310554067,9.97489517805552
United Arab Emirates,2017,0.0,2.018339266383,0.0,0.0025973258112864,7.588661564031304,0.0025973258112864,9.60959815622559
United Arab Emirates,2018,0.0,1.79324034003,0.0,0.0041423719439456,7.711277216714086,0.0041423719439456,9.508659928688031
United Arab Emirates,2019,0.0,2.055542963382,0.0,0.0125282220286108,8.403616279309015,0.0125282220286108,10.471687464719626
United Arab Emirates,2020,0.0,2.054328599385,0.0179739578380356,0.0357185523908229,7.6877808209460445,0.0177445945527872,9.777827972721868
United Arab Emirates,2021,0.0,2.031890906718,0.101029499496332,0.1224148491716668,7.652103338480319,0.0213853496753348,9.806409094369986
United Arab Emirates,2022,0.0,2.02326104691,0.1936892162788526,0.2201620691291811,9.039303011647204,0.0264728528503285,11.282726127686384
United Arab Emirates,2023,0.0,2.063160337545,0.3318107024781193,0.3591604757281618,8.963233570769756,0.0273497732500424,11.385554384042916
United Kingdom,1980,3.3106919696050494,1.381212,0.4169586993603507,0.4303377067038453,0.0,0.0133790073434946,5.122241676308895
United Kingdom,1981,3.2438149586353724,1.377426,0.4285799817431916,0.4434876285383275,0.0,0.0149076467951359,5.0647285871737
United Kingdom,1982,3.173629724139798,1.418235,0.4999863057177585,0.5154876651570587,0.0,0.0155013594393002,5.107352389296857
United Kingdom,1983,3.0347606796719413,1.456314,0.5670023674588077,0.5825207876062736,0.0,0.0155184201474658,5.073595467278215
United Kingdom,1984,1.3024730500190291,1.415832,0.5784847080743742,0.5921093896154541,5.513132669641314,0.0136246815410798,8.823547109275797
United Kingdom,1985,2.3949248018901343,1.572226,0.6394118130715217,0.6533367630763168,5.585479652747831,0.0139249500047951,10.205967217714283
United Kingdom,1986,2.75088965327668,1.648668,0.6157100732461387,0.6319791645528927,5.6053677810903055,0.016269091306754,10.636904598919878
United Kingdom,1987,2.66014253717399,1.734407,0.5732776559370737,0.6099278722352296,5.408613124459617,0.0366502162981558,10.413090533868836
United Kingdom,1988,2.6482583803540365,1.670361,0.6617221311409741,0.6917871710978611,5.0650260305517465,0.030065039956887,10.075432582003645
United Kingdom,1989,2.5402067104235764,1.634135,0.7563863805188209,0.7866888583314144,4.064671322128218,0.0303024778125934,9.025701890883209
United Kingdom,1990,2.360595620840631,1.804866,0.7428289377687273,0.7673792488170903,4.05361120607087,0.024550311048363,8.986452075728591
United Kingdom,1991,2.415563027117078,2.00901,0.8351210406821609,0.858727896569047,4.045270172710508,0.0236068558868861,9.328571096396631
United Kingdom,1992,2.150167156720289,2.0430462052,0.9092795298951778,0.9383347599362968,4.176737097580947,0.0290552300411191,9.308285219437533
United Kingdom,1993,1.735519509558981,2.401032054,1.0546550172241154,1.083918167895723,4.436543913156481,0.0292631506716076,9.657013644611183
United Kingdom,1994,1.2669223710522717,2.57209015,1.052754834350237,1.090420937816419,5.629473143419038,0.0376661034661818,10.55890660228773
United Kingdom,1995,1.3496788549462555,2.80685574,1.051966058973297,1.0908260919977906,5.801091235229784,0.0388600330244933,11.048451922173829
United Kingdom,1996,1.2774068948420385,3.34494321525,1.119440951368752,1.1555335535211406,5.786357829395696,0.0360926021523887,11.564241493008875
United Kingdom,1997,1.2340946145260605,3.1921058988,1.160540765921379,1.203381981199064,5.714466630474727,0.042841215277685,11.34404912499985
United Kingdom,1998,1.0478670778913204,3.3355095193,1.1763857277401235,1.2298471638480135,5.907669472621614,0.05346143610789,11.520893233660948
United Kingdom,1999,0.943530797459176,3.69161432535,1.1249051605112723,1.186788835214263,6.095747947275036,0.0618836747029903,11.917681905298474
United Kingdom,2000,0.7939227504687912,4.05138871305,0.9980270676687728,1.0640598595956958,5.619617980841493,0.0660327919269229,11.52898930395598
United Kingdom,2001,0.8125505937069204,3.94392375545,1.0570680273847224,1.1470131428780588,5.184076767157287,0.0899451154933364,11.087564259192266
United Kingdom,2002,0.7631562716779466,3.9070439478,1.0201398042589,1.12160052354851,5.158288614356564,0.10146071928961,10.95008935738302
United Kingdom,2003,0.7196404083757596,3.8718695015,0.9582873975698002,1.0642776154724314,4.7300796055416345,0.105990217902631,10.385867130889826
United Kingdom,2004,0.6386398277378288,3.65164163,0.777387431750476,0.895888266550954,4.256613460324335,0.118500834800478,9.442783184613118
United Kingdom,2005,0.5216305064141702,3.3299827218,0.7706158889694024,0.9142801669538834,3.815707793079865,0.143664277984481,8.58160118824792
United Kingdom,2006,0.4712182694541511,3.0218000176,0.7097026906895028,0.8555685265721089,3.4542794545294373,0.1458658358826061,7.8028662681556975
United Kingdom,2007,0.4327919808071906,2.7192373425,0.560417353156265,0.7069354185119853,3.4385220056570645,0.1465180653557204,7.29748674747624
United Kingdom,2008,0.4594359041273016,2.6289722025,0.4696383931272322,0.6235453879868678,3.1808307293772327,0.1539069948596355,6.892784223991402
United Kingdom,2009,0.4548552869375977,2.241563121,0.6124023854287396,0.7840050472102462,3.0071084358912032,0.1716026617815066,6.487531891039048
United Kingdom,2010,0.4668666831239324,2.2692898113922806,0.5498761603303995,0.730760693389132,2.7841779091151766,0.1808845330587324,6.251095097020522
United Kingdom,2011,0.4721089450188158,1.797101620699458,0.6012837037831377,0.8291295960639968,2.292325026905816,0.2278458922808591,5.390665188688087
United Kingdom,2012,0.4317740658761452,1.5449897469434195,0.5912300716110103,0.850416989738386,1.9721956577177635,0.2591869181273757,4.799376460275714
United Kingdom,2013,0.3224918796320535,1.4492867216377543,0.5929312136644658,0.913400937389703,1.774021555678133,0.3204697237252372,4.459201094337644
United Kingdom,2014,0.2958693839686433,1.4593514794806168,0.5353327626154017,0.934515853141926,1.7547066072547646,0.3991830905265243,4.444443323845951
United Kingdom,2015,0.217740896551479,1.5741373699175432,0.5770560853742854,1.0864042698322804,1.9766781909371367,0.5093481844579949,4.854960727238439
United Kingdom,2016,0.1155124951565525,1.5864355111082,0.5883859451605904,1.1131625628673802,2.095205654097997,0.5247766177067897,4.91031622323013
United Kingdom,2017,0.082323083643315,1.6023278033529504,0.5769865437877135,1.1679021675346628,2.087640422165909,0.5909156237469494,4.940193476696837
United Kingdom,2018,0.0757296057664246,1.5504428807905033,0.5337334832149182,1.1799271096790027,2.2801482342061448,0.6461936264640845,5.086247830442075
United Kingdom,2019,0.0712302985754249,1.4990306604437984,0.4608900259870016,1.1423523199477414,2.311220751401488,0.6814622939607399,5.023834030368453
United Kingdom,2020,0.046226792259074,1.5008046241968056,0.411414800211598,1.1553749388130663,2.156850887889016,0.7439601386014685,4.859257243157962
United Kingdom,2021,0.0294381217539557,1.2395478196836631,0.3606195979936534,1.07800215886461,1.823639957111573,0.7173825608709565,4.1706280574138015
United Kingdom,2022,0.0174964346841972,1.4362846347794145,0.3752091910812355,1.1237861018200752,1.6879091186404898,0.7485769107388397,4.265476289924177
United Kingdom,2023,0.0145214520638803,1.295656229094782,0.320373386176488,0.969721400838994,1.496914348838817,0.649348014662506,3.776813430836474
United States,1980,18.5977255,19.907600094,2.739168687,6.184547018,20.473757967,3.445378331,65.163630579
United States,1981,18.3767727,19.699155047,3.007588734,6.523510617,20.412303121,3.515921883,65.011741485
United States,1982,18.638772768,18.319024764,3.131148173,6.876944163,20.458149338,3.74579599,64.292891033
United States,1983,17.246670732,16.593389291,3.202548979,7.27171313,20.528111329,4.069164151,61.639884482
United States,1984,19.719216081,18.007932632,3.552530566,7.65665123,21.082043165,4.104120664,66.465843108
United States,1985,19.325165618,16.980380424,4.0755629,8.093736604,21.196174616,4.018173704,65.595457262
United States,1986,19.509466196,16.5408009,4.380108667,8.350582044,20.4887396,3.970473377,64.88958874
United States,1987,20.141104115,17.135819011,4.753933331,8.528376112,19.853719522,3.774442781,65.65901876
United States,1988,20.737639161,17.598597009,5.586968249,9.409650598,19.509620491,3.822682349,67.255507259
United States,1989,21.360178406,17.847274995,5.602160969,9.808297396,18.240249847,4.206136427,67.256000644
United States,1990,22.487548402,18.326154546,6.104350276,9.967058722,17.709483519,3.862708446,68.490245189
United States,1991,21.636424389,18.228736464,6.422132372,10.323563844,17.965987247,3.901431472,68.154711944
United States,1992,21.694132423,18.375100204,6.479206249,10.410954715,17.545447913,3.931748466,68.025635255
United States,1993,20.3356537,18.584037028,6.410498911,10.417810536,16.86057939,4.007311625,66.198080654
United States,1994,22.202083315,19.348013257,6.693877124,10.75033843,16.451948662,4.056461306,68.752383664
United States,1995,22.129550192,19.082244944,7.075436106,11.370019167,16.284600272,4.294583061,68.866414575
United States,1996,22.790148084,19.344268184,7.086673918,11.566667955,16.20324206,4.479994037,69.904326283
United States,1997,23.30961402,19.393850734,6.59699193,11.063055121,16.102818276,4.466063191,69.869338151
United States,1998,24.045198439,19.613294781,7.067808773,11.241947445,15.607424388,4.174138672,70.507865053
United States,1999,23.29508389,19.340702641,7.610255595,11.812857023,14.92401016,4.202601428,69.372653714
United States,2000,22.735477641,19.661529395,7.862349471,11.955382418,14.90956652,4.093032947,69.261955974
United States,2001,23.547079589,20.165567253,8.028853134,11.542604603,14.772098514,3.513751469,70.027349959
United States,2002,22.732236982,19.382055162,8.145429196,11.916370334,14.662418785,3.770941138,68.693081263
United States,2003,22.093652258,19.633303711,7.959622147,11.873808195,14.255627525,3.914186048,67.856391689
United States,2004,22.852098855,19.0742537,8.222774019,12.316245011,13.95766714,4.093470992,68.200264706
United States,2005,23.185188691,18.556014509,8.160809705,12.380969214,13.254097616,4.220159509,67.37627003
United States,2006,23.789509857,19.021705698,8.214626466,12.64427323,13.065491311,4.429646764,68.520980096
United States,2007,23.492742083,19.786208502,8.458589234,13.040705367,13.09016213,4.582116133,69.409818082
United States,2008,23.851367867,20.702883893,8.426490562,13.511053577,12.97260073,5.084563015,71.037906067
United States,2009,21.623721303,21.139450375,8.355220104,13.664365687,13.848377711,5.309145583,70.275915076
United States,2010,22.038226116,21.805763474,8.434432677,14.377012212,14.315300531,5.942579535,72.536302333
United States,2011,22.221406892,23.40571993,8.268698496,14.672701256,14.902369958,6.40400276,75.202198036
United States,2012,20.676892971,24.610064625,8.061822158,14.248791707,17.010786171,6.186969549,76.546535474
United States,2013,20.001303867,24.859072419,8.244433126,14.805215887,19.319145507,6.560782761,78.98473768
United States,2014,20.285705302,26.718072525,8.337559005,15.170262854,22.595413546,6.832703849,84.769454227
United States,2015,17.946094536,28.066881906,8.336886237,15.176422268,24.157716072,6.839536031,85.347114782
United States,2016,14.667088668,27.576023261,8.426753002,15.605561857,23.199021184,7.178808855,81.04769497
United States,2017,15.625377047,28.3248445,8.418968232,15.914269316,24.538278258,7.495301084,84.402769121
United States,2018,15.363442028,31.882148022,8.438068207,16.173767424,28.552156325,7.735699217,91.971513799
United States,2019,14.255763025,35.187183364,8.451851513,16.196518341,31.961915192,7.744666828,97.601379922
United States,2020,10.703214155,35.062140881,8.251074602,15.705462427,30.389311523,7.454387825,91.860128986
United States,2021,11.596283807,35.806859219,8.130913481,15.93926329,30.583952694,7.808349809,93.92635901
United States,2022,12.043193243,37.560120399,8.061020419,16.384926553,32.621735333,8.323906134,98.609975528
United States,2023,11.750487301,39.164185957,8.098974362,16.46633136,35.338197783,8.367356998,102.719202401
Uruguay,1980,0.0,0.0,0.0,0.0076739065329047,0.0,0.0076739065329047,0.0076739065329047
Uruguay,1981,0.0,0.0,0.0,0.0085985969154824,0.0,0.0085985969154824,0.0085985969154824
Uruguay,1982,0.0,0.0,0.0,0.0082607948938027,0.0,0.0082607948938027,0.0082607948938027
Uruguay,1983,0.0,0.0,0.0,0.0242773877197052,0.0,0.0242773877197052,0.0242773877197052
Uruguay,1984,0.0,0.0,0.0,0.0239975921057888,0.0,0.0239975921057888,0.0239975921057888
Uruguay,1985,0.0,0.0,0.0,0.0217831121858887,0.0,0.0217831121858887,0.0217831121858887
Uruguay,1986,0.0,0.0,0.0,0.0246254261662843,0.0,0.0246254261662843,0.0246254261662843
Uruguay,1987,0.0,0.0,0.0,0.0245196497756573,0.0,0.0245196497756573,0.0245196497756573
Uruguay,1988,0.0,0.0,0.0,0.0183027277200982,0.0,0.0183027277200982,0.0183027277200982
Uruguay,1989,0.0,0.0,0.0,0.0131742788455069,0.0,0.0131742788455069,0.0131742788455069
Uruguay,1990,0.0,0.0,0.0,0.0242871821262571,0.0,0.0242871821262571,0.0242871821262571
Uruguay,1991,0.0,0.0,0.0,0.0212417457145394,0.0,0.0212417457145394,0.0212417457145394
Uruguay,1992,0.0,0.0,0.0,0.0274406150207546,0.0,0.0274406150207546,0.0274406150207546
Uruguay,1993,0.0,0.0,0.0,0.0252609795471978,0.0,0.0252609795471978,0.0252609795471978
Uruguay,1994,0.0,0.0,0.0,0.0258278080754408,0.0,0.0258278080754408,0.0258278080754408
Uruguay,1995,0.0,0.0,0.0,0.0202305197399928,0.0,0.0202305197399928,0.0202305197399928
Uruguay,1996,0.0,0.0,0.0,0.0199072863230351,0.0,0.0199072863230351,0.0199072863230351
Uruguay,1997,0.0,0.0,0.0,0.0222259775685985,0.0,0.0222259775685985,0.0222259775685985
Uruguay,1998,0.0,0.0,0.0,0.0313593166804661,0.0,0.0313593166804661,0.0313593166804661
Uruguay,1999,0.0,0.0,0.0,0.0190597531431428,0.0,0.0190597531431428,0.0190597531431428
Uruguay,2000,0.0,0.0,0.0,0.0244160604758134,0.0,0.0244160604758134,0.0244160604758134
Uruguay,2001,0.0,0.0,0.0,0.0317535670452359,0.0,0.0317535670452359,0.0317535670452359
Uruguay,2002,0.0,0.0,0.0,0.03293153394096,0.0,0.03293153394096,0.03293153394096
Uruguay,2003,0.0,0.0,0.0,0.0294903341016674,0.0,0.0294903341016674,0.0294903341016674
Uruguay,2004,0.0,0.0,0.0,0.0166740401156009,0.0,0.0166740401156009,0.0166740401156009
Uruguay,2005,0.0,0.0,0.0,0.0231967318632234,0.0,0.0231967318632234,0.0231967318632234
Uruguay,2006,0.0,0.0,0.0,0.0125920126764695,0.0,0.0125920126764695,0.0125920126764695
Uruguay,2007,0.0,0.0,0.0,0.0287229522487423,0.0,0.0287229522487423,0.0287229522487423
Uruguay,2008,0.0,0.0,0.0,0.0239219129644556,0.0,0.0239219129644556,0.0239219129644556
Uruguay,2009,0.0,0.0,0.0,0.0252853935605886,0.0,0.0252853935605886,0.0252853935605886
Uruguay,2010,0.0,0.0,0.0,0.0403702529774462,0.0,0.0403702529774462,0.0403702529774462
Uruguay,2011,0.0,0.0,0.0,0.0345168109462162,0.0,0.0345168109462162,0.0345168109462162
Uruguay,2012,0.0,0.0,0.0,0.0326196252026159,0.0,0.0326196252026159,0.0326196252026159
Uruguay,2013,0.0,0.0,0.0,0.043989961571715,0.0,0.043989961571715,0.043989961571715
Uruguay,2014,0.0,0.0,0.0,0.0557050757927093,0.0,0.0557050757927093,0.0557050757927093
Uruguay,2015,0.0,0.0,0.0,0.0593659325525292,0.0,0.0593659325525292,0.0593659325525292
Uruguay,2016,0.0,0.0,0.0,0.0616500574458714,0.0,0.0616500574458714,0.0616500574458714
Uruguay,2017,0.0,0.0,0.0,0.0646829536151192,0.0,0.0646829536151192,0.0646829536151192
Uruguay,2018,0.0,0.0,0.0,0.0646932352575319,0.0,0.0646932352575319,0.0646932352575319
Uruguay,2019,0.0,0.0,0.0,0.0692801692665979,0.0,0.0692801692665979,0.0692801692665979
Uruguay,2020,0.0,0.0,0.0,0.0614002170398929,0.0,0.0614002170398929,0.0614002170398929
Uruguay,2021,0.0,0.0,0.0,0.0644752631008715,0.0,0.0644752631008715,0.0644752631008715
Uruguay,2022,0.0,0.0,0.0,0.0621159633540663,0.0,0.0621159633540663,0.0621159633540663
Uruguay,2023,0.0,0.0,0.0,0.0591517867338027,0.0,0.0591517867338027,0.0591517867338027
Uzbekistan,1992,0.084513214953448,1.5341522,0.0,0.0212166966747895,0.1158243083996912,0.0212166966747895,1.7557064200279289
Uzbekistan,1993,0.0711585684393793,1.6130177,0.0,0.0248540396557039,0.1487584209604873,0.0248540396557039,1.8577887290555704
Uzbekistan,1994,0.0710516090279394,1.69187305,0.0,0.0241716113290783,0.281524290350901,0.0241716113290783,2.068620560707919
Uzbekistan,1995,0.0466648632196402,1.72393704,0.0,0.0209027796445417,0.3164876536922073,0.0209027796445417,2.1079923365563893
Uzbekistan,1996,0.043349121465003,1.72393704,0.0,0.0220424349500064,0.317859830798868,0.0220424349500064,2.107188427213877
Uzbekistan,1997,0.0450299122162016,1.767035466,0.0,0.0195140379998586,0.3294889555981082,0.0195140379998586,2.161068371814169
Uzbekistan,1998,0.0446631942341219,1.968161454,0.0,0.0194492073088292,0.3371433703231508,0.0194492073088292,2.369417225866102
Uzbekistan,1999,0.0453813502823613,1.996893738,0.0,0.0191967088279777,0.343983980486622,0.0191967088279777,2.4054557775969614
Uzbekistan,2000,0.0392693839143665,2.025626022,0.0,0.0120380356816753,0.3176702335888759,0.0120380356816753,2.394603675184918
Uzbekistan,2001,0.0414238520590847,2.2662589005,0.0,0.0148632889539053,0.3041231596120586,0.0148632889539053,2.6266692011250488
Uzbekistan,2002,0.0418058499570843,2.0723159835,0.0,0.0205547411979627,0.2982826014094262,0.0205547411979627,2.432959176064473
Uzbekistan,2003,0.029230479154935,2.064450520755,0.0,0.0278737850010221,0.3305145064912614,0.0278737850010221,2.452069291402218
Uzbekistan,2004,0.0425392859212437,2.1498931503,0.0,0.0208140639620804,0.4290102599537603,0.0208140639620804,2.6422567601370845
Uzbekistan,2005,0.0470010213698799,2.14378753995,0.0,0.0304601883589331,0.3171822841627028,0.0304601883589331,2.538431033841516
Uzbekistan,2006,0.0494305280011578,2.2533293727,0.0,0.0158766950189443,0.3047096666627028,0.0158766950189443,2.623346262382805
Uzbekistan,2007,0.0525934705965951,2.341286077095,0.0,0.0159210528601749,0.2815206632217119,0.0159210528601749,2.691321263773482
Uzbekistan,2008,0.0502709233767571,2.427877998,0.0,0.0153136916494781,0.2764688965322356,0.0153136916494781,2.769931509558471
Uzbekistan,2009,0.0558328127716324,2.20549011984,0.0,0.0221209142075684,0.233960088968919,0.0221209142075684,2.51740393578812
Uzbekistan,2010,0.0554660947895527,2.15887198905,0.0,0.027952264258584,0.1609648570574325,0.027952264258584,2.4032552051555696
Uzbekistan,2011,0.0587359967964299,2.2641039792,0.0,0.0194594437337286,0.1523800646810361,0.0194594437337286,2.494679484411195
Uzbekistan,2012,0.0588735160397098,2.20197041505,0.0,0.0227009782852001,0.1355809195992796,0.0227009782852001,2.419125828974189
Uzbekistan,2013,0.0624948561127467,2.14163261865,0.0,0.019469680158628,0.128771885645946,0.019469680158628,2.352369040567321
Uzbekistan,2014,0.0657496345502229,2.1348087012,0.0,0.0207355847045184,0.1353345932695496,0.0207355847045184,2.3566285137242917
Uzbekistan,2015,0.0527085135277844,2.0004852735,0.0,0.023295373357691,0.1328088008931532,0.023295373357691,2.2092979612786285
Uzbekistan,2016,0.0587869182762479,1.854311020407,0.0,0.02342298745477,0.1245643482661178,0.02342298745477,2.061085274404136
Uzbekistan,2017,0.0607953224151743,1.8716286044678,0.0,0.0270797796429932,0.0987826480774648,0.0270797796429932,2.058286354603432
Uzbekistan,2018,0.0631376407600039,2.003573559770972,0.0,0.0201446017736607,0.0921050555274065,0.0201446017736607,2.1789608578320427
Uzbekistan,2019,0.061674292110129,2.008251046853972,0.0,0.022077921222991,0.0860185435724475,0.022077921222991,2.178021803759539
Uzbekistan,2020,0.0641209904368627,1.6499322850319766,0.0,0.0170866404420514,0.0817823836543094,0.0170866404420514,1.8129222995652003
Uzbekistan,2021,0.0773905201342648,1.784809792637975,0.0,0.0171378225665483,0.0775721486331492,0.0171378225665483,1.9569102839719368
Uzbekistan,2022,0.0770911924459411,1.7323224989129755,0.0,0.0236174795278583,0.0737832740378057,0.0236174795278583,1.9068144449245807
Uzbekistan,2023,0.0915659633191775,1.553280555059978,0.0,0.0240610579401649,0.0701803660373173,0.0240610579401649,1.739087942356638
Vanuatu,1980,0.0,0.0,0.0,0.0,0.0,0.0,0.0
Vanuatu,1981,0.0,0.0,0.0,0.0,0.0,0.0,0.0
Vanuatu,1982,0.0,0.0,0.0,0.0,0.0,0.0,0.0
Vanuatu,1983,0.0,0.0,0.0,0.0,0.0,0.0,0.0
Vanuatu,1984,0.0,0.0,0.0,0.0,0.0,0.0,0.0
Vanuatu,1985,0.0,0.0,0.0,0.0,0.0,0.0,0.0
Vanuatu,1986,0.0,0.0,0.0,0.0,0.0,0.0,0.0
Vanuatu,1987,0.0,0.0,0.0,0.0,0.0,0.0,0.0
Vanuatu,1988,0.0,0.0,0.0,0.0,0.0,0.0,0.0
Vanuatu,1989,0.0,0.0,0.0,0.0,0.0,0.0,0.0
Vanuatu,1990,0.0,0.0,0.0,0.0,0.0,0.0,0.0
Vanuatu,1991,0.0,0.0,0.0,0.0,0.0,0.0,0.0
Vanuatu,1992,0.0,0.0,0.0,0.0,0.0,0.0,0.0
Vanuatu,1993,0.0,0.0,0.0,0.0,0.0,0.0,0.0
Vanuatu,1994,0.0,0.0,0.0,0.0,0.0,0.0,0.0
Vanuatu,1995,0.0,0.0,0.0,0.0,0.0,0.0,0.0
Vanuatu,1996,0.0,0.0,0.0,0.0,0.0,0.0,0.0
Vanuatu,1997,0.0,0.0,0.0,0.0,0.0,0.0,0.0
Vanuatu,1998,0.0,0.0,0.0,0.0,0.0,0.0,0.0
Vanuatu,1999,0.0,0.0,0.0,0.0,0.0,0.0,0.0
Vanuatu,2000,0.0,0.0,0.0,0.0,0.0,0.0,0.0
Vanuatu,2001,0.0,0.0,0.0,0.0,0.0,0.0,0.0
Vanuatu,2002,0.0,0.0,0.0,0.0,0.0,0.0,0.0
Vanuatu,2003,0.0,0.0,0.0,0.0,0.0,0.0,0.0
Vanuatu,2004,0.0,0.0,0.0,0.0,0.0,0.0,0.0
Vanuatu,2005,0.0,0.0,0.0,0.0,0.0,0.0,0.0
Vanuatu,2006,0.0,0.0,0.0,0.0,0.0,0.0,0.0
Vanuatu,2007,0.0,0.0,0.0,0.0,0.0,0.0,0.0
Vanuatu,2008,0.0,0.0,0.0,0.0,0.0,0.0,0.0
Vanuatu,2009,0.0,0.0,0.0,0.0,0.0,0.0,0.0
Vanuatu,2010,0.0,0.0,0.0,1.70607081656e-05,0.0,1.70607081656e-05,1.70607081656e-05
Vanuatu,2011,0.0,0.0,0.0,2.37061840098e-05,0.0,2.37061840098e-05,2.37061840098e-05
Vanuatu,2012,0.0,0.0,0.0,4.62923215281e-05,0.0,4.62923215281e-05,4.62923215281e-05
Vanuatu,2013,0.0,0.0,0.0,5.01206804378e-05,0.0,5.01206804378e-05,5.01206804378e-05
Vanuatu,2014,0.0,0.0,0.0,5.37810323738e-05,0.0,5.37810323738e-05,5.37810323738e-05
Vanuatu,2015,0.0,0.0,0.0,6.73043937092e-05,0.0,6.73043937092e-05,6.73043937092e-05
Vanuatu,2016,0.0,0.0,0.0,4.64443278377e-05,0.0,4.64443278377e-05,4.64443278377e-05
Vanuatu,2017,0.0,0.0,0.0,3.26542554315e-05,0.0,3.26542554315e-05,3.26542554315e-05
Vanuatu,2018,0.0,0.0,0.0,6.50587004937e-05,0.0,6.50587004937e-05,6.50587004937e-05
Vanuatu,2019,0.0,0.0,0.0,7.18630829339e-05,0.0,7.18630829339e-05,7.18630829339e-05
Vanuatu,2020,0.0,0.0,0.0,7.52620240191e-05,0.0,7.52620240191e-05,7.52620240191e-05
Vanuatu,2021,0.0,0.0,0.0,6.57080274464e-05,0.0,6.57080274464e-05,6.57080274464e-05
Vanuatu,2022,0.0,0.0,0.0,6.57080274464e-05,0.0,6.57080274464e-05,6.57080274464e-05
Vanuatu,2023,0.0,0.0,0.0,6.91201690795e-05,0.0,6.91201690795e-05,6.91201690795e-05
Venezuela,1980,0.0012358615132012,0.615747,0.0,0.0492645008991012,0.0,0.0492645008991012,0.6662473624123025
Venezuela,1981,0.0014418384320681,0.681252,0.0,0.0509535110074995,0.0,0.0509535110074995,0.7336473494395677
Venezuela,1982,0.0015006889803158,0.7146,0.0,0.0540278506189478,0.0,0.0540278506189478,0.7701285395992636
Venezuela,1983,0.001088735142582,0.686016,0.0,0.0624694890193063,0.0,0.0624694890193063,0.7495742241618885
Venezuela,1984,0.0015006889803158,0.72651,0.0,0.0664002761806697,4.062450633532138,0.0664002761806697,4.856861598693124
Venezuela,1985,0.0015889648026873,0.736038,0.0,0.0744699911430172,3.767454286265021,0.0744699911430172,4.579551242210726
Venezuela,1986,0.0016772406250588,0.802734,0.0,0.0849862116563176,4.0494191567720845,0.0849862116563176,4.938816609053461
Venezuela,1987,0.0035604603045199,0.782487,0.0,0.1041897447675616,3.832168365141983,0.1041897447675616,4.722405570214065
Venezuela,1988,0.0320735487949857,0.781296,0.0,0.1155385278393451,4.289378633073391,0.1155385278393451,5.218286709707722
Venezuela,1989,0.0625287075131603,0.915879,0.0,0.1171012887073177,4.321973916565719,0.1171012887073177,5.417482912786197
Venezuela,1990,0.0644119250570861,0.90621999,0.0,0.1249287416137132,4.929714689974183,0.1249287416137132,6.025275346644983
Venezuela,1991,0.0639999712193523,0.94503468,0.0,0.1504345003213446,5.471783894961776,0.1504345003213446,6.631253046502473
Venezuela,1992,0.0720919216034083,0.90925664697,0.0,0.1596506948724231,5.461358459742063,0.1596506948724231,6.602357723187894
Venezuela,1993,0.1122574207824502,0.970665,0.0,0.1603501839072144,5.383677711991617,0.1603501839072144,6.626950316681282
Venezuela,1994,0.1258813227017881,1.04350656,0.0,0.1732037214392073,5.736300307158436,0.1732037214392073,7.078891911299432
Venezuela,1995,0.1195843140392863,1.06025202,0.0,0.1737667248086734,6.461966515229383,0.1737667248086734,7.815569574077343
Venezuela,1996,0.1070785725366543,1.144036488,0.0,0.1818876218955179,6.922439498346504,0.1818876218955179,8.355442180778677
Venezuela,1997,0.1514224606412814,1.1835730431,0.0,0.1934513698901885,7.46016489021172,0.1934513698901885,8.98861176384319
Venezuela,1998,0.2193948438673522,1.3223715876,0.0,0.1957750383423487,7.312849142599236,0.1957750383423487,9.050390612408938
Venezuela,1999,0.2053589881102804,1.1263712187,0.0,0.2045544787643868,6.5728475612751005,0.2045544787643868,8.109132246849768
Venezuela,2000,0.2320182864664796,1.144036488,0.0,0.2145759387408836,6.835152428057488,0.2145759387408836,8.425783141264851
Venezuela,2001,0.2231907042293275,1.33372783215,0.0,0.2062332524478858,6.629485867307723,0.2062332524478858,8.392637656134937
Venezuela,2002,0.2168348450185781,1.19492928765,0.0,0.2031384399866387,5.783783187233211,0.2031384399866387,7.398685759888427
Venezuela,2003,0.2174527757751787,1.026268026,0.0,0.2065437573365004,5.378655073919074,0.2065437573365004,6.828919633030753
Venezuela,2004,0.2145838115481043,1.144036488,0.0,0.2391058249414404,6.011903766567608,0.2391058249414404,7.609629891057152
Venezuela,2005,0.2117148473210299,0.98605850826,0.0,0.2635162861848377,6.608121562824551,0.2635162861848377,8.069411204590418
Venezuela,2006,0.2054766892067758,1.09356429,0.0,0.2784307572632399,6.507500517820977,0.2784307572632399,8.084972254290992
Venezuela,2007,0.1794058963330534,0.871865160285,0.0,0.2834090719059736,6.58671579986025,0.2834090719059736,7.921395928384277
Venezuela,2008,0.1448311992375412,0.80899602,0.0,0.2963137915624634,5.904675141487106,0.2963137915624634,7.15481615228711
Venezuela,2009,0.1096974219336761,0.7185054290399989,0.0,0.293314519066944,5.91093492429445,0.293314519066944,7.032452294335069
Venezuela,2010,0.0932634063355113,0.75730672584,0.0,0.2619910588748295,5.664614399325248,0.2619910588748295,6.777175590375589
Venezuela,2011,0.0768293907373466,0.797268014445,0.0,0.285500714727081,5.86614937430005,0.285500714727081,7.025747494209478
Venezuela,2012,0.0562316988506585,0.87239216603,0.0,0.2800174031226444,5.88222101642142,0.2800174031226444,7.090862284424723
Venezuela,2013,0.0457740570374531,0.837574789695,0.0,0.2853812897699215,5.86614937430005,0.2853812897699215,7.0348795108024245
Venezuela,2014,0.0356308670859705,0.83983964659,0.0,0.2196770904824099,5.86614937430005,0.2196770904824099,6.961296978458431
Venezuela,2015,0.0250880942364829,0.998187692215,0.0,0.2558867374931636,5.6963116129879285,0.2558867374931636,6.975474136932575
Venezuela,2016,0.022839807343687,1.0564976650641,0.0,0.2151491785352491,5.165794700942412,0.2151491785352491,6.460281351885447
Venezuela,2017,0.0219569961335282,1.0395689632692,0.0,0.2068058098139246,4.564691157954465,0.2068058098139246,5.833022927171118
Venezuela,2018,0.0211019058458961,0.8947966451081,0.0,0.1985849369772295,3.39562260863885,0.1985849369772295,4.510106096570076
Venezuela,2019,0.0120135446930783,0.7633721709481,0.0,0.1696032295879307,2.0284570839255034,0.1696032295879307,2.9734460291546125
Venezuela,2020,0.0086827751928647,0.7306078005344,0.0,0.2133932904508415,1.210279546119152,0.2133932904508415,2.162963412297258
Venezuela,2021,0.0048094101302784,0.812330425613,0.0,0.224187941721405,1.3472524118540137,0.224187941721405,2.388580189318697
Venezuela,2022,0.0047221131974802,0.9015976742036,0.0,0.2202148440037908,1.635781783941226,0.2202148440037908,2.7623164153460973
Venezuela,2023,0.0035559887932824,0.9164289761276,0.0,0.2218306533797273,1.7713139010513967,0.2218306533797273,2.9131295193520064
Vietnam,1980,0.1368450746737393,0.0,0.0,0.0040536242601559,0.0,0.0040536242601559,0.1408986989338953
Vietnam,1981,0.1578981630850838,0.0004104,0.0,0.0043914262818356,0.0,0.0043914262818356,0.1626999893669195
Vietnam,1982,0.1652667440290544,0.0023598,0.0,0.004562033363492,0.0,0.004562033363492,0.1721885773925465
Vietnam,1983,0.165793071239338,0.0023598,0.0,0.0047292283035153,0.0,0.0047292283035153,0.1728820995428533
Vietnam,1984,0.1315818025709032,0.0021546,0.0,0.0049817267843667,0.0,0.0049817267843667,0.13871812935527
Vietnam,1985,0.1472137207163265,0.0014364,0.0,0.0051523338660231,0.0,0.0051523338660231,0.1538024545823497
Vietnam,1986,0.1611087590678139,0.0014364,0.0,0.0054048323468746,0.0,0.0054048323468746,0.1679499914146885
Vietnam,1987,0.1666351947757918,0.0014364,0.0,0.0056573308277261,0.01099,0.0056573308277261,0.184718925603518
Vietnam,1988,0.1594508283554205,0.0011286,0.0,0.006029254265737,0.0220400000000001,0.006029254265737,0.1886486826211577
Vietnam,1989,0.1351608276008317,0.0011286,0.0,0.0128228282572947,0.0659393442622954,0.0128228282572947,0.215051600120422
Vietnam,1990,0.1217658000991138,0.00144666,0.0,0.018190127046205,0.1138492459016399,0.018190127046205,0.2552518330469588
Vietnam,1991,0.136950340115796,0.00253422,0.0,0.0213736551899134,0.1694731475409845,0.0213736551899134,0.330331362846694
Vietnam,1992,0.1376871982101931,0.007608816,0.0,0.0244172855266635,0.2512560000000013,0.0244172855266635,0.420969299736858
Vietnam,1993,0.1467137098665571,0.009146585,0.0,0.0268399060861843,0.2776076502732255,0.0268399060861843,0.460307851225967
Vietnam,1994,0.1620298316858102,0.00914788,0.0,0.0311289681190261,0.3125193715847011,0.0311289681190261,0.5148260513895375
Vietnam,1995,0.2197416102934083,0.02597252,0.0,0.0357455957486483,0.3358390163934444,0.0357455957486483,0.6172987424355011
Vietnam,1996,0.2585056093307964,0.0303666622,0.0,0.0405635397346249,0.3867959781420785,0.0405635397346249,0.7162317894075
Vietnam,1997,0.2996907135354892,0.0084148582,0.0,0.0393761144462964,0.4444913989071062,0.0393761144462964,0.7919730850888919
Vietnam,1998,0.3071645599215165,0.025610438,0.0,0.0374789636982772,0.5490730054644838,0.0374789636982772,0.9193269670842776
Vietnam,1999,0.2534002353910454,0.03658634,0.0,0.0465279633093325,0.6688658251366156,0.0465279633093325,1.0053803638369936
Vietnam,2000,0.3055066292091231,0.042074291,0.0,0.0496534850452777,0.7153726338797852,0.0496534850452777,1.1126070391341862
Vietnam,2001,0.3525602818084781,0.047562242,0.0,0.0621385112808929,0.7357987759562881,0.0621385112808929,1.198059811045659
Vietnam,2002,0.4318251596771902,0.0826851284,0.0,0.0620975655812953,0.7300780109289656,0.0620975655812953,1.3066858645874513
Vietnam,2003,0.508274186970885,0.098783118,0.0,0.0647863331882001,0.7604478000983648,0.0647863331882001,1.43229143825745
Vietnam,2004,0.7197261437023265,0.10975902,0.0,0.0608043639023398,0.8064418054863431,0.0608043639023398,1.6967313330910094
Vietnam,2005,0.8972036790099608,0.14634536,0.0,0.0583289471513245,0.8071663968524633,0.0583289471513245,1.9090443830137485
Vietnam,2006,1.0204958280188972,0.208542138,0.0,0.0702933967785478,0.7954894121530096,0.0702933967785478,2.0948207749504544
Vietnam,2007,1.1179979437239365,0.215859406,0.0,0.0793931994983676,0.7037380684371621,0.0793931994983676,2.1169886176594663
Vietnam,2008,1.0467858721725636,0.2553726532,0.0,0.089226965683963,0.6806029672131183,0.089226965683963,2.071988458269645
Vietnam,2009,1.1599725387440545,0.2593971506,0.0,0.1030675655460156,0.7432239207650312,0.1030675655460156,2.2656611756551013
Vietnam,2010,1.179894023653289,0.300007988,0.0,0.0948440041977242,0.6713614576502768,0.0948440041977242,2.24610747350129
Vietnam,2011,1.2266318799264742,0.2820806814,0.0,0.1407235719515944,0.6780336762295117,0.1407235719515944,2.3274698095075803
Vietnam,2012,1.107471399518264,0.3043983488,0.0,0.1813392512085528,0.7436258715847034,0.1813392512085528,2.3368348711115203
Vietnam,2013,1.0435752761898336,0.3139107972,0.0,0.1788418386919272,0.7454098551912607,0.1788418386919272,2.2817377672730217
Vietnam,2014,1.081233988085626,0.3289111966,0.0,0.2061077620725347,0.6868099125683096,0.2061077620725347,2.30306285932647
Vietnam,2015,1.0964448444628223,0.3322039672,0.0,0.1933537517058735,0.7809849904371624,0.1933537517058735,2.4029875538058585
Vietnam,2016,1.0138904215298377,0.3293502569224,0.0,0.2326663878002512,0.7119417978142112,0.2326663878002512,2.2878488640667003
Vietnam,2017,1.0062586769807254,0.3404838562524,0.0,0.3086941100352798,0.6124686787231381,0.3086941100352798,2.267905321991543
Vietnam,2018,1.115381492212535,0.3474525801824,0.0,0.3029954900938779,0.5462288180543554,0.3029954900938779,2.3120583805431685
Vietnam,2019,1.202315562811371,0.3556231551768,0.0,0.2627021181431522,0.5045209025412373,0.2627021181431522,2.3251617386725605
Vietnam,2020,1.1551471625040652,0.3124004202592,0.0,0.3026582416647974,0.4431907475913308,0.3026582416647974,2.213396572019393
Vietnam,2021,1.259110407129441,0.2553568771992,0.0,0.3959882926619741,0.4218251403497289,0.3959882926619741,2.332280717340344
Vietnam,2022,1.1477584631836826,0.2808343601392,0.0,0.4860272406348621,0.411090239191259,0.4860272406348621,2.325710303149004
Vietnam,2023,1.2467124209186564,0.273663498416,0.0,0.5175303105312284,0.3972333359016414,0.5175303105312284,2.4351395657675265
Wake Island,1980,0.0,0.0,0.0,0.0,0.0,0.0,0.0
Wake Island,1981,0.0,0.0,0.0,0.0,0.0,0.0,0.0
Wake Island,1982,0.0,0.0,0.0,0.0,0.0,0.0,0.0
Wake Island,1983,0.0,0.0,0.0,0.0,0.0,0.0,0.0
Wake Island,1984,0.0,0.0,0.0,0.0,0.0,0.0,0.0
Wake Island,1985,0.0,0.0,0.0,0.0,0.0,0.0,0.0
Wake Island,1986,0.0,0.0,0.0,0.0,0.0,0.0,0.0
Wake Island,1987,0.0,0.0,0.0,0.0,0.0,0.0,0.0
Wake Island,1988,0.0,0.0,0.0,0.0,0.0,0.0,0.0
Wake Island,1989,0.0,0.0,0.0,0.0,0.0,0.0,0.0
Wake Island,1990,0.0,0.0,0.0,0.0,0.0,0.0,0.0
Wake Island,1991,0.0,0.0,0.0,0.0,0.0,0.0,0.0
Wake Island,1992,0.0,0.0,0.0,0.0,0.0,0.0,0.0
Wake Island,1993,0.0,0.0,0.0,0.0,0.0,0.0,0.0
Wake Island,1994,0.0,0.0,0.0,0.0,0.0,0.0,0.0
Wake Island,1995,0.0,0.0,0.0,0.0,0.0,0.0,0.0
Wake Island,1996,0.0,0.0,0.0,0.0,0.0,0.0,0.0
Wake Island,1997,0.0,0.0,0.0,0.0,0.0,0.0,0.0
Wake Island,1998,0.0,0.0,0.0,0.0,0.0,0.0,0.0
Wake Island,1999,0.0,0.0,0.0,0.0,0.0,0.0,0.0
Wake Island,2000,0.0,0.0,0.0,0.0,0.0,0.0,0.0
Wake Island,2001,0.0,0.0,0.0,0.0,0.0,0.0,0.0
Wake Island,2002,0.0,0.0,0.0,0.0,0.0,0.0,0.0
Wake Island,2003,0.0,0.0,0.0,0.0,0.0,0.0,0.0
Wake Island,2004,0.0,0.0,0.0,0.0,0.0,0.0,0.0
Wake Island,2005,0.0,0.0,0.0,0.0,0.0,0.0,0.0
Wake Island,2006,0.0,0.0,0.0,0.0,0.0,0.0,0.0
Wake Island,2007,0.0,0.0,0.0,0.0,0.0,0.0,0.0
Wake Island,2008,0.0,0.0,0.0,0.0,0.0,0.0,0.0
Wake Island,2009,0.0,0.0,0.0,0.0,0.0,0.0,0.0
Wake Island,2010,0.0,0.0,0.0,0.0,0.0,0.0,0.0
Wake Island,2011,0.0,0.0,0.0,0.0,0.0,0.0,0.0
Wake Island,2012,0.0,0.0,0.0,0.0,0.0,0.0,0.0
Wake Island,2013,0.0,0.0,0.0,0.0,0.0,0.0,0.0
Wake Island,2014,0.0,0.0,0.0,0.0,0.0,0.0,0.0
Wake Island,2015,0.0,0.0,0.0,0.0,0.0,0.0,0.0
Wake Island,2016,0.0,0.0,0.0,0.0,0.0,0.0,0.0
Wake Island,2017,0.0,0.0,0.0,0.0,0.0,0.0,0.0
Wake Island,2018,0.0,0.0,0.0,0.0,0.0,0.0,0.0
Wake Island,2019,0.0,0.0,0.0,0.0,0.0,0.0,0.0
Wake Island,2020,0.0,0.0,0.0,0.0,0.0,0.0,0.0
Wake Island,2021,0.0,0.0,0.0,0.0,0.0,0.0,0.0
Wake Island,2022,0.0,0.0,0.0,0.0,0.0,0.0,0.0
Wake Island,2023,0.0,0.0,0.0,0.0,0.0,0.0,0.0
Western Sahara,1980,0.0,0.0,0.0,0.0,0.0,0.0,0.0
Western Sahara,1981,0.0,0.0,0.0,0.0,0.0,0.0,0.0
Western Sahara,1982,0.0,0.0,0.0,0.0,0.0,0.0,0.0
Western Sahara,1983,0.0,0.0,0.0,0.0,0.0,0.0,0.0
Western Sahara,1984,0.0,0.0,0.0,0.0,0.0,0.0,0.0
Western Sahara,1985,0.0,0.0,0.0,0.0,0.0,0.0,0.0
Western Sahara,1986,0.0,0.0,0.0,0.0,0.0,0.0,0.0
Western Sahara,1987,0.0,0.0,0.0,0.0,0.0,0.0,0.0
Western Sahara,1988,0.0,0.0,0.0,0.0,0.0,0.0,0.0
Western Sahara,1989,0.0,0.0,0.0,0.0,0.0,0.0,0.0
Western Sahara,1990,0.0,0.0,0.0,0.0,0.0,0.0,0.0
Western Sahara,1991,0.0,0.0,0.0,0.0,0.0,0.0,0.0
Western Sahara,1992,0.0,0.0,0.0,0.0,0.0,0.0,0.0
Western Sahara,1993,0.0,0.0,0.0,0.0,0.0,0.0,0.0
Western Sahara,1994,0.0,0.0,0.0,0.0,0.0,0.0,0.0
Western Sahara,1995,0.0,0.0,0.0,0.0,0.0,0.0,0.0
Western Sahara,1996,0.0,0.0,0.0,0.0,0.0,0.0,0.0
Western Sahara,1997,0.0,0.0,0.0,0.0,0.0,0.0,0.0
Western Sahara,1998,0.0,0.0,0.0,0.0,0.0,0.0,0.0
Western Sahara,1999,0.0,0.0,0.0,0.0,0.0,0.0,0.0
Western Sahara,2000,0.0,0.0,0.0,0.0,0.0,0.0,0.0
Western Sahara,2001,0.0,0.0,0.0,0.0,0.0,0.0,0.0
Western Sahara,2002,0.0,0.0,0.0,0.0,0.0,0.0,0.0
Western Sahara,2003,0.0,0.0,0.0,0.0,0.0,0.0,0.0
Western Sahara,2004,0.0,0.0,0.0,0.0,0.0,0.0,0.0
Western Sahara,2005,0.0,0.0,0.0,0.0,0.0,0.0,0.0
Western Sahara,2006,0.0,0.0,0.0,0.0,0.0,0.0,0.0
Western Sahara,2007,0.0,0.0,0.0,0.0,0.0,0.0,0.0
Western Sahara,2008,0.0,0.0,0.0,0.0,0.0,0.0,0.0
Western Sahara,2009,0.0,0.0,0.0,0.0,0.0,0.0,0.0
Western Sahara,2010,0.0,0.0,0.0,0.0,0.0,0.0,0.0
Western Sahara,2011,0.0,0.0,0.0,0.0,0.0,0.0,0.0
Western Sahara,2012,0.0,0.0,0.0,0.0,0.0,0.0,0.0
Western Sahara,2013,0.0,0.0,0.0,0.0,0.0,0.0,0.0
Western Sahara,2014,0.0,0.0,0.0,0.0,0.0,0.0,0.0
Western Sahara,2015,0.0,0.0,0.0,0.0,0.0,0.0,0.0
Western Sahara,2016,0.0,0.0,0.0,0.0,0.0,0.0,0.0
Western Sahara,2017,0.0,0.0,0.0,0.0,0.0,0.0,0.0
Western Sahara,2018,0.0,0.0,0.0,0.0,0.0,0.0,0.0
Western Sahara,2019,0.0,0.0,0.0,0.0,0.0,0.0,0.0
Western Sahara,2020,0.0,0.0,0.0,0.0,0.0,0.0,0.0
Western Sahara,2021,0.0,0.0,0.0,0.0,0.0,0.0,0.0
Western Sahara,2022,0.0,0.0,0.0,0.0,0.0,0.0,0.0
Western Sahara,2023,0.0,0.0,0.0,0.0,0.0,0.0,0.0
World,1980,80.13993585720742,54.761045594,7.575901227970802,16.23993590598577,20.473757967,8.664034678014968,171.6146753241932
World,1981,80.49984399775882,55.573536747,8.527382587804034,17.413567646715954,20.412303121,8.886185058911918,173.89925151247476
World,1982,83.41680451705379,55.495522664,9.51382983625356,18.753454414942414,20.458149338,9.239624578688856,178.1239309339962
World,1983,83.70551668010604,56.115951591,10.726581364243431,20.55179310098879,20.528111329,9.825211736745354,180.90137270109483
World,1984,87.71181262502328,61.758597532,13.00519382917337,23.216758406633097,94.97200101778554,10.211564577459724,267.6591695814419
World,1985,91.69861988416324,64.124522824,15.308681909625198,25.64659728765457,93.84376630202506,10.337915378029372,275.3135062978429
World,1986,94.02717438093124,65.3286482,16.25970723143459,26.658049995771314,98.62215227718202,10.398342764336729,284.6360248538846
World,1987,96.24705318933243,68.456090111,17.65800877733016,28.07698962168939,98.6169700599548,10.41898084435923,291.3971029819766
World,1988,98.42161366443116,71.852937709,19.240301233048264,30.08714893259172,103.86972114278744,10.846847699543453,304.2314214488103
World,1989,99.65835758221036,74.275334695,19.752576070433182,30.827183949714996,106.690019728097,11.07460787928181,311.4508959550224
World,1990,99.08155702133232,75.71061055622445,20.37094119571121,31.35567248052022,110.57981001221466,10.98473128480901,316.72765007029165
World,1991,94.592771058,76.54630922805,21.20100520276355,32.4394808849241,113.0007382057956,11.23847568216055,316.5792993767697
World,1992,92.6555029085059,76.98422316215,21.29392005051108,32.75235925316404,134.82449739634342,11.458439202652963,337.21658272016333
World,1993,89.88727252006954,78.26171644017,22.02258186414548,33.90271319201654,134.6353362442224,11.880131327871068,336.6870383964785
World,1994,91.60894060516966,79.09593181919,22.42026782489464,34.584741373360494,138.7835802807809,12.164473548465851,344.0731940785011
World,1995,93.11002686265606,80.259389028885,23.272314307686223,35.99804358544564,141.28355163251717,12.725729277759417,350.6510111095038
World,1996,95.06906070292465,82.472672797445,24.123040615847437,37.09814818557395,144.8441639900665,12.975107569726518,359.4840456760101
World,1997,95.19968754222606,82.67449658445,23.89499132337984,37.142898530264745,149.2452830213394,13.247907206884902,364.2623656782802
World,1998,94.88017083506364,84.254563484725,24.322625147887557,37.45760487207246,151.32228030355648,13.134979724184907,367.9146194954176
World,1999,93.46379083172098,86.177673629795,25.095674473461862,38.4646583245022,148.13245712290117,13.368983851040335,366.23857990891935
World,2000,96.38139002563835,89.284232201125,25.666141946907576,39.23420850072729,152.87664180456392,13.568066553819715,377.7764725320546
World,2001,100.63896654022562,91.07169452946,26.39748998062402,39.58596025035755,152.6186413591494,13.188470269733536,383.91526267919255
World,2002,101.5076374307134,93.015439943915,26.687819049077262,40.301555780386174,151.6790418451009,13.61373673130891,386.5036750001155
World,2003,109.19184289102874,96.017745427345,26.311143398441097,40.22799888945909,159.60157176239736,13.91685549101799,405.0391589702302
World,2004,117.98426207547094,98.69077144902,27.26505783364225,42.18653765082778,166.1386247514141,14.921479817185537,425.0001959267328
World,2005,125.92607518444578,102.05366759534,27.321171774746844,43.14259014648831,168.50562690774703,15.821418371741467,439.6279598340211
World,2006,132.89298838371016,105.9648831963465,27.68657265216289,44.32392329699109,168.95709837515875,16.637350644828192,452.1388932522065
World,2007,138.82383258357655,108.24629312239315,27.17938989398965,44.706778658334265,168.97260194566374,17.527388764344607,460.7495063099677
World,2008,143.29310439489382,111.655585316465,27.06762588992495,46.14835492848377,172.0963668377197,19.080729038558815,473.1934114775623
World,2009,144.94781105668253,109.557474242312,26.70659892418398,46.647697789288415,169.06910264537973,19.94109886510444,470.22208573366265
World,2010,156.55912823717426,116.9456786391905,27.44284106839499,49.50056975032599,171.12291902819078,22.057728681931,494.1282956548815
World,2011,164.8489230544502,121.00264316649792,26.291400909842743,49.37011519641727,173.08519628754357,23.078714286574527,508.30687770490897
World,2012,169.67892044460214,123.53319087066691,24.5363898024264,48.74367448147497,177.77564445800132,24.20728467904857,519.7314302547453
World,2013,172.5145619443467,125.0319148566211,24.703320393984946,50.71796206103338,177.76066328842248,26.01464166704844,526.0251021504237
World,2014,172.50318583274296,126.99005268263716,25.2843133062374,52.67052840879333,182.35080032306277,27.386215102555923,534.5145672472362
World,2015,168.6703815782177,129.64451519214128,25.549742876122178,53.637205084721394,187.4925019277969,28.087462208599213,539.4446037828773
World,2016,158.56750878914605,130.87610482247993,25.94584669339173,55.77302002249747,188.55887693415823,29.82717332910574,533.7755105682817
World,2017,160.96451671300005,138.5107098199406,26.24296208216535,57.5980334238947,189.20947285065108,31.35507134172935,546.2827328074865
World,2018,168.53709071102236,145.2466644518561,26.7784032085436,60.18236073965488,193.57606338860563,33.403957531111274,567.542179291139
World,2019,173.77447077263784,149.7100607142621,27.878531593857137,62.83140234189071,192.435619502673,34.95287074803357,578.7515533314637
World,2020,165.74087680348845,145.8799502595929,26.93083181264637,63.04580217596524,179.5104568532038,36.11497036331888,554.1770860922504
World,2021,171.6376655478377,152.03025611880338,27.99580763104259,66.0646841039548,181.73558480402517,38.068876472912216,571.4681905746211
World,2022,175.14011939682985,152.85761575895688,26.88554942795203,67.4778481449524,190.4457003448437,40.592298717000375,585.9212836455828
World,2023,179.14888505834864,153.22035739566488,27.51207203265052,69.743179688002,193.3539721237492,42.23110765535148,595.4663942657647
Yemen,1980,0.0,0.0,0.0,0.0,0.0,0.0,0.0
Yemen,1981,0.0,0.0,0.0,0.0,0.0,0.0,0.0
Yemen,1982,0.0,0.0,0.0,0.0,0.0,0.0,0.0
Yemen,1983,0.0,0.0,0.0,0.0,0.0,0.0,0.0
Yemen,1984,0.0,0.0,0.0,0.0,0.0,0.0,0.0
Yemen,1985,0.0,0.0,0.0,0.0,0.0,0.0,0.0
Yemen,1986,0.0,0.0,0.0,0.0,0.0,0.0,0.0
Yemen,1987,0.0,0.0,0.0,0.0,0.0192432375,0.0,0.0192432375
Yemen,1988,0.0,0.0,0.0,0.0,0.3486270346936439,0.0,0.3486270346936439
Yemen,1989,0.0,0.0,0.0,0.0,0.4070187146907212,0.0,0.4070187146907212
Yemen,1990,0.0,0.0,0.0,0.0,0.4074360476923099,0.0,0.4074360476923099
Yemen,1991,0.0,0.0,0.0,0.0,0.4109284384615406,0.0,0.4109284384615406
Yemen,1992,0.0,0.0,0.0,0.0,0.3772354553846174,0.0,0.3772354553846174
Yemen,1993,0.0,0.0,0.0,0.0,0.4524420867692332,0.0,0.4524420867692332
Yemen,1994,0.0,0.0,0.0,0.0,0.7054772198353884,0.0,0.7054772198353884
Yemen,1995,0.0,0.0,0.0,0.0,0.7181870890123115,0.0,0.7181870890123115
Yemen,1996,0.0,0.0,0.0,0.0,0.7254250860572347,0.0,0.7254250860572347
Yemen,1997,0.0,0.0,0.0,0.0,0.7573164935923118,0.0,0.7573164935923118
Yemen,1998,0.0,0.0,0.0,0.0,0.7711051966292349,0.0,0.7711051966292349
Yemen,1999,0.0,0.0,0.0,0.0,0.8200583243030813,0.0,0.8200583243030813
Yemen,2000,0.0,0.0,0.0,0.0,0.9146609840913896,0.0,0.9146609840913896
Yemen,2001,0.0,0.0,0.0,0.0,0.916818073563082,0.0,0.916818073563082
Yemen,2002,0.0,0.0,0.0,0.0,0.9158281468116972,0.0,0.9158281468116972
Yemen,2003,0.0,0.0,0.0,0.0,0.9003997605833894,0.0,0.9003997605833894
Yemen,2004,0.0,0.0,0.0,0.0,0.8895809007781587,0.0,0.8895809007781587
Yemen,2005,0.0,0.0,0.0,0.0,0.8831304035003125,0.0,0.8831304035003125
Yemen,2006,0.0,0.0,0.0,0.0,0.8278639379021583,0.0,0.8278639379021583
Yemen,2007,0.0,0.0,0.0,0.0,0.7216859550175423,0.0,0.7216859550175423
Yemen,2008,0.0,0.0,0.0,0.0,0.6631453902489266,0.0,0.6631453902489266
Yemen,2009,0.0,0.0298870844999998,0.0,0.0,0.6341546479821573,0.0,0.6640417324821571
Yemen,2010,0.0,0.2386559448,0.0,6.8242832662e-06,0.6346115213975418,6.8242832662e-06,0.8732742904808082
Yemen,2011,0.0,0.359513763,0.0,6.8242832662e-06,0.4355966658489254,6.8242832662e-06,0.7951172531321917
Yemen,2012,0.0,0.2791968585,0.0,1.02364248993e-05,0.3487815851827711,1.02364248993e-05,0.6279886801076705
Yemen,2013,0.0,0.3939352935,0.0,1.70607081656e-05,0.384335749179079,1.70607081656e-05,0.7782881033872446
Yemen,2014,0.0,0.3556891485,0.0,3.41214163312e-05,0.2845771125916938,3.41214163312e-05,0.6403003825080251
Yemen,2015,0.0,0.1032645915,0.0,0.0003958084294428,0.0663740716920003,0.0003958084294428,0.1700344716214432
Yemen,2016,0.0,0.0186642233778,0.0,0.0005288819531348,0.0382846181538463,0.0005288819531348,0.0574777234847811
Yemen,2017,0.0,0.0110513831778,0.0,0.0006619554768268,0.0668706953846157,0.0006619554768268,0.0785840340392425
Yemen,2018,0.0,0.0034385429778,0.0,0.0016514765504339,0.0982163338461543,0.0016514765504339,0.1033063533743883
Yemen,2019,0.0,0.0003934068978,0.0,0.0016514765504339,0.1306012734492314,0.0016514765504339,0.1326461568974654
Yemen,2020,0.0,0.0003934068978,0.0,0.0016719494002326,0.1221128745538468,0.0016719494002326,0.1241782308518795
Yemen,2021,0.0,0.0003934068978,0.0,0.0017026586749308,0.1188127942861544,0.0017026586749308,0.1209088598588853
Yemen,2022,0.0,0.0003934068978,0.0,0.0017436043745283,0.1014858986338467,0.0017436043745283,0.103622909906175
Yemen,2023,0.0,0.0003934068978,0.0,0.0017743136492265,0.0313456384615386,0.0017743136492265,0.0335133590085651
Zambia,1980,0.013940887643917,0.0,0.0,0.0307433961144827,0.0,0.0307433961144827,0.0446842837583998
Zambia,1981,0.0124274456723715,0.0,0.0,0.0330158824421459,0.0,0.0330158824421459,0.0454433281145175
Zambia,1982,0.0148060259731261,0.0,0.0,0.0338245600091972,0.0,0.0338245600091972,0.0486305859823234
Zambia,1983,0.0110899360252601,0.0,0.0,0.0338825664169604,0.0,0.0338825664169604,0.0449725024422206
Zambia,1984,0.0125728906370535,0.0,0.0,0.0333809815968906,0.0,0.0333809815968906,0.0459538722339441
Zambia,1985,0.0124824796395664,0.0,0.0,0.0336164193695764,0.0,0.0336164193695764,0.0460988990091428
Zambia,1986,0.0135005194259679,0.0,0.0,0.0330807131331753,0.0,0.0330807131331753,0.0465812325591433
Zambia,1987,0.0113204862313438,0.0,0.0,0.0285016190615176,0.0,0.0285016190615176,0.0398221052928615
Zambia,1988,0.0128025363672021,0.0,0.0,0.0282900662802637,0.0,0.0282900662802637,0.0410926026474659
Zambia,1989,0.010036714609081,0.0,0.0,0.0228681732252234,0.0,0.0228681732252234,0.0329048878343044
Zambia,1990,0.0111567831457079,0.0,0.0,0.0263792669657121,0.0,0.0263792669657121,0.03753605011142
Zambia,1991,0.0122768516823347,0.0,0.0,0.026324672699582,0.0,0.026324672699582,0.0386015243819168
Zambia,1992,0.0126563424556359,0.0,0.0,0.0261472413346594,0.0,0.0261472413346594,0.0388035837902953
Zambia,1993,0.0152368405963649,0.0,0.0,0.0261574777595587,0.0,0.0261574777595587,0.0413943183559237
Zambia,1994,0.0131689801656333,0.0,0.0,0.026164302042825,0.0,0.026164302042825,0.0393332822084584
Zambia,1995,0.0073948380844317,0.0,0.0,0.0265874076053329,0.0,0.0265874076053329,0.0339822456897646
Zambia,1996,0.006399145439575,0.0,0.0,0.02403171352212,0.0,0.02403171352212,0.0304308589616951
Zambia,1997,0.0066964645540007,0.0,0.0,0.0266385897298298,0.0,0.0266385897298298,0.0333350542838306
Zambia,1998,0.0079906253962843,0.0,0.0,0.0254682251496669,0.0,0.0254682251496669,0.0334588505459513
Zambia,1999,0.0070802827249874,0.0,0.0,0.0260517013689318,0.0,0.0260517013689318,0.0331319840939193
Zambia,2000,0.0055537381821351,0.0,0.0,0.0261813627509906,0.0,0.0261813627509906,0.0317351009331258
Zambia,2001,0.0056543685147538,0.0,0.0,0.0269320339102788,0.0,0.0269320339102788,0.0325864024250327
Zambia,2002,0.0048073965485463,0.0,0.0,0.0276451715116025,0.0,0.0276451715116025,0.0324525680601488
Zambia,2003,0.0049016474161079,0.0,0.0,0.0281740534647374,0.0,0.0281740534647374,0.0330757008808453
Zambia,2004,0.0051678002169826,0.0,0.0,0.0288667182162623,0.0,0.0288667182162623,0.0340345184332449
Zambia,2005,0.0036672861741515,0.0,0.0,0.0303100541270754,0.0,0.0303100541270754,0.033977340301227
Zambia,2006,0.001564708767638,0.0,0.0,0.032991997450714,0.0,0.032991997450714,0.034556706218352
Zambia,2007,0.0003422800429208,0.0,0.0,0.0328623360686551,0.0,0.0328623360686551,0.033204616111576
Zambia,2008,8.55700107302e-05,0.0,0.0,0.0324904126306442,0.0,0.0324904126306442,0.0325759826413744
Zambia,2009,0.0,0.0,0.0,0.0337153714769371,0.0,0.0337153714769371,0.0337153714769371
Zambia,2010,0.0,0.0,0.0,0.03560569794169,0.0,0.03560569794169,0.03560569794169
Zambia,2011,0.0,0.0,0.0,0.0391816223732081,0.0,0.0391816223732081,0.0391816223732081
Zambia,2012,0.0022003717044909,0.0,0.0,0.04213994916913,0.0,0.04213994916913,0.044340320873621
Zambia,2013,0.0036477529650398,0.0,0.0,0.0453169942437354,0.0,0.0453169942437354,0.0489647472087752
Zambia,2014,0.0038932956138311,0.0,0.0,0.0485888720547124,0.0,0.0485888720547124,0.0524821676685435
Zambia,2015,0.0040218763480581,0.0,0.0,0.045174066311001,0.0,0.045174066311001,0.0491959426590592
Zambia,2016,0.008067354364426,0.0,0.0,0.0383175121052245,0.0,0.0383175121052245,0.0463848664696505
Zambia,2017,0.0196260500918597,0.0,0.0,0.0433344844525843,0.0,0.0433344844525843,0.0629605345444441
Zambia,2018,0.0289169711585265,0.0,0.0,0.0474169774110387,0.0,0.0474169774110387,0.0763339485695653
Zambia,2019,0.0245382145273037,0.0,0.0,0.0431216675188572,0.0,0.0431216675188572,0.0676598820461609
Zambia,2020,0.0274659561621727,0.0,0.0,0.0448206690419849,0.0,0.0448206690419849,0.0722866252041576
Zambia,2021,0.0270850883682212,0.0,0.0,0.0560228748295546,0.0,0.0560228748295546,0.0831079631977759
Zambia,2022,0.01942129708789,0.0,0.0,0.0594648002989671,0.0,0.0594648002989671,0.0788860973868571
Zambia,2023,0.0489172171573065,0.0,0.0,0.059476499784596,0.0,0.059476499784596,0.1083937169419026
Zimbabwe,1980,0.0683880603526619,0.0,0.0,0.0143149885169854,0.0,0.0143149885169854,0.0827030488696473
Zimbabwe,1981,0.0611242995928604,0.0,0.0,0.0146745377300969,0.0,0.0146745377300969,0.0757988373229574
Zimbabwe,1982,0.0640643934151752,0.0,0.0,0.0129548183470004,0.0,0.0129548183470004,0.0770192117621756
Zimbabwe,1983,0.0645585266385744,0.0,0.0,0.0133881603344077,0.0,0.0133881603344077,0.0779466869729822
Zimbabwe,1984,0.0671527270700286,0.0,0.0,0.0124587834685638,0.0,0.0124587834685638,0.0796115105385924
Zimbabwe,1985,0.076689501285045,0.0,0.0,0.0112385111055371,0.0,0.0112385111055371,0.0879280123905821
Zimbabwe,1986,0.0886228225973288,0.0,0.0,0.0114330031786254,0.0,0.0114330031786254,0.1000558257759542
Zimbabwe,1987,0.1201485324259362,0.0,0.0,0.0092424082501572,0.0,0.0092424082501572,0.1293909406760935
Zimbabwe,1988,0.1158248652643144,0.0,0.0,0.0098553194024871,0.0,0.0098553194024871,0.1256801846668016
Zimbabwe,1989,0.118394358832877,0.0,0.0,0.012275802162008,0.0,0.012275802162008,0.130670160994885
Zimbabwe,1990,0.1359853397155048,0.0,0.0,0.013582652407496,0.0,0.013582652407496,0.1495679921230008
Zimbabwe,1991,0.1387524832562272,0.0,0.0,0.0128149205400422,0.0,0.0128149205400422,0.1515674037962695
Zimbabwe,1992,0.1370724318207886,0.0,0.0,0.0106094027034084,0.0,0.0106094027034084,0.1476818345241971
Zimbabwe,1993,0.1305745858278421,0.0,0.0,0.0060258421241039,0.0,0.0060258421241039,0.136600427951946
Zimbabwe,1994,0.135120607359029,0.0,0.0,0.0055549665787322,0.0,0.0055549665787322,0.1406755739377613
Zimbabwe,1995,0.1147129237462007,0.0,0.0,0.006189624922494,0.0,0.006189624922494,0.1209025486686948
Zimbabwe,1996,0.1089809835547041,0.0,0.0,0.0073053952365269,0.0,0.0073053952365269,0.116286378791231
Zimbabwe,1997,0.0989500882195851,0.0,0.0,0.0071723217128349,0.0,0.0071723217128349,0.10612240993242
Zimbabwe,1998,0.1028537371431043,0.0,0.0,0.006349995579251,0.0,0.006349995579251,0.1092037327223554
Zimbabwe,1999,0.114292910887341,0.0,0.0,0.0099634535687335,0.0,0.0099634535687335,0.1242563644560746
Zimbabwe,2000,0.1087092105283832,0.0,0.0,0.0108983803762106,0.0,0.0108983803762106,0.1196075909045938
Zimbabwe,2001,0.1024090176454882,0.0,0.0,0.0101169999422243,0.0,0.0101169999422243,0.1125260175877126
Zimbabwe,2002,0.0978877027530577,0.0,0.0,0.0129968474805843,0.0,0.0129968474805843,0.1108845502336421
Zimbabwe,2003,0.0877085675854,0.0,0.0,0.0182344848874357,0.0,0.0182344848874357,0.1059430524728358
Zimbabwe,2004,0.0800742162096568,0.0,0.0,0.0187701911238367,0.0,0.0187701911238367,0.0988444073334936
Zimbabwe,2005,0.0894874455758645,0.0,0.0,0.0167706761268238,0.0,0.0167706761268238,0.1062581217026883
Zimbabwe,2006,0.0863991157313082,0.0,0.0,0.0191401714811932,0.0,0.0191401714811932,0.1055392872125014
Zimbabwe,2007,0.0832613726092389,0.0,0.0,0.0189902762592565,0.0,0.0189902762592565,0.1022516488684955
Zimbabwe,2008,0.0627301558026283,0.0,0.0,0.0202550027562479,0.0,0.0202550027562479,0.0829851585588763
Zimbabwe,2009,0.0411933787986303,0.0,0.0,0.0191798121266198,0.0,0.0191798121266198,0.0603731909252501
Zimbabwe,2010,0.0617715382188781,0.0,0.0,0.0204514205092684,0.0,0.0204514205092684,0.0822229587281465
Zimbabwe,2011,0.0633008791579024,0.0,0.0,0.0186651419633961,0.0,0.0186651419633961,0.0819660211212985
Zimbabwe,2012,0.0393724995222798,0.0,0.0,0.019533573610754,0.0,0.019533573610754,0.0589060731330338
Zimbabwe,2013,0.0769414144153396,0.0,0.0,0.018319131121572,0.0,0.018319131121572,0.0952605455369117
Zimbabwe,2014,0.1427646750621925,0.0,0.0,0.0195665637772942,0.0,0.0195665637772942,0.1623312388394867
Zimbabwe,2015,0.107103683762596,0.0,0.0,0.0183576536704467,0.0,0.0183576536704467,0.1254613374330427
Zimbabwe,2016,0.0667151956694915,0.0,0.0,0.0133837359496786,0.0,0.0133837359496786,0.0800989316191701
Zimbabwe,2017,0.0722828243465407,0.0,0.0,0.0160413815862467,0.0,0.0160413815862467,0.0883242059327874
Zimbabwe,2018,0.0826390624102164,0.0,0.0,0.020034218723216,0.0,0.020034218723216,0.1026732811334324
Zimbabwe,2019,0.0648524946919576,0.0,0.0,0.0170239030693108,0.0,0.0170239030693108,0.0818763977612684
Zimbabwe,2020,0.0668008880246529,0.0,0.0,0.0139329223357151,0.0,0.0139329223357151,0.0807338103603681
Zimbabwe,2021,0.0799658545131074,0.0,0.0,0.0230895642092591,0.0,0.0230895642092591,0.1030554187223665
Zimbabwe,2022,0.0889964220295799,0.0,0.0,0.0231003572029759,0.0,0.0231003572029759,0.1120967792325559
Zimbabwe,2023,0.0968871105868505,0.0,0.0,0.0219537619970441,0.0,0.0219537619970441,0.1188408725838947
